  0
SECTION
  2
HEADER
  9
$ACADVER
  1
AC1015
  9
$ACADMAINTVER
 70
     6
  9
$DWGCODEPAGE
  3
ANSI_1252
  9
$INSBASE
 10
0.0
 20
0.0
 30
0.0
  9
$EXTMIN
 10
-3.3464566929
 20
-3.3464566929
 30
0.0
  9
$EXTMAX
 10
3.4015748031
 20
3.3464566929
 30
0.0
  9
$LIMMIN
 10
0.0
 20
0.0
  9
$LIMMAX
 10
12.0
 20
9.0
  9
$ORTHOMODE
 70
     0
  9
$REGENMODE
 70
     1
  9
$FILLMODE
 70
     1
  9
$QTEXTMODE
 70
     0
  9
$MIRRTEXT
 70
     1
  9
$LTSCALE
 40
1.0
  9
$ATTMODE
 70
     1
  9
$TEXTSIZE
 40
0.125
  9
$TRACEWID
 40
0.05
  9
$TEXTSTYLE
  7
Standard
  9
$CLAYER
  8
0
  9
$CELTYPE
  6
ByLayer
  9
$CECOLOR
 62
   256
  9
$CELTSCALE
 40
1.0
  9
$DISPSILH
 70
     0
  9
$DIMSCALE
 40
1.0
  9
$DIMASZ
 40
0.13
  9
$DIMEXO
 40
0.0
  9
$DIMDLI
 40
0.38
  9
$DIMRND
 40
0.0
  9
$DIMDLE
 40
0.0
  9
$DIMEXE
 40
0.125
  9
$DIMTP
 40
0.0
  9
$DIMTM
 40
0.0
  9
$DIMTXT
 40
0.125
  9
$DIMCEN
 40
0.09
  9
$DIMTSZ
 40
0.0
  9
$DIMTOL
 70
     0
  9
$DIMLIM
 70
     0
  9
$DIMTIH
 70
     1
  9
$DIMTOH
 70
     1
  9
$DIMSE1
 70
     0
  9
$DIMSE2
 70
     0
  9
$DIMTAD
 70
     0
  9
$DIMZIN
 70
     1
  9
$DIMBLK
  1

  9
$DIMASO
 70
     1
  9
$DIMSHO
 70
     1
  9
$DIMPOST
  1

  9
$DIMAPOST
  1

  9
$DIMALT
 70
     0
  9
$DIMALTD
 70
     2
  9
$DIMALTF
 40
25.4
  9
$DIMLFAC
 40
1.0
  9
$DIMTOFL
 70
     0
  9
$DIMTVP
 40
0.0
  9
$DIMTIX
 70
     0
  9
$DIMSOXD
 70
     0
  9
$DIMSAH
 70
     0
  9
$DIMBLK1
  1

  9
$DIMBLK2
  1

  9
$DIMSTYLE
  2
Standard
  9
$DIMCLRD
 70
     0
  9
$DIMCLRE
 70
     0
  9
$DIMCLRT
 70
     0
  9
$DIMTFAC
 40
1.0
  9
$DIMGAP
 40
0.06
  9
$DIMJUST
 70
     0
  9
$DIMSD1
 70
     0
  9
$DIMSD2
 70
     0
  9
$DIMTOLJ
 70
     1
  9
$DIMTZIN
 70
     1
  9
$DIMALTZ
 70
     0
  9
$DIMALTTZ
 70
     0
  9
$DIMUPT
 70
     0
  9
$DIMDEC
 70
     2
  9
$DIMTDEC
 70
     2
  9
$DIMALTU
 70
     2
  9
$DIMALTTD
 70
     2
  9
$DIMTXSTY
  7
Standard
  9
$DIMAUNIT
 70
     0
  9
$DIMADEC
 70
     2
  9
$DIMALTRND
 40
0.0
  9
$DIMAZIN
 70
     0
  9
$DIMDSEP
 70
    46
  9
$DIMATFIT
 70
     3
  9
$DIMFRAC
 70
     0
  9
$DIMLDRBLK
  1

  9
$DIMLUNIT
 70
     2
  9
$DIMLWD
 70
    -2
  9
$DIMLWE
 70
    -2
  9
$DIMTMOVE
 70
     0
  9
$LUNITS
 70
     2
  9
$LUPREC
 70
     2
  9
$SKETCHINC
 40
0.1
  9
$FILLETRAD
 40
0.0
  9
$AUNITS
 70
     0
  9
$AUPREC
 70
     2
  9
$MENU
  1
.
  9
$ELEVATION
 40
0.0
  9
$PELEVATION
 40
0.0
  9
$THICKNESS
 40
0.0
  9
$LIMCHECK
 70
     0
  9
$CHAMFERA
 40
0.0
  9
$CHAMFERB
 40
0.0
  9
$CHAMFERC
 40
0.0
  9
$CHAMFERD
 40
0.0
  9
$SKPOLY
 70
     0
  9
$TDCREATE
 40
2460647.503038357
  9
$TDUCREATE
 40
2460647.753038357
  9
$TDUPDATE
 40
2460647.50309897
  9
$TDUUPDATE
 40
2460647.75309897
  9
$TDINDWG
 40
0.0000000116
  9
$TDUSRTIMER
 40
0.0000000116
  9
$USRTIMER
 70
     1
  9
$ANGBASE
 50
0.0
  9
$ANGDIR
 70
     0
  9
$PDMODE
 70
     0
  9
$PDSIZE
 40
-1.0
  9
$PLINEWID
 40
0.0
  9
$SPLFRAME
 70
     0
  9
$SPLINETYPE
 70
     6
  9
$SPLINESEGS
 70
     8
  9
$HANDSEED
  5
200E
  9
$SURFTAB1
 70
     6
  9
$SURFTAB2
 70
     6
  9
$SURFTYPE
 70
     6
  9
$SURFU
 70
     6
  9
$SURFV
 70
     6
  9
$UCSBASE
  2

  9
$UCSNAME
  2

  9
$UCSORG
 10
0.0
 20
0.0
 30
0.0
  9
$UCSXDIR
 10
1.0
 20
0.0
 30
0.0
  9
$UCSYDIR
 10
0.0
 20
1.0
 30
0.0
  9
$UCSORTHOREF
  2

  9
$UCSORTHOVIEW
 70
     0
  9
$UCSORGTOP
 10
0.0
 20
0.0
 30
0.0
  9
$UCSORGBOTTOM
 10
0.0
 20
0.0
 30
0.0
  9
$UCSORGLEFT
 10
0.0
 20
0.0
 30
0.0
  9
$UCSORGRIGHT
 10
0.0
 20
0.0
 30
0.0
  9
$UCSORGFRONT
 10
0.0
 20
0.0
 30
0.0
  9
$UCSORGBACK
 10
0.0
 20
0.0
 30
0.0
  9
$PUCSBASE
  2

  9
$PUCSNAME
  2

  9
$PUCSORG
 10
0.0
 20
0.0
 30
0.0
  9
$PUCSXDIR
 10
1.0
 20
0.0
 30
0.0
  9
$PUCSYDIR
 10
0.0
 20
1.0
 30
0.0
  9
$PUCSORTHOREF
  2

  9
$PUCSORTHOVIEW
 70
     0
  9
$PUCSORGTOP
 10
0.0
 20
0.0
 30
0.0
  9
$PUCSORGBOTTOM
 10
0.0
 20
0.0
 30
0.0
  9
$PUCSORGLEFT
 10
0.0
 20
0.0
 30
0.0
  9
$PUCSORGRIGHT
 10
0.0
 20
0.0
 30
0.0
  9
$PUCSORGFRONT
 10
0.0
 20
0.0
 30
0.0
  9
$PUCSORGBACK
 10
0.0
 20
0.0
 30
0.0
  9
$USERI1
 70
     0
  9
$USERI2
 70
     0
  9
$USERI3
 70
     0
  9
$USERI4
 70
     0
  9
$USERI5
 70
     0
  9
$USERR1
 40
0.0
  9
$USERR2
 40
0.0
  9
$USERR3
 40
0.0
  9
$USERR4
 40
0.0
  9
$USERR5
 40
0.0
  9
$WORLDVIEW
 70
     1
  9
$SHADEDGE
 70
     3
  9
$SHADEDIF
 70
    70
  9
$TILEMODE
 70
     1
  9
$MAXACTVP
 70
    64
  9
$PINSBASE
 10
0.0
 20
0.0
 30
0.0
  9
$PLIMCHECK
 70
     0
  9
$PEXTMIN
 10
1.0000000000E+20
 20
1.0000000000E+20
 30
1.0000000000E+20
  9
$PEXTMAX
 10
-1.0000000000E+20
 20
-1.0000000000E+20
 30
-1.0000000000E+20
  9
$PLIMMIN
 10
0.0
 20
0.0
  9
$PLIMMAX
 10
12.0
 20
9.0
  9
$UNITMODE
 70
     0
  9
$VISRETAIN
 70
     1
  9
$PLINEGEN
 70
     0
  9
$PSLTSCALE
 70
     1
  9
$TREEDEPTH
 70
  3020
  9
$CMLSTYLE
  2
Standard
  9
$CMLJUST
 70
     0
  9
$CMLSCALE
 40
1.0
  9
$PROXYGRAPHICS
 70
     1
  9
$MEASUREMENT
 70
     0
  9
$CELWEIGHT
370
    -1
  9
$ENDCAPS
280
     0
  9
$JOINSTYLE
280
     0
  9
$LWDISPLAY
290
     1
  9
$INSUNITS
 70
     1
  9
$HYPERLINKBASE
  1

  9
$STYLESHEET
  1

  9
$XEDIT
290
     1
  9
$CEPSNTYPE
380
     0
  9
$PSTYLEMODE
290
     1
  9
$FINGERPRINTGUID
  2
{a310a63b-534e-4ddc-8a33-1ded9ef80799}
  9
$VERSIONGUID
  2
{FAEB1C32-E019-11D5-929B-00C0DF256EC4}
  9
$EXTNAMES
290
     1
  9
$PSVPSCALE
 40
0.0
  9
$OLESTARTUP
290
     0
  0
ENDSEC
  0
SECTION
  2
CLASSES
  0
CLASS
  1
ACDBDICTIONARYWDFLT
  2
AcDbDictionaryWithDefault
  3
ObjectDBX Classes
 90
        0
280
     0
281
     0
  0
CLASS
  1
VISUALSTYLE
  2
AcDbVisualStyle
  3
ObjectDBX Classes
 90
     4095
280
     0
281
     0
  0
CLASS
  1
MATERIAL
  2
AcDbMaterial
  3
ObjectDBX Classes
 90
     1153
280
     0
281
     0
  0
CLASS
  1
SCALE
  2
AcDbScale
  3
ObjectDBX Classes
 90
     1153
280
     0
281
     0
  0
CLASS
  1
TABLESTYLE
  2
AcDbTableStyle
  3
ObjectDBX Classes
 90
     4095
280
     0
281
     0
  0
CLASS
  1
MLEADERSTYLE
  2
AcDbMLeaderStyle
  3
ACDB_MLEADERSTYLE_CLASS
 90
     4095
280
     0
281
     0
  0
CLASS
  1
SUN
  2
AcDbSun
  3
SCENEOE
 90
     1153
280
     0
281
     0
  0
CLASS
  1
ACDBPLACEHOLDER
  2
AcDbPlaceHolder
  3
ObjectDBX Classes
 90
        0
280
     0
281
     0
  0
CLASS
  1
LAYOUT
  2
AcDbLayout
  3
ObjectDBX Classes
 90
        0
280
     0
281
     0
  0
ENDSEC
  0
SECTION
  2
TABLES
  0
TABLE
  2
VPORT
  5
8
330
0
100
AcDbSymbolTable
 70
     1
  0
VPORT
  5
29
330
8
100
AcDbSymbolTableRecord
100
AcDbViewportTableRecord
  2
*Active
 70
     0
 10
0.0
 20
0.0
 11
1.0
 21
1.0
 12
0.0275590551
 22
0.0
 13
0.0
 23
0.0
 14
0.5
 24
0.5
 15
0.5
 25
0.5
 16
0.0
 26
0.0
 36
1.0
 17
0.0
 27
0.0
 37
0.0
 40
6.8267716535
 41
1.0082352941
 42
50.0
 43
0.0
 44
0.0
 50
0.0
 51
0.0
 71
     0
 72
   100
 73
     1
 74
     3
 75
     0
 76
     0
 77
     0
 78
     0
281
     0
 65
     1
110
0.0
120
0.0
130
0.0
111
1.0
121
0.0
131
0.0
112
0.0
122
1.0
132
0.0
 79
     0
146
0.0
  0
ENDTAB
  0
TABLE
  2
LTYPE
  5
5
330
0
100
AcDbSymbolTable
 70
     6
  0
LTYPE
  5
14
330
5
100
AcDbSymbolTableRecord
100
AcDbLinetypeTableRecord
  2
ByBlock
 70
     0
  3

 72
    65
 73
     0
 40
0.0
  0
LTYPE
  5
15
330
5
100
AcDbSymbolTableRecord
100
AcDbLinetypeTableRecord
  2
ByLayer
 70
     0
  3

 72
    65
 73
     0
 40
0.0
  0
LTYPE
  5
16
330
5
100
AcDbSymbolTableRecord
100
AcDbLinetypeTableRecord
  2
Continuous
 70
     0
  3
Solid line
 72
    65
 73
     0
 40
0.0
  0
LTYPE
  5
5E
330
5
100
AcDbSymbolTableRecord
100
AcDbLinetypeTableRecord
  2
HIDDEN
 70
     0
  3
Hidden __ __ __ __ __ __ __ __ __ __ __ __ __ __
 72
    65
 73
     2
 40
0.075
 49
0.05
 74
     0
 49
-0.025
 74
     0
  0
LTYPE
  5
5F
330
5
100
AcDbSymbolTableRecord
100
AcDbLinetypeTableRecord
  2
PHANTOM
 70
     0
  3
Phantom ______  __  __  ______  __  __  ______
 72
    65
 73
     6
 40
0.5
 49
0.25
 74
     0
 49
-0.05
 74
     0
 49
0.05
 74
     0
 49
-0.05
 74
     0
 49
0.05
 74
     0
 49
-0.05
 74
     0
  0
LTYPE
  5
60
330
5
100
AcDbSymbolTableRecord
100
AcDbLinetypeTableRecord
  2
CENTER
 70
     0
  3
Center ____ _ ____ _ ____ _ ____ _ ____ _ ____
 72
    65
 73
     4
 40
0.4
 49
0.25
 74
     0
 49
-0.05
 74
     0
 49
0.05
 74
     0
 49
-0.05
 74
     0
  0
LTYPE
  5
61
330
5
100
AcDbSymbolTableRecord
100
AcDbLinetypeTableRecord
  2
CENTERX2
 70
     0
  3
Center (2x) ________  __  ________  __  _____
 72
    65
 73
     4
 40
0.8
 49
0.5
 74
     0
 49
-0.1
 74
     0
 49
0.1
 74
     0
 49
-0.1
 74
     0
  0
LTYPE
  5
62
330
5
100
AcDbSymbolTableRecord
100
AcDbLinetypeTableRecord
  2
DOT2
 70
     0
  3
Dot (.5x) ........................................
 72
    65
 73
     2
 40
0.025
 49
0.0
 74
     0
 49
-0.025
 74
     0
  0
ENDTAB
  0
TABLE
  2
LAYER
  5
2
330
0
100
AcDbSymbolTable
 70
     1
  0
LAYER
  5
10
330
2
100
AcDbSymbolTableRecord
100
AcDbLayerTableRecord
  2
0
 70
     0
 62
     7
  6
Continuous
370
    -3
390
F
  0
ENDTAB
  0
TABLE
  2
STYLE
  5
3
330
0
100
AcDbSymbolTable
 70
     1
  0
STYLE
  5
11
330
3
100
AcDbSymbolTableRecord
100
AcDbTextStyleTableRecord
  2
Standard
 70
     0
 40
0.0
 41
1.0
 50
0.0
 71
     0
 42
0.125
  3
txt
  4

  0
ENDTAB
  0
TABLE
  2
VIEW
  5
6
330
0
100
AcDbSymbolTable
 70
     0
  0
ENDTAB
  0
TABLE
  2
UCS
  5
7
330
0
100
AcDbSymbolTable
 70
     0
  0
ENDTAB
  0
TABLE
  2
APPID
  5
9
330
0
100
AcDbSymbolTable
 70
     1
  0
APPID
  5
12
330
9
100
AcDbSymbolTableRecord
100
AcDbRegAppTableRecord
  2
ACAD
 70
     0
  0
ENDTAB
  0
TABLE
  2
DIMSTYLE
  5
A
330
0
100
AcDbSymbolTable
 70
     1
100
AcDbDimStyleTable
  0
DIMSTYLE
105
27
330
A
100
AcDbSymbolTableRecord
100
AcDbDimStyleTableRecord
  2
Standard
 70
     0
178
     0
340
11
  0
ENDTAB
  0
TABLE
  2
BLOCK_RECORD
  5
1
330
0
100
AcDbSymbolTable
 70
     1
  0
BLOCK_RECORD
  5
1F
330
1
100
AcDbSymbolTableRecord
100
AcDbBlockTableRecord
  2
*Model_Space
340
22
  0
BLOCK_RECORD
  5
1B
330
1
100
AcDbSymbolTableRecord
100
AcDbBlockTableRecord
  2
*Paper_Space
340
1E
  0
BLOCK_RECORD
  5
23
330
1
100
AcDbSymbolTableRecord
100
AcDbBlockTableRecord
  2
*Paper_Space0
340
26
  0
ENDTAB
  0
ENDSEC
  0
SECTION
  2
BLOCKS
  0
BLOCK
  5
20
330
1F
100
AcDbEntity
  8
0
100
AcDbBlockBegin
  2
*Model_Space
 70
     0
 10
0.0
 20
0.0
 30
0.0
  3
*Model_Space
  1

  0
ENDBLK
  5
21
330
1F
100
AcDbEntity
  8
0
100
AcDbBlockEnd
  0
BLOCK
  5
1C
330
1B
100
AcDbEntity
 67
     1
  8
0
100
AcDbBlockBegin
  2
*Paper_Space
 70
     0
 10
0.0
 20
0.0
 30
0.0
  3
*Paper_Space
  1

  0
ENDBLK
  5
1D
330
1B
100
AcDbEntity
 67
     1
  8
0
100
AcDbBlockEnd
  0
BLOCK
  5
24
330
23
100
AcDbEntity
  8
0
100
AcDbBlockBegin
  2
*Paper_Space0
 70
     0
 10
0.0
 20
0.0
 30
0.0
  3
*Paper_Space0
  1

  0
ENDBLK
  5
25
330
23
100
AcDbEntity
  8
0
100
AcDbBlockEnd
  0
ENDSEC
  0
SECTION
  2
ENTITIES
  0
SPLINE
  5
68
330
1F
100
AcDbEntity
  8
0
  6
Continuous
 62
     7
370
    25
100
AcDbSpline
210
0.0
220
0.0
230
1.0
 70
    24
 71
     3
 72
    14
 73
    10
 74
     0
 42
0.00000001
 43
0.00000001
 40
0.0
 40
0.0
 40
0.0
 40
0.0
 40
0.25
 40
0.25
 40
0.5
 40
0.5
 40
0.75
 40
0.75
 40
1.0
 40
1.0
 40
1.0
 40
1.0
 10
2.322956692913386
 20
3.328456692913385
 30
0.0
 10
2.322956692913386
 20
3.328456692988798
 30
0.0
 10
2.322956692913386
 20
3.327743359904754
 30
0.0
 10
2.322956692913386
 20
3.325125296889031
 30
0.0
 10
2.322956692913386
 20
3.323225734098012
 30
0.0
 10
2.322956692913386
 20
3.318872054299672
 30
0.0
 10
2.322956692913386
 20
3.316426529933464
 30
0.0
 10
2.322956692913386
 20
3.311804688097393
 30
0.0
 10
2.322956692913386
 20
3.309637492526705
 30
0.0
 10
2.322956692913386
 20
3.307971411416163
 30
0.0
  0
SPLINE
  5
6A
330
1F
100
AcDbEntity
  8
0
  6
Continuous
 62
     7
370
    25
100
AcDbSpline
210
0.0
220
0.0
230
1.0
 70
    24
 71
     3
 72
    16
 73
    12
 74
     0
 42
0.00000001
 43
0.00000001
 40
0.0
 40
0.0
 40
0.0
 40
0.0
 40
0.0832546888927979
 40
0.1656196881614403
 40
0.2501957898214657
 40
0.3722315909349545
 40
0.5001073586766266
 40
0.6221506294161392
 40
0.7500182343807902
 40
0.8728365901900899
 40
1.0
 40
1.0
 40
1.0
 40
1.0
 10
2.479956692913387
 20
3.328456692913386
 30
0.0
 10
2.479956692913386
 20
3.328410403535435
 30
0.0
 10
2.479956692913386
 20
3.328318319444517
 30
0.0
 10
2.479956692913386
 20
3.327602020672446
 30
0.0
 10
2.479956692913386
 20
3.326339518015169
 30
0.0
 10
2.479956692913385
 20
3.324213032698086
 30
0.0
 10
2.479956692913387
 20
3.321163869385017
 30
0.0
 10
2.479956692913384
 20
3.317679109766968
 30
0.0
 10
2.479956692913387
 20
3.314139313443316
 30
0.0
 10
2.479956692913386
 20
3.310691368642738
 30
0.0
 10
2.479956692913386
 20
3.3088885093983
 30
0.0
 10
2.479956692913386
 20
3.307971411591737
 30
0.0
  0
SPLINE
  5
6D
330
1F
100
AcDbEntity
  8
0
  6
Continuous
 62
     7
370
    25
100
AcDbSpline
210
0.0
220
0.0
230
1.0
 70
    24
 71
     3
 72
    14
 73
    10
 74
     0
 42
0.00000001
 43
0.00000001
 40
0.0
 40
0.0
 40
0.0
 40
0.0
 40
0.25
 40
0.25
 40
0.5
 40
0.5
 40
0.75
 40
0.75
 40
1.0
 40
1.0
 40
1.0
 40
1.0
 10
2.322956692913386
 20
-2.465058025592099
 30
0.0
 10
2.322956692913386
 20
-2.466724106680315
 30
0.0
 10
2.322956692913386
 20
-2.468891302214536
 30
0.0
 10
2.322956692913386
 20
-2.473513143980062
 30
0.0
 10
2.322956692913386
 20
-2.475958668312829
 30
0.0
 10
2.322956692913386
 20
-2.480312348080011
 30
0.0
 10
2.322956692913386
 20
-2.482211910873846
 30
0.0
 10
2.322956692913386
 20
-2.484829973947392
 30
0.0
 10
2.322956692913386
 20
-2.485543307086614
 30
0.0
 10
2.322956692913386
 20
-2.485543307086614
 30
0.0
  0
SPLINE
  5
6E
330
1F
100
AcDbEntity
  8
0
  6
Continuous
 62
     7
370
    25
100
AcDbSpline
210
0.0
220
0.0
230
1.0
 70
    24
 71
     3
 72
    16
 73
    12
 74
     0
 42
0.00000001
 43
0.00000001
 40
0.0
 40
0.0
 40
0.0
 40
0.0
 40
0.0832546716460325
 40
0.1656196676907825
 40
0.2501957823321247
 40
0.3722315834022975
 40
0.5001073510974198
 40
0.6221506217932842
 40
0.7500182267118404
 40
0.8728365693794707
 40
1.0
 40
1.0
 40
1.0
 40
1.0
 10
2.479956692913386
 20
-2.465058025768515
 30
0.0
 10
2.479956692913387
 20
-2.465644883909563
 30
0.0
 10
2.479956692913386
 20
-2.466812328911509
 30
0.0
 10
2.479956692913387
 20
-2.46891884137036
 30
0.0
 10
2.479956692913386
 20
-2.471521101376744
 30
0.0
 10
2.479956692913386
 20
-2.474711435490689
 30
0.0
 10
2.479956692913386
 20
-2.478146470326922
 30
0.0
 10
2.479956692913386
 20
-2.481261065338593
 30
0.0
 10
2.479956692913386
 20
-2.483617656454239
 30
0.0
 10
2.479956692913386
 20
-2.485261377897933
 30
0.0
 10
2.479956692913385
 20
-2.48544824798881
 30
0.0
 10
2.479956692913386
 20
-2.485543307086614
 30
0.0
  0
SPLINE
  5
5FB
330
1F
100
AcDbEntity
  8
0
  6
Continuous
 62
     7
370
    25
100
AcDbSpline
210
0.0
220
0.0
230
1.0
 70
     8
 71
     3
 72
    14
 73
    10
 74
     0
 42
0.00000001
 43
0.00000001
 40
0.0
 40
0.0
 40
0.0
 40
0.0
 40
0.25
 40
0.25
 40
0.5
 40
0.5
 40
0.75
 40
0.75
 40
1.0
 40
1.0
 40
1.0
 40
1.0
 10
-0.3217567635751456
 20
-2.006598562076368
 30
0.0
 10
-0.3201447968317038
 20
-2.012939171872671
 30
0.0
 10
-0.319794226473314
 20
-2.019598218230922
 30
0.0
 10
-0.3216774237993881
 20
-2.032547121824039
 30
0.0
 10
-0.3239103579387363
 20
-2.038830304800589
 30
0.0
 10
-0.3306125744678416
 20
-2.050067852181403
 30
0.0
 10
-0.3350842274654401
 20
-2.055015664529182
 30
0.0
 10
-0.3455874570642061
 20
-2.062818809576089
 30
0.0
 10
-0.3516135027124053
 20
-2.06567449777354
 30
0.0
 10
-0.3579596272598772
 20
-2.067265417438805
 30
0.0
  0
SPLINE
  5
5FC
330
1F
100
AcDbEntity
  8
0
  6
Continuous
 62
     7
370
    25
100
AcDbSpline
210
0.0
220
0.0
230
1.0
 70
     8
 71
     3
 72
    14
 73
    10
 74
     0
 42
0.00000001
 43
0.00000001
 40
0.0
 40
0.0
 40
0.0
 40
0.0
 40
0.25
 40
0.25
 40
0.5
 40
0.5
 40
0.75
 40
0.75
 40
1.0
 40
1.0
 40
1.0
 40
1.0
 10
1.095566071070523
 20
0.4028502568212709
 30
0.0
 10
1.097178037813964
 20
0.3965096470249662
 30
0.0
 10
1.097528608172354
 20
0.389850600666717
 30
0.0
 10
1.095645410846281
 20
0.3769016970735999
 30
0.0
 10
1.093412476706933
 20
0.3706185140970494
 30
0.0
 10
1.086710260177827
 20
0.3593809667162352
 30
0.0
 10
1.082238607180227
 20
0.3544331543684568
 30
0.0
 10
1.071735377581462
 20
0.3466300093215491
 30
0.0
 10
1.065709331933263
 20
0.3437743211240972
 30
0.0
 10
1.059363207385791
 20
0.3421834014588326
 30
0.0
  0
SPLINE
  5
5FD
330
1F
100
AcDbEntity
  8
0
  6
Continuous
 62
     7
370
    25
100
AcDbSpline
210
0.0
220
0.0
230
1.0
 70
     8
 71
     3
 72
    14
 73
    10
 74
     0
 42
0.00000001
 43
0.00000001
 40
0.0
 40
0.0
 40
0.0
 40
0.0
 40
0.25
 40
0.25
 40
0.5
 40
0.5
 40
0.75
 40
0.75
 40
1.0
 40
1.0
 40
1.0
 40
1.0
 10
-0.3217567635751462
 20
0.4028502568212711
 30
0.0
 10
-0.3201447968317047
 20
0.3965096470249665
 30
0.0
 10
-0.3197942264733137
 20
0.3898506006667176
 30
0.0
 10
-0.3216774237993887
 20
0.3769016970735998
 30
0.0
 10
-0.3239103579387367
 20
0.3706185140970494
 30
0.0
 10
-0.3306125744678422
 20
0.3593809667162352
 30
0.0
 10
-0.3350842274654406
 20
0.3544331543684567
 30
0.0
 10
-0.345587457064207
 20
0.346630009321549
 30
0.0
 10
-0.3516135027124067
 20
0.343774321124097
 30
0.0
 10
-0.3579596272598786
 20
0.3421834014588324
 30
0.0
  0
SPLINE
  5
5FE
330
1F
100
AcDbEntity
  8
0
  6
Continuous
 62
     7
370
    25
100
AcDbSpline
210
0.0
220
0.0
230
1.0
 70
     8
 71
     3
 72
    14
 73
    10
 74
     0
 42
0.00000001
 43
0.00000001
 40
0.0
 40
0.0
 40
0.0
 40
0.0
 40
0.25
 40
0.25
 40
0.5
 40
0.5
 40
0.75
 40
0.75
 40
1.0
 40
1.0
 40
1.0
 40
1.0
 10
1.095566071070523
 20
-2.006598562076365
 30
0.0
 10
1.097178037813964
 20
-2.012939171872669
 30
0.0
 10
1.097528608172356
 20
-2.019598218230919
 30
0.0
 10
1.095645410846281
 20
-2.032547121824039
 30
0.0
 10
1.093412476706933
 20
-2.038830304800589
 30
0.0
 10
1.086710260177827
 20
-2.050067852181403
 30
0.0
 10
1.082238607180229
 20
-2.055015664529182
 30
0.0
 10
1.071735377581463
 20
-2.062818809576089
 30
0.0
 10
1.065709331933263
 20
-2.06567449777354
 30
0.0
 10
1.059363207385791
 20
-2.067265417438805
 30
0.0
  0
SPLINE
  5
5FF
330
1F
100
AcDbEntity
  8
0
  6
Continuous
 62
     7
370
    25
100
AcDbSpline
210
0.0
220
0.0
230
1.0
 70
     8
 71
     3
 72
    10
 73
     6
 74
     0
 42
0.00000001
 43
0.00000001
 40
0.0
 40
0.0
 40
0.0
 40
0.0
 40
0.5
 40
0.5
 40
1.0
 40
1.0
 40
1.0
 40
1.0
 10
-0.3693881194657191
 20
-1.957775588015801
 30
0.0
 10
-0.3560741085432261
 20
-1.959801075879791
 30
0.0
 10
-0.3441531899022343
 20
-1.966299828338565
 30
0.0
 10
-0.3274223542716329
 20
-1.984232000006352
 30
0.0
 10
-0.3226241243276714
 20
-1.995570704380236
 30
0.0
 10
-0.3217567635751976
 20
-2.006598562076379
 30
0.0
  0
SPLINE
  5
600
330
1F
100
AcDbEntity
  8
0
  6
Continuous
 62
     7
370
    25
100
AcDbSpline
210
0.0
220
0.0
230
1.0
 70
     8
 71
     3
 72
    16
 73
    12
 74
     0
 42
0.00000001
 43
0.00000001
 40
0.0
 40
0.0
 40
0.0
 40
0.0
 40
0.1049206698974946
 40
0.2082171136975808
 40
0.3098960808118068
 40
0.4099645667082721
 40
0.5084363375181566
 40
0.6352841403681737
 40
0.7594769306796889
 40
0.8810302753949557
 40
1.0
 40
1.0
 40
1.0
 40
1.0
 10
-0.3267001291683861
 20
-1.965238564856379
 30
0.0
 10
-0.3280657100284476
 20
-1.964509416901502
 30
0.0
 10
-0.3307757318523688
 20
-1.963062408578246
 30
0.0
 10
-0.3349845259371717
 20
-1.96127166362541
 30
0.0
 10
-0.3392275200625438
 20
-1.959780577176654
 30
0.0
 10
-0.3434948251069024
 20
-1.958603420736172
 30
0.0
 10
-0.3481940192104381
 20
-1.957667923805701
 30
0.0
 10
-0.3533033900707495
 20
-1.956969328263632
 30
0.0
 10
-0.3587897521101054
 20
-1.956750212496713
 30
0.0
 10
-0.3641618014390092
 20
-1.956968288753778
 30
0.0
 10
-0.367658533708111
 20
-1.957508422240855
 30
0.0
 10
-0.3693881194657191
 20
-1.957775588015801
 30
0.0
  0
SPLINE
  5
601
330
1F
100
AcDbEntity
  8
0
  6
Continuous
 62
     7
370
    25
100
AcDbSpline
210
0.0
220
0.0
230
1.0
 70
     8
 71
     3
 72
    10
 73
     6
 74
     0
 42
0.00000001
 43
0.00000001
 40
0.0
 40
0.0
 40
0.0
 40
0.0
 40
0.4999999999999997
 40
0.4999999999999997
 40
1.0
 40
1.0
 40
1.0
 40
1.0
 10
-0.3010827610340616
 20
-2.018897537093484
 30
0.0
 10
-0.3010822512845103
 20
-2.00865263035405
 30
0.0
 10
-0.3034009573794793
 20
-1.998413938307638
 30
0.0
 10
-0.312229582691534
 20
-1.979921542300288
 30
0.0
 10
-0.3187350963759264
 20
-1.97168292121348
 30
0.0
 10
-0.3267001291683854
 20
-1.96523856485638
 30
0.0
  0
SPLINE
  5
602
330
1F
100
AcDbEntity
  8
0
  6
Continuous
 62
     7
370
    25
100
AcDbSpline
210
0.0
220
0.0
230
1.0
 70
     8
 71
     3
 72
    14
 73
    10
 74
     0
 42
0.00000001
 43
0.00000001
 40
0.0
 40
0.0
 40
0.0
 40
0.0
 40
0.25
 40
0.25
 40
0.5
 40
0.5
 40
0.75
 40
0.75
 40
1.0
 40
1.0
 40
1.0
 40
1.0
 10
-0.3700791559487029
 20
-2.087884009142502
 30
0.0
 10
-0.3610484625274727
 20
-2.087883210316331
 30
0.0
 10
-0.352021254352712
 20
-2.086091627839079
 30
0.0
 10
-0.3353333016844717
 20
-2.07918186142735
 30
0.0
 10
-0.3276795128826179
 20
-2.074068954722209
 30
0.0
 10
-0.3149086701138056
 20
-2.061296063291221
 30
0.0
 10
-0.3097956242152246
 20
-2.053643180861091
 30
0.0
 10
-0.3028802934799222
 20
-2.036956542432273
 30
0.0
 10
-0.3010830979602869
 20
-2.027928799765599
 30
0.0
 10
-0.3010827610340616
 20
-2.018897537093484
 30
0.0
  0
SPLINE
  5
603
330
1F
100
AcDbEntity
  8
0
  6
Continuous
 62
     7
370
    25
100
AcDbSpline
210
0.0
220
0.0
230
1.0
 70
     8
 71
     3
 72
    14
 73
    10
 74
     0
 42
0.00000001
 43
0.00000001
 40
0.0
 40
0.0
 40
0.0
 40
0.0
 40
0.25
 40
0.25
 40
0.5
 40
0.5
 40
0.75
 40
0.75
 40
1.0
 40
1.0
 40
1.0
 40
1.0
 10
-0.4390729053231281
 20
-2.018897781885117
 30
0.0
 10
-0.4390718510760842
 20
-2.02792881425542
 30
0.0
 10
-0.4372752815157749
 20
-2.036956084422681
 30
0.0
 10
-0.4303611128978342
 20
-2.053642739062957
 30
0.0
 10
-0.4252482130320916
 20
-2.061295701015045
 30
0.0
 10
-0.4124777208185673
 20
-2.074068229955494
 30
0.0
 10
-0.4048241873311237
 20
-2.079181905332174
 30
0.0
 10
-0.3881363660438442
 20
-2.086090184450369
 30
0.0
 10
-0.3791097898629117
 20
-2.087885825331802
 30
0.0
 10
-0.3700791559487029
 20
-2.087884009142502
 30
0.0
  0
SPLINE
  5
604
330
1F
100
AcDbEntity
  8
0
  6
Continuous
 62
     7
370
    25
100
AcDbSpline
210
0.0
220
0.0
230
1.0
 70
     8
 71
     3
 72
    14
 73
    10
 74
     0
 42
0.00000001
 43
0.00000001
 40
0.0
 40
0.0
 40
0.0
 40
0.0
 40
0.25
 40
0.25
 40
0.5
 40
0.5
 40
0.75
 40
0.75
 40
1.0
 40
1.0
 40
1.0
 40
1.0
 10
-0.3700787401565159
 20
-1.949897637795201
 30
0.0
 10
-0.3791109549651285
 20
-1.949898898283371
 30
0.0
 10
-0.3881387223461897
 20
-1.951696307292104
 30
0.0
 10
-0.4048281695628362
 20
-1.958606685482834
 30
0.0
 10
-0.4124823501374208
 20
-1.963721496550296
 30
0.0
 10
-0.4252506579361392
 20
-1.976498149345261
 30
0.0
 10
-0.430366021046139
 20
-1.984150188903596
 30
0.0
 10
-0.4372784186729
 20
-2.000838596877882
 30
0.0
 10
-0.4390740442755151
 20
-2.009866705386896
 30
0.0
 10
-0.4390729053231281
 20
-2.018897781885117
 30
0.0
  0
SPLINE
  5
606
330
1F
100
AcDbEntity
  8
0
  6
Continuous
 62
     7
370
    25
100
AcDbSpline
210
0.0
220
0.0
230
1.0
 70
     8
 71
     3
 72
    10
 73
     6
 74
     0
 42
0.00000001
 43
0.00000001
 40
0.0
 40
0.0
 40
0.0
 40
0.0
 40
0.5
 40
0.5
 40
1.0
 40
1.0
 40
1.0
 40
1.0
 10
1.04793471517995
 20
0.4516732308818374
 30
0.0
 10
1.06124872610237
 20
0.4496477430178525
 30
0.0
 10
1.073169644743432
 20
0.4431489905590754
 30
0.0
 10
1.089900480374034
 20
0.4252168188912867
 30
0.0
 10
1.094698710317996
 20
0.4138781145174041
 30
0.0
 10
1.095566071070471
 20
0.4028502568212597
 30
0.0
  0
SPLINE
  5
607
330
1F
100
AcDbEntity
  8
0
  6
Continuous
 62
     7
370
    25
100
AcDbSpline
210
0.0
220
0.0
230
1.0
 70
     8
 71
     3
 72
    16
 73
    12
 74
     0
 42
0.00000001
 43
0.00000001
 40
0.0
 40
0.0
 40
0.0
 40
0.0
 40
0.1049206698976484
 40
0.2082171136978672
 40
0.3098960808121845
 40
0.4099645667087291
 40
0.508436337518654
 40
0.6352841403684928
 40
0.7594769306798279
 40
0.8810302824935277
 40
1.0
 40
1.0
 40
1.0
 40
1.0
 10
1.090622705477282
 20
0.4442102540412589
 30
0.0
 10
1.08925712461722
 20
0.4449394019961373
 30
0.0
 10
1.086547102793297
 20
0.4463864103193932
 30
0.0
 10
1.082338308708494
 20
0.4481771552722299
 30
0.0
 10
1.078095314583121
 20
0.4496682417209866
 30
0.0
 10
1.073828009538763
 20
0.4508453981614601
 30
0.0
 10
1.069128815435235
 20
0.4517808950919575
 30
0.0
 10
1.064019444574921
 20
0.4524794906338924
 30
0.0
 10
1.0585330824311
 20
0.4526986064054712
 30
0.0
 10
1.053161033101988
 20
0.4524805301341706
 30
0.0
 10
1.049664300833872
 20
0.4519403966429117
 30
0.0
 10
1.04793471517995
 20
0.4516732308818374
 30
0.0
  0
SPLINE
  5
608
330
1F
100
AcDbEntity
  8
0
  6
Continuous
 62
     7
370
    25
100
AcDbSpline
210
0.0
220
0.0
230
1.0
 70
     8
 71
     3
 72
    10
 73
     6
 74
     0
 42
0.00000001
 43
0.00000001
 40
0.0
 40
0.0
 40
0.0
 40
0.0
 40
0.5
 40
0.5
 40
1.0
 40
1.0
 40
1.0
 40
1.0
 10
1.116240073611607
 20
0.3905512818041545
 30
0.0
 10
1.116240583361158
 20
0.4007961885435883
 30
0.0
 10
1.113921877266191
 20
0.4110348805900007
 30
0.0
 10
1.105093251954134
 20
0.4295272765973512
 30
0.0
 10
1.098587738269742
 20
0.4377658976841599
 30
0.0
 10
1.090622705477282
 20
0.4442102540412588
 30
0.0
  0
SPLINE
  5
609
330
1F
100
AcDbEntity
  8
0
  6
Continuous
 62
     7
370
    25
100
AcDbSpline
210
0.0
220
0.0
230
1.0
 70
     8
 71
     3
 72
    14
 73
    10
 74
     0
 42
0.00000001
 43
0.00000001
 40
0.0
 40
0.0
 40
0.0
 40
0.0
 40
0.25
 40
0.25
 40
0.5
 40
0.5
 40
0.75
 40
0.75
 40
1.0
 40
1.0
 40
1.0
 40
1.0
 10
1.047243678696966
 20
0.3215648097551363
 30
0.0
 10
1.056274372118196
 20
0.3215656085813061
 30
0.0
 10
1.065301580292957
 20
0.3233571910585585
 30
0.0
 10
1.081989532961197
 20
0.330266957470287
 30
0.0
 10
1.089643321763051
 20
0.3353798641754299
 30
0.0
 10
1.102414164531863
 20
0.348152755606418
 30
0.0
 10
1.107527210430444
 20
0.3558056380365485
 30
0.0
 10
1.114442541165746
 20
0.3724922764653665
 30
0.0
 10
1.116239736685382
 20
0.3815200191320396
 30
0.0
 10
1.116240073611607
 20
0.3905512818041545
 30
0.0
  0
SPLINE
  5
60A
330
1F
100
AcDbEntity
  8
0
  6
Continuous
 62
     7
370
    25
100
AcDbSpline
210
0.0
220
0.0
230
1.0
 70
     8
 71
     3
 72
    14
 73
    10
 74
     0
 42
0.00000001
 43
0.00000001
 40
0.0
 40
0.0
 40
0.0
 40
0.0
 40
0.25
 40
0.25
 40
0.5
 40
0.5
 40
0.75
 40
0.75
 40
1.0
 40
1.0
 40
1.0
 40
1.0
 10
0.9782499293225403
 20
0.3905510370125212
 30
0.0
 10
0.9782509835695837
 20
0.3815200046422176
 30
0.0
 10
0.9800475531298931
 20
0.3724927344749586
 30
0.0
 10
0.9869617217478348
 20
0.355806079834682
 30
0.0
 10
0.9920746216135776
 20
0.348153117882594
 30
0.0
 10
1.004845113827102
 20
0.3353805889421429
 30
0.0
 10
1.012498647314545
 20
0.3302669135654635
 30
0.0
 10
1.029186468601824
 20
0.3233586344472709
 30
0.0
 10
1.038213044782757
 20
0.3215629935658373
 30
0.0
 10
1.047243678696966
 20
0.3215648097551363
 30
0.0
  0
SPLINE
  5
60B
330
1F
100
AcDbEntity
  8
0
  6
Continuous
 62
     7
370
    25
100
AcDbSpline
210
0.0
220
0.0
230
1.0
 70
     8
 71
     3
 72
    14
 73
    10
 74
     0
 42
0.00000001
 43
0.00000001
 40
0.0
 40
0.0
 40
0.0
 40
0.0
 40
0.25
 40
0.25
 40
0.5
 40
0.5
 40
0.75
 40
0.75
 40
1.0
 40
1.0
 40
1.0
 40
1.0
 10
1.047244094489152
 20
0.4595511811024383
 30
0.0
 10
1.038211879680539
 20
0.4595499206142666
 30
0.0
 10
1.029184112299478
 20
0.4577525116055318
 30
0.0
 10
1.012494665082832
 20
0.4508421334148025
 30
0.0
 10
1.004840484508247
 20
0.4457273223473415
 30
0.0
 10
0.992072176709529
 20
0.4329506695523787
 30
0.0
 10
0.9869568135995288
 20
0.4252986299940431
 30
0.0
 10
0.9800444159727679
 20
0.4086102220197574
 30
0.0
 10
0.9782487903701538
 20
0.3995821135107425
 30
0.0
 10
0.9782499293225403
 20
0.3905510370125212
 30
0.0
  0
SPLINE
  5
60D
330
1F
100
AcDbEntity
  8
0
  6
Continuous
 62
     7
370
    25
100
AcDbSpline
210
0.0
220
0.0
230
1.0
 70
     8
 71
     3
 72
     8
 73
     4
 74
     0
 42
0.00000001
 43
0.00000001
 40
0.0
 40
0.0
 40
0.0
 40
0.0
 40
1.0
 40
1.0
 40
1.0
 40
1.0
 10
-0.3863450897810998
 20
0.3234959361925133
 30
0.0
 10
-0.3810265410963715
 20
0.3222023928322018
 30
0.0
 10
-0.3755530057307698
 20
0.3215543053552333
 30
0.0
 10
-0.3700787433136742
 20
0.3215511811041442
 30
0.0
  0
SPLINE
  5
60E
330
1F
100
AcDbEntity
  8
0
  6
Continuous
 62
     7
370
    25
100
AcDbSpline
210
0.0
220
0.0
230
1.0
 70
     8
 71
     3
 72
    10
 73
     6
 74
     0
 42
0.00000001
 43
0.00000001
 40
0.0
 40
0.0
 40
0.0
 40
0.0
 40
0.5
 40
0.5
 40
1.0
 40
1.0
 40
1.0
 40
1.0
 10
-0.3693881194657195
 20
0.4516732308818369
 30
0.0
 10
-0.3560741085432269
 20
0.4496477430178485
 30
0.0
 10
-0.3441531899022357
 20
0.4431489905590734
 30
0.0
 10
-0.3274223542716339
 20
0.4252168188912855
 30
0.0
 10
-0.3226241243276723
 20
0.4138781145174039
 30
0.0
 10
-0.3217567635751981
 20
0.4028502568212603
 30
0.0
  0
SPLINE
  5
60F
330
1F
100
AcDbEntity
  8
0
  6
Continuous
 62
     7
370
    25
100
AcDbSpline
210
0.0
220
0.0
230
1.0
 70
     8
 71
     3
 72
    16
 73
    12
 74
     0
 42
0.00000001
 43
0.00000001
 40
0.0
 40
0.0
 40
0.0
 40
0.0
 40
0.1049206698977442
 40
0.2082171136980317
 40
0.3098960808124105
 40
0.4099645667089715
 40
0.5084363375189183
 40
0.6352841403695376
 40
0.7594769306810903
 40
0.8810302867959738
 40
0.9999999999999999
 40
0.9999999999999999
 40
0.9999999999999999
 40
0.9999999999999999
 10
-0.326700129168387
 20
0.4442102540412589
 30
0.0
 10
-0.3280657100284497
 20
0.4449394019961379
 30
0.0
 10
-0.330775731852373
 20
0.4463864103193945
 30
0.0
 10
-0.3349845259371774
 20
0.4481771552722313
 30
0.0
 10
-0.33922752006255
 20
0.4496682417209888
 30
0.0
 10
-0.3434948251069083
 20
0.4508453981614582
 30
0.0
 10
-0.3481940192104439
 20
0.4517808950919716
 30
0.0
 10
-0.353303390070778
 20
0.4524794906338382
 30
0.0
 10
-0.3587897522779166
 20
0.4526986064082367
 30
0.0
 10
-0.3641618016071421
 20
0.4524805301283039
 30
0.0
 10
-0.367658533874642
 20
0.4519403966345064
 30
0.0
 10
-0.3693881194657195
 20
0.4516732308818369
 30
0.0
  0
SPLINE
  5
610
330
1F
100
AcDbEntity
  8
0
  6
Continuous
 62
     7
370
    25
100
AcDbSpline
210
0.0
220
0.0
230
1.0
 70
     8
 71
     3
 72
    10
 73
     6
 74
     0
 42
0.00000001
 43
0.00000001
 40
0.0
 40
0.0
 40
0.0
 40
0.0
 40
0.5
 40
0.5
 40
1.0
 40
1.0
 40
1.0
 40
1.0
 10
-0.301082761034062
 20
0.3905512818041543
 30
0.0
 10
-0.3010822512845107
 20
0.4007961885435877
 30
0.0
 10
-0.3034009573794797
 20
0.4110348805899999
 30
0.0
 10
-0.3122295826915348
 20
0.4295272765973512
 30
0.0
 10
-0.3187350963759274
 20
0.43776589768416
 30
0.0
 10
-0.3267001291683869
 20
0.4442102540412589
 30
0.0
  0
SPLINE
  5
611
330
1F
100
AcDbEntity
  8
0
  6
Continuous
 62
     7
370
    25
100
AcDbSpline
210
0.0
220
0.0
230
1.0
 70
     8
 71
     3
 72
    14
 73
    10
 74
     0
 42
0.00000001
 43
0.00000001
 40
0.0
 40
0.0
 40
0.0
 40
0.0
 40
0.2499999999999999
 40
0.2499999999999999
 40
0.4999999999999998
 40
0.4999999999999998
 40
0.7499999999999997
 40
0.7499999999999997
 40
1.0
 40
1.0
 40
1.0
 40
1.0
 10
-0.3700791559487035
 20
0.3215648097551363
 30
0.0
 10
-0.3610484625274732
 20
0.3215656085813063
 30
0.0
 10
-0.3520212543527126
 20
0.3233571910585587
 30
0.0
 10
-0.3353333016844722
 20
0.3302669574702868
 30
0.0
 10
-0.3276795128826189
 20
0.33537986417543
 30
0.0
 10
-0.3149086701138057
 20
0.3481527556064176
 30
0.0
 10
-0.3097956242152252
 20
0.3558056380365482
 30
0.0
 10
-0.3028802934799223
 20
0.3724922764653661
 30
0.0
 10
-0.3010830979602874
 20
0.3815200191320395
 30
0.0
 10
-0.301082761034062
 20
0.3905512818041543
 30
0.0
  0
SPLINE
  5
612
330
1F
100
AcDbEntity
  8
0
  6
Continuous
 62
     7
370
    25
100
AcDbSpline
210
0.0
220
0.0
230
1.0
 70
     8
 71
     3
 72
    14
 73
    10
 74
     0
 42
0.00000001
 43
0.00000001
 40
0.0
 40
0.0
 40
0.0
 40
0.0
 40
0.25
 40
0.25
 40
0.5
 40
0.5
 40
0.75
 40
0.75
 40
1.0
 40
1.0
 40
1.0
 40
1.0
 10
-0.4390729053231293
 20
0.3905510370125208
 30
0.0
 10
-0.4390718510760855
 20
0.3815200046422171
 30
0.0
 10
-0.4372752815157757
 20
0.372492734474958
 30
0.0
 10
-0.4303611128978345
 20
0.3558060798346819
 30
0.0
 10
-0.425248213032092
 20
0.3481531178825938
 30
0.0
 10
-0.4124777208185677
 20
0.3353805889421426
 30
0.0
 10
-0.404824187331124
 20
0.3302669135654636
 30
0.0
 10
-0.3881363660438446
 20
0.3233586344472709
 30
0.0
 10
-0.3791097898629126
 20
0.3215629935658371
 30
0.0
 10
-0.3700791559487035
 20
0.3215648097551363
 30
0.0
  0
SPLINE
  5
613
330
1F
100
AcDbEntity
  8
0
  6
Continuous
 62
     7
370
    25
100
AcDbSpline
210
0.0
220
0.0
230
1.0
 70
     8
 71
     3
 72
    14
 73
    10
 74
     0
 42
0.00000001
 43
0.00000001
 40
0.0
 40
0.0
 40
0.0
 40
0.0
 40
0.25
 40
0.25
 40
0.5
 40
0.5
 40
0.75
 40
0.75
 40
1.0
 40
1.0
 40
1.0
 40
1.0
 10
-0.3700787401565177
 20
0.4595511811024381
 30
0.0
 10
-0.3791109549651299
 20
0.4595499206142666
 30
0.0
 10
-0.3881387223461913
 20
0.4577525116055319
 30
0.0
 10
-0.404828169562838
 20
0.4508421334148025
 30
0.0
 10
-0.412482350137423
 20
0.4457273223473415
 30
0.0
 10
-0.4252506579361405
 20
0.4329506695523788
 30
0.0
 10
-0.4303660210461402
 20
0.4252986299940427
 30
0.0
 10
-0.4372784186729014
 20
0.4086102220197572
 30
0.0
 10
-0.4390740442755162
 20
0.399582113510742
 30
0.0
 10
-0.4390729053231293
 20
0.3905510370125208
 30
0.0
  0
SPLINE
  5
616
330
1F
100
AcDbEntity
  8
0
  6
Continuous
 62
     7
370
    25
100
AcDbSpline
210
0.0
220
0.0
230
1.0
 70
     8
 71
     3
 72
    10
 73
     6
 74
     0
 42
0.00000001
 43
0.00000001
 40
0.0
 40
0.0
 40
0.0
 40
0.0
 40
0.5
 40
0.5
 40
1.0
 40
1.0
 40
1.0
 40
1.0
 10
1.047934715179952
 20
-1.957775588015801
 30
0.0
 10
1.061248726102401
 20
-1.959801075879789
 30
0.0
 10
1.073169644743433
 20
-1.966299828338562
 30
0.0
 10
1.089900480374035
 20
-1.984232000006351
 30
0.0
 10
1.094698710317998
 20
-1.99557070438023
 30
0.0
 10
1.095566071070472
 20
-2.006598562076375
 30
0.0
  0
SPLINE
  5
617
330
1F
100
AcDbEntity
  8
0
  6
Continuous
 62
     7
370
    25
100
AcDbSpline
210
0.0
220
0.0
230
1.0
 70
     8
 71
     3
 72
    10
 73
     6
 74
     0
 42
0.00000001
 43
0.00000001
 40
0.0
 40
0.0
 40
0.0
 40
0.0
 40
0.5
 40
0.5
 40
1.0
 40
1.0
 40
1.0
 40
1.0
 10
1.090622705477472
 20
-1.965238564856567
 30
0.0
 10
1.083816972596696
 20
-1.961421138775448
 30
0.0
 10
1.076543429491548
 20
-1.958897573385977
 30
0.0
 10
1.062011046272803
 20
-1.956459704521459
 30
0.0
 10
1.054755672549044
 20
-1.956538982198771
 30
0.0
 10
1.047934715179952
 20
-1.957775588015801
 30
0.0
  0
SPLINE
  5
618
330
1F
100
AcDbEntity
  8
0
  6
Continuous
 62
     7
370
    25
100
AcDbSpline
210
0.0
220
0.0
230
1.0
 70
     8
 71
     3
 72
    10
 73
     6
 74
     0
 42
0.00000001
 43
0.00000001
 40
0.0
 40
0.0
 40
0.0
 40
0.0
 40
0.5
 40
0.5
 40
1.0
 40
1.0
 40
1.0
 40
1.0
 10
1.116244094488193
 20
-2.018897637795289
 30
0.0
 10
1.116243949215363
 20
-2.008652117224204
 30
0.0
 10
1.11392444707553
 20
-1.99841311649951
 30
0.0
 10
1.105094353948121
 20
-1.979920722496489
 30
0.0
 10
1.098588172616465
 20
-1.971682410630457
 30
0.0
 10
1.090622705477472
 20
-1.965238564856567
 30
0.0
  0
SPLINE
  5
619
330
1F
100
AcDbEntity
  8
0
  6
Continuous
 62
     7
370
    25
100
AcDbSpline
210
0.0
220
0.0
230
1.0
 70
     8
 71
     3
 72
    22
 73
    18
 74
     0
 42
0.00000001
 43
0.00000001
 40
0.0
 40
0.0
 40
0.0
 40
0.0
 40
0.125
 40
0.125
 40
0.25
 40
0.25
 40
0.375
 40
0.375
 40
0.5
 40
0.5
 40
0.625
 40
0.625
 40
0.75
 40
0.75
 40
0.875
 40
0.875
 40
1.0
 40
1.0
 40
1.0
 40
1.0
 10
0.9782440944881935
 20
-2.018897637795268
 30
0.0
 10
0.9782446947134377
 20
-2.027929465550322
 30
0.0
 10
0.9800409759108999
 20
-2.036957709692605
 30
0.0
 10
0.9869550686933591
 20
-2.053646487508217
 30
0.0
 10
0.9920681818684598
 20
-2.061300597401433
 30
0.0
 10
1.004839675176585
 20
-2.074075341478057
 30
0.0
 10
1.0124939970488
 20
-2.079190081978792
 30
0.0
 10
1.029183916308673
 20
-2.086100131642804
 30
0.0
 10
1.038211801586499
 20
-2.087896476437929
 30
0.0
 10
1.056276027000625
 20
-2.087893651919233
 30
0.0
 10
1.065304413372134
 20
-2.086101181426423
 30
0.0
 10
1.0819941051218
 20
-2.079189391097239
 30
0.0
 10
1.089648454844702
 20
-2.074075351365569
 30
0.0
 10
1.102419821491028
 20
-2.061300263176157
 30
0.0
 10
1.107532831722371
 20
-2.053646319345705
 30
0.0
 10
1.114447651296652
 20
-2.036957881911858
 30
0.0
 10
1.116244373159207
 20
-2.027929403061429
 30
0.0
 10
1.116244140811524
 20
-2.01889763587597
 30
0.0
  0
SPLINE
  5
61A
330
1F
100
AcDbEntity
  8
0
  6
Continuous
 62
     7
370
    25
100
AcDbSpline
210
0.0
220
0.0
230
1.0
 70
     8
 71
     3
 72
    12
 73
     8
 74
     0
 42
0.00000001
 43
0.00000001
 40
0.0
 40
0.0
 40
0.0
 40
0.0
 40
0.0629623667545665
 40
0.2972217750659052
 40
0.5314811833772436
 40
0.7657405916885827
 40
1.0
 40
1.0
 40
1.0
 40
1.0
 10
1.054341060969615
 20
-1.951309312199309
 30
0.0
 10
1.051983038882342
 20
-1.950750020702941
 30
0.0
 10
1.040851698900225
 20
-1.948109814816502
 30
0.0
 10
1.020034513285654
 20
-1.953996233052462
 30
0.0
 10
0.9973344692631881
 20
-1.968702153150302
 30
0.0
 10
0.9813499691795239
 20
-1.991838773706726
 30
0.0
 10
0.9792793860519673
 20
-2.009878016432425
 30
0.0
 10
0.9782440944881889
 20
-2.018897637795275
 30
0.0
  0
SPLINE
  5
61B
330
1F
100
AcDbEntity
  8
0
  6
Continuous
 62
     7
370
    25
100
AcDbSpline
210
0.0
220
0.0
230
1.0
 70
     8
 71
     3
 72
     8
 73
     4
 74
     0
 42
0.00000001
 43
0.00000001
 40
0.0
 40
0.0
 40
0.0
 40
0.0
 40
1.0
 40
1.0
 40
1.0
 40
1.0
 10
-0.3700787401574755
 20
-1.957771686463773
 30
0.0
 10
-0.3698485283622098
 20
-1.957771686463764
 30
0.0
 10
-0.3696183165670064
 20
-1.957772987008777
 30
0.0
 10
-0.3693881194657171
 20
-1.9577755880158
 30
0.0
  0
SPLINE
  5
61C
330
1F
100
AcDbEntity
  8
0
  6
Continuous
 62
     7
370
    25
100
AcDbSpline
210
0.0
220
0.0
230
1.0
 70
     8
 71
     3
 72
    14
 73
    10
 74
     0
 42
0.00000001
 43
0.00000001
 40
0.0
 40
0.0
 40
0.0
 40
0.0
 40
0.25
 40
0.25
 40
0.5
 40
0.5
 40
0.75
 40
0.75
 40
1.0
 40
1.0
 40
1.0
 40
1.0
 10
-0.4235434764433127
 20
-2.048527080923169
 30
0.0
 10
-0.4286714643463381
 20
-2.039273902598862
 30
0.0
 10
-0.4313386174912371
 20
-2.028671425406552
 30
0.0
 10
-0.4310601791883327
 20
-2.007515037523659
 30
0.0
 10
-0.4281149206890992
 20
-1.996986425037463
 30
0.0
 10
-0.4173754588055227
 20
-1.978756388433248
 30
0.0
 10
-0.4095940973629705
 20
-1.971076763272333
 30
0.0
 10
-0.3912243100206154
 20
-1.960578135307861
 30
0.0
 10
-0.3806578501878572
 20
-1.957771686463772
 30
0.0
 10
-0.3700787401574755
 20
-1.957771686463773
 30
0.0
  0
SPLINE
  5
61D
330
1F
100
AcDbEntity
  8
0
  6
Continuous
 62
     7
370
    25
100
AcDbSpline
210
0.0
220
0.0
230
1.0
 70
     8
 71
     3
 72
    22
 73
    18
 74
     0
 42
0.00000001
 43
0.00000001
 40
0.0
 40
0.0
 40
0.0
 40
0.0
 40
0.053776638301626
 40
0.1041133830975138
 40
0.1508736883106565
 40
0.1939267752785761
 40
0.2331506148045998
 40
0.268434826587863
 40
0.33912006784367
 40
0.4081529938342612
 40
0.5608858064743912
 40
0.6652320913834912
 40
0.7742042125274773
 40
0.8159875259978157
 40
0.882093469886894
 40
0.9562052056949917
 40
1.0
 40
1.0
 40
1.0
 40
1.0
 10
-0.3579596272598325
 20
-2.067265417438952
 30
0.0
 10
-0.3591778705986212
 20
-2.067770709560349
 30
0.0
 10
-0.361536430736313
 20
-2.068748972127004
 30
0.0
 10
-0.3650796485070076
 20
-2.069826566110124
 30
0.0
 10
-0.3684256186312168
 20
-2.070613141156373
 30
0.0
 10
-0.3715471440766221
 20
-2.071136540929841
 30
0.0
 10
-0.3744131055857938
 20
-2.071450157335819
 30
0.0
 10
-0.3779669817128058
 20
-2.071658430795729
 30
0.0
 10
-0.3822652333281156
 20
-2.071582311884296
 30
0.0
 10
-0.3893882078327678
 20
-2.070700645173364
 30
0.0
 10
-0.3971492522888435
 20
-2.068539214945173
 30
0.0
 10
-0.4052902358422436
 20
-2.064706002679475
 30
0.0
 10
-0.4105191774250709
 20
-2.061234824666958
 30
0.0
 10
-0.4146772618754484
 20
-2.057921703396774
 30
0.0
 10
-0.417995762952272
 20
-2.054934517293658
 30
0.0
 10
-0.4210974108407998
 20
-2.051647067512143
 30
0.0
 10
-0.4228809899714094
 20
-2.04937209051967
 30
0.0
 10
-0.4235434764433361
 20
-2.048527080923185
 30
0.0
  0
SPLINE
  5
61E
330
1F
100
AcDbEntity
  8
0
  6
Continuous
 62
     7
370
    25
100
AcDbSpline
210
0.0
220
0.0
230
1.0
 70
     8
 71
     3
 72
     8
 73
     4
 74
     0
 42
0.00000001
 43
0.00000001
 40
0.0
 40
0.0
 40
0.0
 40
0.0
 40
1.0
 40
1.0
 40
1.0
 40
1.0
 10
-0.3700787401574766
 20
0.4516771324338646
 30
0.0
 10
-0.3698485283622106
 20
0.4516771324338735
 30
0.0
 10
-0.3696183165670071
 20
0.4516758318888607
 30
0.0
 10
-0.3693881194657175
 20
0.4516732308818368
 30
0.0
  0
SPLINE
  5
61F
330
1F
100
AcDbEntity
  8
0
  6
Continuous
 62
     7
370
    25
100
AcDbSpline
210
0.0
220
0.0
230
1.0
 70
     8
 71
     3
 72
    14
 73
    10
 74
     0
 42
0.00000001
 43
0.00000001
 40
0.0
 40
0.0
 40
0.0
 40
0.0
 40
0.25
 40
0.25
 40
0.5
 40
0.5
 40
0.75
 40
0.75
 40
1.0
 40
1.0
 40
1.0
 40
1.0
 10
-0.4235434764433129
 20
0.360921737974467
 30
0.0
 10
-0.4286714643463384
 20
0.3701749162987732
 30
0.0
 10
-0.4313386174912376
 20
0.3807773934910849
 30
0.0
 10
-0.4310601791883334
 20
0.4019337813739762
 30
0.0
 10
-0.4281149206891003
 20
0.4124623938601736
 30
0.0
 10
-0.417375458805524
 20
0.430692430464389
 30
0.0
 10
-0.4095940973629716
 20
0.4383720556253037
 30
0.0
 10
-0.3912243100206165
 20
0.4488706835897767
 30
0.0
 10
-0.3806578501878584
 20
0.451677132433866
 30
0.0
 10
-0.3700787401574766
 20
0.4516771324338646
 30
0.0
  0
SPLINE
  5
620
330
1F
100
AcDbEntity
  8
0
  6
Continuous
 62
     7
370
    25
100
AcDbSpline
210
0.0
220
0.0
230
1.0
 70
     8
 71
     3
 72
    22
 73
    18
 74
     0
 42
0.00000001
 43
0.00000001
 40
0.0
 40
0.0
 40
0.0
 40
0.0
 40
0.0537766387983132
 40
0.1041133839000019
 40
0.1508736892201747
 40
0.1939267760894195
 40
0.2331506153053301
 40
0.2684348265625207
 40
0.3391200680065647
 40
0.4081529940309143
 40
0.5608858064612294
 40
0.6652320914075006
 40
0.7742042125361035
 40
0.815987525392231
 40
0.8820934698012961
 40
0.956205206792294
 40
1.0
 40
1.0
 40
1.0
 40
1.0
 10
-0.3579596272598333
 20
0.3421834014586851
 30
0.0
 10
-0.3591778706099918
 20
0.3416781093328738
 30
0.0
 10
-0.3615364307660917
 20
0.3406998467591651
 30
0.0
 10
-0.3650796485592893
 20
0.3396222527730755
 30
0.0
 10
-0.3684256186919689
 20
0.3388356777291972
 30
0.0
 10
-0.3715471441307041
 20
0.3383122779607723
 30
0.0
 10
-0.3744131056173441
 20
0.3379986615598903
 30
0.0
 10
-0.3779669817284967
 20
0.3377903881018195
 30
0.0
 10
-0.3822652333364235
 20
0.3378665070130857
 30
0.0
 10
-0.3893882078410568
 20
0.338748173726619
 30
0.0
 10
-0.3971492522935181
 20
0.3409096039541162
 30
0.0
 10
-0.4052902358424748
 20
0.344742816218641
 30
0.0
 10
-0.410519177412847
 20
0.3482139942234084
 30
0.0
 10
-0.4146772618630543
 20
0.3515271154894097
 30
0.0
 10
-0.4179957629606934
 20
0.354514301609489
 30
0.0
 10
-0.4210974108568378
 20
0.3578017514045325
 30
0.0
 10
-0.4228809899882075
 20
0.3600767283990072
 30
0.0
 10
-0.4235434764433368
 20
0.3609217379744515
 30
0.0
  0
SPLINE
  5
621
330
1F
100
AcDbEntity
  8
0
  6
Continuous
 62
     7
370
    25
100
AcDbSpline
210
0.0
220
0.0
230
1.0
 70
     8
 71
     3
 72
     8
 73
     4
 74
     0
 42
0.00000001
 43
0.00000001
 40
0.0
 40
0.0
 40
0.0
 40
0.0
 40
1.0
 40
1.0
 40
1.0
 40
1.0
 10
1.047244094488188
 20
0.4516771324338645
 30
0.0
 10
1.047474306283455
 20
0.4516771324338734
 30
0.0
 10
1.047704518078658
 20
0.4516758318888607
 30
0.0
 10
1.047934715179948
 20
0.4516732308818368
 30
0.0
  0
SPLINE
  5
622
330
1F
100
AcDbEntity
  8
0
  6
Continuous
 62
     7
370
    25
100
AcDbSpline
210
0.0
220
0.0
230
1.0
 70
     8
 71
     3
 72
    14
 73
    10
 74
     0
 42
0.00000001
 43
0.00000001
 40
0.0
 40
0.0
 40
0.0
 40
0.0
 40
0.25
 40
0.25
 40
0.5
 40
0.5
 40
0.75
 40
0.75
 40
1.0
 40
1.0
 40
1.0
 40
1.0
 10
0.993779358202352
 20
0.3609217379744671
 30
0.0
 10
0.9886513702993264
 20
0.3701749162987733
 30
0.0
 10
0.9859842171544276
 20
0.3807773934910848
 30
0.0
 10
0.9862626554573312
 20
0.4019337813739763
 30
0.0
 10
0.9892079139565647
 20
0.4124623938601734
 30
0.0
 10
0.9999473758401412
 20
0.4306924304643888
 30
0.0
 10
1.007728737282694
 20
0.4383720556253036
 30
0.0
 10
1.026098524625049
 20
0.4488706835897764
 30
0.0
 10
1.036664984457807
 20
0.4516771324338658
 30
0.0
 10
1.047244094488188
 20
0.4516771324338645
 30
0.0
  0
SPLINE
  5
623
330
1F
100
AcDbEntity
  8
0
  6
Continuous
 62
     7
370
    25
100
AcDbSpline
210
0.0
220
0.0
230
1.0
 70
     8
 71
     3
 72
    22
 73
    18
 74
     0
 42
0.00000001
 43
0.00000001
 40
0.0
 40
0.0
 40
0.0
 40
0.0
 40
0.053776639063052
 40
0.1041133843367387
 40
0.1508736897322663
 40
0.1939267765767839
 40
0.233150615665018
 40
0.2684348266893149
 40
0.3391200680487016
 40
0.4081529939617606
 40
0.5608857980461732
 40
0.6652321020006082
 40
0.7742042125002789
 40
0.8159875588245203
 40
0.8820934698023775
 40
0.9562052067174847
 40
1.0
 40
1.0
 40
1.0
 40
1.0
 10
1.059363207385836
 20
0.3421834014586856
 30
0.0
 10
1.058144964029686
 20
0.341678109330548
 30
0.0
 10
1.055786403863703
 20
0.3406998467530474
 30
0.0
 10
1.052243186058068
 20
0.3396222527652452
 30
0.0
 10
1.048897215919723
 20
0.3388356777224036
 30
0.0
 10
1.045775690482682
 20
0.3383122779565515
 30
0.0
 10
1.042909729005364
 20
0.3379986615581975
 30
0.0
 10
1.039355852905546
 20
0.3377903881025109
 30
0.0
 10
1.035057601306345
 20
0.3378665070084618
 30
0.0
 10
1.027934627021868
 20
0.3387481737264356
 30
0.0
 10
1.020173582225851
 20
0.3409096037558663
 30
0.0
 10
1.012032598872712
 20
0.34474281645548
 30
0.0
 10
1.006803656341763
 20
0.3482139948326258
 30
0.0
 10
1.002645572145637
 20
0.3515271160127535
 30
0.0
 10
0.9993270711274618
 20
0.3545143022098428
 30
0.0
 10
0.9962254237891432
 20
0.3578017514027538
 30
0.0
 10
0.9944418446583759
 20
0.3600767283974671
 30
0.0
 10
0.9937793582023328
 20
0.360921737974451
 30
0.0
  0
SPLINE
  5
624
330
1F
100
AcDbEntity
  8
0
  6
Continuous
 62
     7
370
    25
100
AcDbSpline
210
0.0
220
0.0
230
1.0
 70
     8
 71
     3
 72
     8
 73
     4
 74
     0
 42
0.00000001
 43
0.00000001
 40
0.0
 40
0.0
 40
0.0
 40
0.0
 40
1.0
 40
1.0
 40
1.0
 40
1.0
 10
-0.3267001291684
 20
-1.965238564856393
 30
0.0
 10
-0.3313321467266775
 20
-1.96149398865054
 30
0.0
 10
-0.3364513749669822
 20
-1.958352796991383
 30
0.0
 10
-0.34188786269176
 20
-1.955919273036297
 30
0.0
  0
SPLINE
  5
625
330
1F
100
AcDbEntity
  8
0
  6
Continuous
 62
     7
370
    25
100
AcDbSpline
210
0.0
220
0.0
230
1.0
 70
     8
 71
     3
 72
     8
 73
     4
 74
     0
 42
0.00000001
 43
0.00000001
 40
0.0
 40
0.0
 40
0.0
 40
0.0
 40
1.0
 40
1.0
 40
1.0
 40
1.0
 10
-0.3700833628873894
 20
-1.951245855612563
 30
0.0
 10
-0.3605903052571087
 20
-1.950795796942635
 30
0.0
 10
-0.3509076525493284
 20
-1.952373340865396
 30
0.0
 10
-0.3418878626917499
 20
-1.955919273036276
 30
0.0
  0
SPLINE
  5
626
330
1F
100
AcDbEntity
  8
0
  6
Continuous
 62
     7
370
    25
100
AcDbSpline
210
0.0
220
0.0
230
1.0
 70
     8
 71
     3
 72
    14
 73
    10
 74
     0
 42
0.00000001
 43
0.00000001
 40
0.0
 40
0.0
 40
0.0
 40
0.0
 40
0.25
 40
0.25
 40
0.5
 40
0.5
 40
0.75
 40
0.75
 40
1.0
 40
1.0
 40
1.0
 40
1.0
 10
-0.4235434764433361
 20
-2.048527080923185
 30
0.0
 10
-0.429145651068307
 20
-2.039535734084382
 30
0.0
 10
-0.4324291279501296
 20
-2.028937192428668
 30
0.0
 10
-0.4332325042201094
 20
-2.007201370585048
 30
0.0
 10
-0.4307426406634283
 20
-1.996090344374532
 30
0.0
 10
-0.4203683738503281
 20
-1.976335485363186
 30
0.0
 10
-0.4124867686577842
 20
-1.967720479765578
 30
0.0
 10
-0.3931883027268242
 20
-1.955436212658197
 30
0.0
 10
-0.3817901979798816
 20
-1.951790742164001
 30
0.0
 10
-0.3700833628873894
 20
-1.951245855612563
 30
0.0
  0
SPLINE
  5
627
330
1F
100
AcDbEntity
  8
0
  6
Continuous
 62
     7
370
    25
100
AcDbSpline
210
0.0
220
0.0
230
1.0
 70
     8
 71
     3
 72
     8
 73
     4
 74
     0
 42
0.00000001
 43
0.00000001
 40
0.0
 40
0.0
 40
0.0
 40
0.0
 40
1.0
 40
1.0
 40
1.0
 40
1.0
 10
-0.3267001291684012
 20
0.4442102540412447
 30
0.0
 10
-0.3313321467266785
 20
0.4479548302470978
 30
0.0
 10
-0.3364513749669831
 20
0.4510960219062543
 30
0.0
 10
-0.3418878626917605
 20
0.4535295458613395
 30
0.0
  0
SPLINE
  5
628
330
1F
100
AcDbEntity
  8
0
  6
Continuous
 62
     7
370
    25
100
AcDbSpline
210
0.0
220
0.0
230
1.0
 70
     8
 71
     3
 72
     8
 73
     4
 74
     0
 42
0.00000001
 43
0.00000001
 40
0.0
 40
0.0
 40
0.0
 40
0.0
 40
1.0
 40
1.0
 40
1.0
 40
1.0
 10
-0.3700833628873881
 20
0.4582029632850763
 30
0.0
 10
-0.3605903052571083
 20
0.4586530219550023
 30
0.0
 10
-0.3509076525493283
 20
0.4570754780322427
 30
0.0
 10
-0.3418878626917505
 20
0.4535295458613631
 30
0.0
  0
SPLINE
  5
629
330
1F
100
AcDbEntity
  8
0
  6
Continuous
 62
     7
370
    25
100
AcDbSpline
210
0.0
220
0.0
230
1.0
 70
     8
 71
     3
 72
    14
 73
    10
 74
     0
 42
0.00000001
 43
0.00000001
 40
0.0
 40
0.0
 40
0.0
 40
0.0
 40
0.25
 40
0.25
 40
0.5
 40
0.5
 40
0.75
 40
0.75
 40
1.0
 40
1.0
 40
1.0
 40
1.0
 10
-0.4235434764433367
 20
0.3609217379744515
 30
0.0
 10
-0.4291456510683083
 20
0.3699130848132531
 30
0.0
 10
-0.4324291279501307
 20
0.3805116264689686
 30
0.0
 10
-0.4332325042201102
 20
0.4022474483125881
 30
0.0
 10
-0.430742640663429
 20
0.4133584745231079
 30
0.0
 10
-0.420368373850329
 20
0.4331133335344531
 30
0.0
 10
-0.4124867686577844
 20
0.441728339132062
 30
0.0
 10
-0.3931883027268234
 20
0.4540126062394417
 30
0.0
 10
-0.3817901979798801
 20
0.4576580767336397
 30
0.0
 10
-0.3700833628873881
 20
0.4582029632850763
 30
0.0
  0
SPLINE
  5
62A
330
1F
100
AcDbEntity
  8
0
  6
Continuous
 62
     7
370
    25
100
AcDbSpline
210
0.0
220
0.0
230
1.0
 70
     8
 71
     3
 72
     8
 73
     4
 74
     0
 42
0.00000001
 43
0.00000001
 40
0.0
 40
0.0
 40
0.0
 40
0.0
 40
1.0
 40
1.0
 40
1.0
 40
1.0
 10
1.090622705477264
 20
0.4442102540412443
 30
0.0
 10
1.085990687918987
 20
0.4479548302470974
 30
0.0
 10
1.080871459678683
 20
0.451096021906254
 30
0.0
 10
1.075434971953905
 20
0.4535295458613393
 30
0.0
  0
SPLINE
  5
62B
330
1F
100
AcDbEntity
  8
0
  6
Continuous
 62
     7
370
    25
100
AcDbSpline
210
0.0
220
0.0
230
1.0
 70
     8
 71
     3
 72
     8
 73
     4
 74
     0
 42
0.00000001
 43
0.00000001
 40
0.0
 40
0.0
 40
0.0
 40
0.0
 40
1.0
 40
1.0
 40
1.0
 40
1.0
 10
1.047239471758269
 20
0.4582029632850756
 30
0.0
 10
1.056732529388553
 20
0.4586530219550039
 30
0.0
 10
1.066415182096338
 20
0.4570754780322442
 30
0.0
 10
1.075434971953919
 20
0.4535295458613628
 30
0.0
  0
SPLINE
  5
62C
330
1F
100
AcDbEntity
  8
0
  6
Continuous
 62
     7
370
    25
100
AcDbSpline
210
0.0
220
0.0
230
1.0
 70
     8
 71
     3
 72
    14
 73
    10
 74
     0
 42
0.00000001
 43
0.00000001
 40
0.0
 40
0.0
 40
0.0
 40
0.0
 40
0.25
 40
0.25
 40
0.5
 40
0.5
 40
0.75
 40
0.75
 40
1.0
 40
1.0
 40
1.0
 40
1.0
 10
0.9937793582023328
 20
0.360921737974451
 30
0.0
 10
0.9881771835773613
 20
0.3699130848132519
 30
0.0
 10
0.984893706695539
 20
0.380511626468966
 30
0.0
 10
0.9840903304255586
 20
0.4022474483125846
 30
0.0
 10
0.9865801939822384
 20
0.4133584745231029
 30
0.0
 10
0.9969544607953381
 20
0.4331133335344474
 30
0.0
 10
1.00483606598788
 20
0.4417283391320562
 30
0.0
 10
1.024134531918837
 20
0.4540126062394376
 30
0.0
 10
1.035532636665778
 20
0.4576580767336366
 30
0.0
 10
1.047239471758269
 20
0.4582029632850756
 30
0.0
  0
SPLINE
  5
62D
330
1F
100
AcDbEntity
  8
0
  6
Continuous
 62
     7
370
    25
100
AcDbSpline
210
0.0
220
0.0
230
1.0
 70
     8
 71
     3
 72
     8
 73
     4
 74
     0
 42
0.00000001
 43
0.00000001
 40
0.0
 40
0.0
 40
0.0
 40
0.0
 40
1.0
 40
1.0
 40
1.0
 40
1.0
 10
1.047244094488189
 20
-1.957771686463773
 30
0.0
 10
1.047474306283455
 20
-1.957771686463764
 30
0.0
 10
1.047704518078658
 20
-1.957772987008777
 30
0.0
 10
1.047934715179947
 20
-1.957775588015801
 30
0.0
  0
SPLINE
  5
62E
330
1F
100
AcDbEntity
  8
0
  6
Continuous
 62
     7
370
    25
100
AcDbSpline
210
0.0
220
0.0
230
1.0
 70
     8
 71
     3
 72
    14
 73
    10
 74
     0
 42
0.00000001
 43
0.00000001
 40
0.0
 40
0.0
 40
0.0
 40
0.0
 40
0.25
 40
0.25
 40
0.5
 40
0.5
 40
0.75
 40
0.75
 40
1.0
 40
1.0
 40
1.0
 40
1.0
 10
0.9937793582023523
 20
-2.048527080923171
 30
0.0
 10
0.9886513702993264
 20
-2.039273902598864
 30
0.0
 10
0.9859842171544273
 20
-2.028671425406553
 30
0.0
 10
0.9862626554573312
 20
-2.007515037523661
 30
0.0
 10
0.989207913956565
 20
-1.996986425037465
 30
0.0
 10
0.999947375840141
 20
-1.978756388433248
 30
0.0
 10
1.007728737282694
 20
-1.971076763272334
 30
0.0
 10
1.026098524625049
 20
-1.960578135307861
 30
0.0
 10
1.036664984457807
 20
-1.957771686463772
 30
0.0
 10
1.047244094488189
 20
-1.957771686463773
 30
0.0
  0
SPLINE
  5
62F
330
1F
100
AcDbEntity
  8
0
  6
Continuous
 62
     7
370
    25
100
AcDbSpline
210
0.0
220
0.0
230
1.0
 70
     8
 71
     3
 72
     8
 73
     4
 74
     0
 42
0.00000001
 43
0.00000001
 40
0.0
 40
0.0
 40
0.0
 40
0.0
 40
1.0
 40
1.0
 40
1.0
 40
1.0
 10
1.090622705477472
 20
-1.96523856485656
 30
0.0
 10
1.085990687919139
 20
-1.961493988650633
 30
0.0
 10
1.080871459678763
 20
-1.958352796991419
 30
0.0
 10
1.075434971953904
 20
-1.955919273036297
 30
0.0
  0
SPLINE
  5
630
330
1F
100
AcDbEntity
  8
0
  6
Continuous
 62
     7
370
    25
100
AcDbSpline
210
0.0
220
0.0
230
1.0
 70
     8
 71
     3
 72
    14
 73
    10
 74
     0
 42
0.00000001
 43
0.00000001
 40
0.0
 40
0.0
 40
0.0
 40
0.0
 40
0.25
 40
0.25
 40
0.5
 40
0.5
 40
0.75
 40
0.75
 40
1.0
 40
1.0
 40
1.0
 40
1.0
 10
0.9937793582023328
 20
-2.048527080923186
 30
0.0
 10
0.9870396837912981
 20
-2.037713951345609
 30
0.0
 10
0.9836892948787362
 20
-2.024559993084642
 30
0.0
 10
0.9854954837169796
 20
-1.998322340154957
 30
0.0
 10
0.9906497349445519
 20
-1.985306262717337
 30
0.0
 10
1.008003302689275
 20
-1.964469305385727
 30
0.0
 10
1.020168792276018
 20
-1.956714075748501
 30
0.0
 10
1.047228797090183
 20
-1.949785378524389
 30
0.0
 10
1.062060951110064
 20
-1.95065070157415
 30
0.0
 10
1.075434971953908
 20
-1.955919273036298
 30
0.0
  0
SPLINE
  5
631
330
1F
100
AcDbEntity
  8
0
  6
Continuous
 62
     7
370
    25
100
AcDbSpline
210
0.0
220
0.0
230
1.0
 70
     8
 71
     3
 72
    10
 73
     6
 74
     0
 42
0.00000001
 43
0.00000001
 40
0.0
 40
0.0
 40
0.0
 40
0.0
 40
0.5
 40
0.5
 40
1.0
 40
1.0
 40
1.0
 40
1.0
 10
1.059363207385837
 20
-2.067265417438954
 30
0.0
 10
1.049245239085055
 20
-2.07173651118868
 30
0.0
 10
1.036988717893534
 20
-2.072899548781256
 30
0.0
 10
1.01326319963318
 20
-2.066687169131996
 30
0.0
 10
1.001883193880526
 20
-2.059282546463956
 30
0.0
 10
0.9937793582023328
 20
-2.048527080923186
 30
0.0
  0
SPLINE
  5
63A
330
1F
100
AcDbEntity
  8
0
  6
Continuous
 62
     7
370
    25
100
AcDbSpline
210
0.0
220
0.0
230
1.0
 70
     8
 71
     3
 72
    20
 73
    16
 74
     0
 42
0.00000001
 43
0.00000001
 40
0.0
 40
0.0
 40
0.0
 40
0.0
 40
0.0419834471479721
 40
0.0836139248327978
 40
0.1250706990184342
 40
0.1665352886734955
 40
0.2081891105919836
 40
0.250211130787874
 40
0.3750682756609036
 40
0.5000654119393005
 40
0.6249225568124545
 40
0.7499196930909654
 40
0.8334909291030864
 40
0.9163668142229165
 40
1.0
 40
1.0
 40
1.0
 40
1.0
 10
3.246456692913387
 20
-3.346456692913397
 30
0.0
 10
3.248653299950901
 20
-3.346416427513838
 30
0.0
 10
3.253028046385481
 20
-3.346336235239956
 30
0.0
 10
3.259544574997572
 20
-3.345678454420819
 30
0.0
 10
3.265978241231933
 20
-3.344625535701648
 30
0.0
 10
3.272328540552571
 20
-3.343140144820512
 30
0.0
 10
3.278595707792239
 20
-3.341231545937922
 30
0.0
 10
3.28880673481874
 20
-3.337381158311284
 30
0.0
 10
3.30239279236722
 20
-3.330171580569399
 30
0.0
 10
3.317604823415456
 20
-3.317615205833895
 30
0.0
 10
3.330166205156103
 20
-3.302397758417801
 30
0.0
 10
3.338409089241621
 20
-3.286884301801907
 30
0.0
 10
3.343324310657304
 20
-3.272422228290972
 30
0.0
 10
3.345977580450269
 20
-3.259551845663342
 30
0.0
 10
3.346296505257896
 20
-3.250834958934011
 30
0.0
 10
3.346456692913387
 20
-3.246456692913397
 30
0.0
  0
SPLINE
  5
63C
330
1F
100
AcDbEntity
  8
0
  6
Continuous
 62
     7
370
    25
100
AcDbSpline
210
0.0
220
0.0
230
1.0
 70
     8
 71
     3
 72
    20
 73
    16
 74
     0
 42
0.00000001
 43
0.00000001
 40
0.0
 40
0.0
 40
0.0
 40
0.0
 40
0.0419834471475227
 40
0.0836139248320751
 40
0.1250706990176249
 40
0.1665352886727657
 40
0.2081891105915035
 40
0.2502111307878025
 40
0.3750682756600638
 40
0.5000654119392782
 40
0.6249225568124065
 40
0.7499196930909187
 40
0.8334909291030523
 40
0.9163668142229031
 40
1.0
 40
1.0
 40
1.0
 40
1.0
 10
-3.346456692913385
 20
-3.246456692913397
 30
0.0
 10
-3.346416427513826
 20
-3.248653299950888
 30
0.0
 10
-3.346336235239946
 20
-3.25302804638543
 30
0.0
 10
-3.345678454420807
 20
-3.259544574997479
 30
0.0
 10
-3.344625535701632
 20
-3.265978241231822
 30
0.0
 10
-3.3431401448205
 20
-3.272328540552476
 30
0.0
 10
-3.341231545937906
 20
-3.278595707792182
 30
0.0
 10
-3.337381158311323
 20
-3.288806734818697
 30
0.0
 10
-3.330171580569438
 20
-3.30239279236721
 30
0.0
 10
-3.317615205833915
 20
-3.317604823415432
 30
0.0
 10
-3.302397758417797
 20
-3.330166205156114
 30
0.0
 10
-3.286884301801903
 20
-3.338409089241631
 30
0.0
 10
-3.272422228290963
 20
-3.343324310657313
 30
0.0
 10
-3.259551845663333
 20
-3.345977580450279
 30
0.0
 10
-3.250834958934
 20
-3.346296505257905
 30
0.0
 10
-3.246456692913385
 20
-3.346456692913397
 30
0.0
  0
SPLINE
  5
644
330
1F
100
AcDbEntity
  8
0
  6
Continuous
 62
     7
370
    25
100
AcDbSpline
210
0.0
220
0.0
230
1.0
 70
     8
 71
     3
 72
    20
 73
    16
 74
     0
 42
0.00000001
 43
0.00000001
 40
0.0
 40
0.0
 40
0.0
 40
0.0
 40
0.041983447148407
 40
0.0836139248335139
 40
0.1250706990192197
 40
0.1665352886741787
 40
0.2081891105924093
 40
0.2502111307878576
 40
0.3750682756646007
 40
0.5000654119393607
 40
0.6249225568142263
 40
0.749919693090883
 40
0.8334909291020586
 40
0.9163668142219019
 40
1.0
 40
1.0
 40
1.0
 40
1.0
 10
3.346456692913387
 20
3.246456692913386
 30
0.0
 10
3.346416427513827
 20
3.248653299950922
 30
0.0
 10
3.346336235239948
 20
3.253028046385538
 30
0.0
 10
3.345678454420811
 20
3.259544574997672
 30
0.0
 10
3.344625535701639
 20
3.265978241232045
 30
0.0
 10
3.343140144820505
 20
3.272328540552668
 30
0.0
 10
3.341231545937918
 20
3.278595707792295
 30
0.0
 10
3.337381158311167
 20
3.28880673481892
 30
0.0
 10
3.330171580569376
 20
3.302392792367431
 30
0.0
 10
3.317615205833686
 20
3.317604823415654
 30
0.0
 10
3.302397758417607
 20
3.330166205155987
 30
0.0
 10
3.286884301801861
 20
3.338409089241629
 30
0.0
 10
3.272422228291076
 20
3.343324310657323
 30
0.0
 10
3.259551845663439
 20
3.345977580450276
 30
0.0
 10
3.250834958934054
 20
3.346296505257895
 30
0.0
 10
3.246456692913387
 20
3.346456692913385
 30
0.0
  0
SPLINE
  5
647
330
1F
100
AcDbEntity
  8
0
  6
Continuous
 62
     7
370
    25
100
AcDbSpline
210
0.0
220
0.0
230
1.0
 70
     8
 71
     3
 72
    28
 73
    24
 74
     0
 42
0.00000001
 43
0.00000001
 40
0.0
 40
0.0
 40
0.0
 40
0.0
 40
0.0209953510037886
 40
0.0418151691703306
 40
0.0625491073874737
 40
0.0832879323369573
 40
0.1041223468323828
 40
0.1251418162652173
 40
0.1875798371120353
 40
0.250105378093286
 40
0.312543398939928
 40
0.3750689399213674
 40
0.4375069607680304
 40
0.5000325017494363
 40
0.5624705225962902
 40
0.6249960635775397
 40
0.687434084425084
 40
0.7499596254056274
 40
0.8123976462529902
 40
0.8749231872336889
 40
0.9167172194367175
 40
0.9581672430574643
 40
1.0
 40
1.0
 40
1.0
 40
1.0
 10
-2.866456692913385
 20
-3.096456692913397
 30
0.0
 10
-2.866488906914989
 20
-3.098213769932132
 30
0.0
 10
-2.866553065591189
 20
-3.101713233826328
 30
0.0
 10
-2.86707930025987
 20
-3.106926079609688
 30
0.0
 10
-2.867921643679136
 20
-3.112072883173635
 30
0.0
 10
-2.869109957845834
 20
-3.117153243897645
 30
0.0
 10
-2.870636863403005
 20
-3.122167339222572
 30
0.0
 10
-2.873716559021367
 20
-3.130335933732203
 30
0.0
 10
-2.87948456476808
 20
-3.141205057405194
 30
0.0
 10
-2.889528360600626
 20
-3.153373639546054
 30
0.0
 10
-2.901704957558595
 20
-3.163425859527435
 30
0.0
 10
-2.915643483810688
 20
-3.170827174588104
 30
0.0
 10
-2.930739325789194
 20
-3.175453735967191
 30
0.0
 10
-2.946449392172873
 20
-3.176957800679466
 30
0.0
 10
-2.962166578740592
 20
-3.175455217721179
 30
0.0
 10
-2.97725642670544
 20
-3.170832784806763
 30
0.0
 10
-2.991202027339758
 20
-3.163430013467965
 30
0.0
 10
-3.003374933362605
 20
-3.153384267735787
 30
0.0
 10
-3.013423713297046
 20
-3.141210265066808
 30
0.0
 10
-3.020018110154158
 20
-3.128799689934382
 30
0.0
 10
-3.023950958666764
 20
-3.117229852792444
 30
0.0
 10
-3.026073445425967
 20
-3.106933476297193
 30
0.0
 10
-3.026328552961228
 20
-3.099959637004682
 30
0.0
 10
-3.026456692913384
 20
-3.096456692913397
 30
0.0
  0
SPLINE
  5
648
330
1F
100
AcDbEntity
  8
0
  6
Continuous
 62
     7
370
    25
100
AcDbSpline
210
0.0
220
0.0
230
1.0
 70
     8
 71
     3
 72
    28
 73
    24
 74
     0
 42
0.00000001
 43
0.00000001
 40
0.0
 40
0.0
 40
0.0
 40
0.0
 40
0.0209953510038004
 40
0.0418151691703497
 40
0.0625491073874956
 40
0.0832879323369819
 40
0.1041223468324071
 40
0.1251418162652381
 40
0.1875798371127803
 40
0.2501053780933268
 40
0.3125433989402798
 40
0.3750689399213576
 40
0.4375069607676371
 40
0.5000325017494445
 40
0.5624705225957203
 40
0.6249960635774996
 40
0.6874340844237695
 40
0.7499596254055737
 40
0.8123976462518219
 40
0.8749231872336399
 40
0.9167172194363258
 40
0.9581672430570882
 40
0.9999999999999999
 40
0.9999999999999999
 40
0.9999999999999999
 40
0.9999999999999999
 10
-3.026456692913384
 20
-3.096456692913397
 30
0.0
 10
-3.02642447891178
 20
-3.09469961589466
 30
0.0
 10
-3.026360320235581
 20
-3.091200152000463
 30
0.0
 10
-3.0258340855669
 20
-3.0859873062171
 30
0.0
 10
-3.024991742147635
 20
-3.080840502653153
 30
0.0
 10
-3.023803427980938
 20
-3.075760141929141
 30
0.0
 10
-3.022276522423768
 20
-3.070746046604214
 30
0.0
 10
-3.019196826805383
 20
-3.062577452094525
 30
0.0
 10
-3.013428821058706
 20
-3.051708328421511
 30
0.0
 10
-3.003385025226089
 20
-3.039539746280664
 30
0.0
 10
-2.991208428268103
 20
-3.029487526299412
 30
0.0
 10
-2.977269902016095
 20
-3.022086211238674
 30
0.0
 10
-2.962174060037615
 20
-3.017459649859577
 30
0.0
 10
-2.946463993653978
 20
-3.015955585147329
 30
0.0
 10
-2.930746807086237
 20
-3.017458168105641
 30
0.0
 10
-2.91565695912147
 20
-3.022080601019955
 30
0.0
 10
-2.901711358487118
 20
-3.029483372358778
 30
0.0
 10
-2.889538452464312
 20
-3.039529118090858
 30
0.0
 10
-2.879489672529751
 20
-3.051703120759878
 30
0.0
 10
-2.872895275672678
 20
-3.064113695892295
 30
0.0
 10
-2.868962427159989
 20
-3.075683533034276
 30
0.0
 10
-2.8668399404008
 20
-3.085979909529535
 30
0.0
 10
-2.866584832865541
 20
-3.092953748822081
 30
0.0
 10
-2.866456692913385
 20
-3.096456692913397
 30
0.0
  0
SPLINE
  5
649
330
1F
100
AcDbEntity
  8
0
  6
Continuous
 62
     7
370
    25
100
AcDbSpline
210
0.0
220
0.0
230
1.0
 70
     8
 71
     3
 72
    28
 73
    24
 74
     0
 42
0.00000001
 43
0.00000001
 40
0.0
 40
0.0
 40
0.0
 40
0.0
 40
0.0209953510037886
 40
0.0418151691703302
 40
0.062549107387474
 40
0.0832879323369577
 40
0.1041223468323839
 40
0.1251418162652176
 40
0.1875798371120356
 40
0.2501053780932865
 40
0.3125433989399336
 40
0.3750689399213673
 40
0.4375069607680303
 40
0.500032501749434
 40
0.5624705225962902
 40
0.6249960635775377
 40
0.6874340844250839
 40
0.7499596254056258
 40
0.81239764625299
 40
0.874923187233688
 40
0.9167172194367174
 40
0.9581672430574641
 40
1.0
 40
1.0
 40
1.0
 40
1.0
 10
3.233543307086615
 20
-3.096456692913397
 30
0.0
 10
3.233511093085011
 20
-3.098213769932133
 30
0.0
 10
3.233446934408811
 20
-3.101713233826329
 30
0.0
 10
3.232920699740132
 20
-3.106926079609687
 30
0.0
 10
3.232078356320864
 20
-3.112072883173635
 30
0.0
 10
3.230890042154166
 20
-3.117153243897645
 30
0.0
 10
3.229363136596993
 20
-3.12216733922257
 30
0.0
 10
3.226283440978634
 20
-3.130335933732204
 30
0.0
 10
3.220515435231919
 20
-3.141205057405196
 30
0.0
 10
3.210471639399375
 20
-3.153373639546052
 30
0.0
 10
3.198295042441404
 20
-3.163425859527434
 30
0.0
 10
3.184356516189312
 20
-3.170827174588103
 30
0.0
 10
3.169260674210805
 20
-3.175453735967191
 30
0.0
 10
3.153550607827127
 20
-3.176957800679466
 30
0.0
 10
3.13783342125941
 20
-3.175455217721179
 30
0.0
 10
3.122743573294559
 20
-3.170832784806763
 30
0.0
 10
3.108797972660244
 20
-3.163430013467965
 30
0.0
 10
3.096625066637395
 20
-3.153384267735787
 30
0.0
 10
3.086576286702954
 20
-3.14121026506681
 30
0.0
 10
3.079981889845843
 20
-3.128799689934382
 30
0.0
 10
3.076049041333235
 20
-3.117229852792443
 30
0.0
 10
3.073926554574035
 20
-3.106933476297193
 30
0.0
 10
3.073671447038772
 20
-3.099959637004682
 30
0.0
 10
3.073543307086615
 20
-3.096456692913397
 30
0.0
  0
SPLINE
  5
64A
330
1F
100
AcDbEntity
  8
0
  6
Continuous
 62
     7
370
    25
100
AcDbSpline
210
0.0
220
0.0
230
1.0
 70
     8
 71
     3
 72
    28
 73
    24
 74
     0
 42
0.00000001
 43
0.00000001
 40
0.0
 40
0.0
 40
0.0
 40
0.0
 40
0.0209953510038004
 40
0.0418151691703499
 40
0.0625491073874955
 40
0.0832879323369818
 40
0.104122346832407
 40
0.1251418162652387
 40
0.18757983711278
 40
0.2501053780933278
 40
0.3125433989402741
 40
0.3750689399213596
 40
0.4375069607676371
 40
0.5000325017494466
 40
0.5624705225957203
 40
0.6249960635774996
 40
0.6874340844237714
 40
0.7499596254055738
 40
0.812397646251822
 40
0.8749231872336402
 40
0.9167172194363259
 40
0.9581672430570883
 40
1.0
 40
1.0
 40
1.0
 40
1.0
 10
3.073543307086615
 20
-3.096456692913397
 30
0.0
 10
3.073575521088221
 20
-3.09469961589466
 30
0.0
 10
3.073639679764419
 20
-3.091200152000463
 30
0.0
 10
3.0741659144331
 20
-3.0859873062171
 30
0.0
 10
3.075008257852365
 20
-3.080840502653154
 30
0.0
 10
3.076196572019063
 20
-3.075760141929141
 30
0.0
 10
3.077723477576233
 20
-3.070746046604214
 30
0.0
 10
3.080803173194617
 20
-3.062577452094527
 30
0.0
 10
3.086571178941294
 20
-3.051708328421511
 30
0.0
 10
3.096614974773911
 20
-3.039539746280665
 30
0.0
 10
3.108791571731896
 20
-3.029487526299411
 30
0.0
 10
3.122730097983904
 20
-3.022086211238675
 30
0.0
 10
3.137825939962387
 20
-3.017459649859577
 30
0.0
 10
3.153536006346023
 20
-3.015955585147329
 30
0.0
 10
3.169253192913762
 20
-3.017458168105642
 30
0.0
 10
3.184343040878531
 20
-3.022080601019956
 30
0.0
 10
3.198288641512884
 20
-3.029483372358776
 30
0.0
 10
3.210461547535687
 20
-3.039529118090859
 30
0.0
 10
3.220510327470248
 20
-3.051703120759877
 30
0.0
 10
3.227104724327321
 20
-3.064113695892298
 30
0.0
 10
3.23103757284001
 20
-3.075683533034275
 30
0.0
 10
3.233160059599198
 20
-3.085979909529536
 30
0.0
 10
3.233415167134459
 20
-3.092953748822081
 30
0.0
 10
3.233543307086615
 20
-3.096456692913397
 30
0.0
  0
SPLINE
  5
64B
330
1F
100
AcDbEntity
  8
0
  6
Continuous
 62
     7
370
    25
100
AcDbSpline
210
0.0
220
0.0
230
1.0
 70
     8
 71
     3
 72
    28
 73
    24
 74
     0
 42
0.00000001
 43
0.00000001
 40
0.0
 40
0.0
 40
0.0
 40
0.0
 40
0.0209953510038052
 40
0.0418151691703634
 40
0.0625491073875129
 40
0.0832879323369958
 40
0.1041223468324295
 40
0.1251418162652461
 40
0.1875798371113142
 40
0.2501053780932502
 40
0.312543398940166
 40
0.3750689399214109
 40
0.4375069607679524
 40
0.5000325017493908
 40
0.5624705225952403
 40
0.6249960635775292
 40
0.6874340844258137
 40
0.7499596254056583
 40
0.8123976462532926
 40
0.8749231872336426
 40
0.9167172194363407
 40
0.9581672430571051
 40
0.9999999999999999
 40
0.9999999999999999
 40
0.9999999999999999
 40
0.9999999999999999
 10
3.233543307086615
 20
3.103543307086613
 30
0.0
 10
3.233511093085011
 20
3.101786230067876
 30
0.0
 10
3.233446934408812
 20
3.098286766173679
 30
0.0
 10
3.232920699740132
 20
3.093073920390314
 30
0.0
 10
3.232078356320863
 20
3.087927116826366
 30
0.0
 10
3.230890042154166
 20
3.082846756102353
 30
0.0
 10
3.229363136596994
 20
3.077832660777429
 30
0.0
 10
3.226283440978659
 20
3.069664066267855
 30
0.0
 10
3.220515435231907
 20
3.058794942594889
 30
0.0
 10
3.210471639399394
 20
3.046626360453996
 30
0.0
 10
3.198295042441464
 20
3.036574140472455
 30
0.0
 10
3.184356516189299
 20
3.029172825411891
 30
0.0
 10
3.169260674210784
 20
3.024546264032965
 30
0.0
 10
3.153550607827223
 20
3.023042199320539
 30
0.0
 10
3.137833421259476
 20
3.024544782278722
 30
0.0
 10
3.12274357329459
 20
3.029167215193251
 30
0.0
 10
3.10879797266016
 20
3.036569986532025
 30
0.0
 10
3.096625066637333
 20
3.046615732264285
 30
0.0
 10
3.086576286703006
 20
3.058789734933264
 30
0.0
 10
3.079981889845848
 20
3.07120031006562
 30
0.0
 10
3.076049041333221
 20
3.082770147207497
 30
0.0
 10
3.073926554574031
 20
3.093066523702757
 30
0.0
 10
3.073671447038771
 20
3.100040362995299
 30
0.0
 10
3.073543307086615
 20
3.103543307086613
 30
0.0
  0
SPLINE
  5
64C
330
1F
100
AcDbEntity
  8
0
  6
Continuous
 62
     7
370
    25
100
AcDbSpline
210
0.0
220
0.0
230
1.0
 70
     8
 71
     3
 72
    28
 73
    24
 74
     0
 42
0.00000001
 43
0.00000001
 40
0.0
 40
0.0
 40
0.0
 40
0.0
 40
0.0209953510037882
 40
0.0418151691703212
 40
0.0625491073874525
 40
0.0832879323369268
 40
0.1041223468323424
 40
0.1251418162651668
 40
0.1875798371149671
 40
0.2501053780933911
 40
0.3125433989434156
 40
0.3750689399213956
 40
0.4375069607675569
 40
0.5000325017494082
 40
0.5624705225956488
 40
0.6249960635775362
 40
0.6874340844262166
 40
0.7499596254056563
 40
0.8123976462533373
 40
0.8749231872337115
 40
0.9167172194363721
 40
0.958167243057104
 40
1.0
 40
1.0
 40
1.0
 40
1.0
 10
3.073543307086615
 20
3.103543307086613
 30
0.0
 10
3.073575521088219
 20
3.105300384105348
 30
0.0
 10
3.073639679764419
 20
3.108799847999543
 30
0.0
 10
3.074165914433101
 20
3.114012693782902
 30
0.0
 10
3.075008257852365
 20
3.119159497346847
 30
0.0
 10
3.076196572019063
 20
3.124239858070854
 30
0.0
 10
3.07772347757623
 20
3.129253953395779
 30
0.0
 10
3.080803173194699
 20
3.137422547905633
 30
0.0
 10
3.086571178941237
 20
3.148291671578749
 30
0.0
 10
3.096614974774237
 20
3.160460253719644
 30
0.0
 10
3.108791571732174
 20
3.170512473700648
 30
0.0
 10
3.12273009798412
 20
3.177913788761474
 30
0.0
 10
3.137825939962419
 20
3.18254035014027
 30
0.0
 10
3.153536006346003
 20
3.184044414852688
 30
0.0
 10
3.169253192913791
 20
3.182541831894514
 30
0.0
 10
3.1843430408787
 20
3.177919398979957
 30
0.0
 10
3.198288641513078
 20
3.170516627641158
 30
0.0
 10
3.210461547535924
 20
3.160470881908922
 30
0.0
 10
3.220510327470218
 20
3.148296879239947
 30
0.0
 10
3.227104724327372
 20
3.135886304107589
 30
0.0
 10
3.231037572840009
 20
3.124316466965722
 30
0.0
 10
3.2331600595992
 20
3.114020090470468
 30
0.0
 10
3.23341516713446
 20
3.107046251177929
 30
0.0
 10
3.233543307086616
 20
3.103543307086614
 30
0.0
  0
SPLINE
  5
64D
330
1F
100
AcDbEntity
  8
0
  6
Continuous
 62
     7
370
    25
100
AcDbSpline
210
0.0
220
0.0
230
1.0
 70
     8
 71
     3
 72
    28
 73
    24
 74
     0
 42
0.00000001
 43
0.00000001
 40
0.0
 40
0.0
 40
0.0
 40
0.0
 40
0.0209953510035182
 40
0.0418151691699038
 40
0.0625491073870009
 40
0.0832879323365433
 40
0.1041223468321265
 40
0.125141816265221
 40
0.1875798371108204
 40
0.250105378093245
 40
0.3125433989401621
 40
0.3750689399214066
 40
0.4375069607679475
 40
0.5000325017493886
 40
0.5624705225952386
 40
0.6249960635775268
 40
0.6874340844258117
 40
0.7499596254056567
 40
0.8123976462532915
 40
0.8749231872336418
 40
0.91671721943634
 40
0.9581672430571048
 40
1.0
 40
1.0
 40
1.0
 40
1.0
 10
-1.966456692913385
 20
3.103543307086613
 30
0.0
 10
-1.96648890691499
 20
3.101786230067901
 30
0.0
 10
-1.966553065591189
 20
3.098286766173741
 30
0.0
 10
-1.967079300259874
 20
3.093073920390421
 30
0.0
 10
-1.967921643679138
 20
3.087927116826485
 30
0.0
 10
-1.969109957845836
 20
3.082846756102461
 30
0.0
 10
-1.970636863403012
 20
3.077832660777494
 30
0.0
 10
-1.973716559021297
 20
3.069664066267904
 30
0.0
 10
-1.979484564768044
 20
3.058794942594906
 30
0.0
 10
-1.989528360600581
 20
3.046626360454028
 30
0.0
 10
-2.001704957558537
 20
3.036574140472454
 30
0.0
 10
-2.015643483810701
 20
3.029172825411891
 30
0.0
 10
-2.030739325789217
 20
3.024546264032965
 30
0.0
 10
-2.046449392172777
 20
3.02304219932054
 30
0.0
 10
-2.062166578740526
 20
3.024544782278722
 30
0.0
 10
-2.077256426705409
 20
3.029167215193252
 30
0.0
 10
-2.091202027339842
 20
3.036569986532024
 30
0.0
 10
-2.103374933362666
 20
3.046615732264285
 30
0.0
 10
-2.113423713296994
 20
3.058789734933264
 30
0.0
 10
-2.120018110154155
 20
3.071200310065621
 30
0.0
 10
-2.123950958666777
 20
3.082770147207497
 30
0.0
 10
-2.12607344542597
 20
3.093066523702755
 30
0.0
 10
-2.12632855296123
 20
3.100040362995298
 30
0.0
 10
-2.126456692913385
 20
3.103543307086614
 30
0.0
  0
SPLINE
  5
64E
330
1F
100
AcDbEntity
  8
0
  6
Continuous
 62
     7
370
    25
100
AcDbSpline
210
0.0
220
0.0
230
1.0
 70
     8
 71
     3
 72
    28
 73
    24
 74
     0
 42
0.00000001
 43
0.00000001
 40
0.0
 40
0.0
 40
0.0
 40
0.0
 40
0.0209953510035272
 40
0.0418151691699043
 40
0.0625491073869847
 40
0.0832879323365101
 40
0.1041223468320757
 40
0.1251418162651443
 40
0.1875798371137153
 40
0.2501053780933549
 40
0.3125433989428901
 40
0.3750689399214011
 40
0.4375069607677491
 40
0.5000325017494058
 40
0.5624705225954529
 40
0.6249960635775283
 40
0.6874340844260278
 40
0.749959625405654
 40
0.8123976462533354
 40
0.8749231872337105
 40
0.9167172194363714
 40
0.9581672430571039
 40
1.0
 40
1.0
 40
1.0
 40
1.0
 10
-2.126456692913385
 20
3.103543307086613
 30
0.0
 10
-2.126424478911781
 20
3.105300384105326
 30
0.0
 10
-2.12636032023558
 20
3.108799847999485
 30
0.0
 10
-2.1258340855669
 20
3.114012693782807
 30
0.0
 10
-2.124991742147633
 20
3.119159497346736
 30
0.0
 10
-2.123803427980934
 20
3.124239858070756
 30
0.0
 10
-2.122276522423764
 20
3.12925395339572
 30
0.0
 10
-2.119196826805371
 20
3.137422547905527
 30
0.0
 10
-2.11342882105879
 20
3.148291671578643
 30
0.0
 10
-2.103385025225863
 20
3.160460253719536
 30
0.0
 10
-2.09120842826791
 20
3.170512473700696
 30
0.0
 10
-2.077269902015899
 20
3.177913788761453
 30
0.0
 10
-2.062174060037566
 20
3.182540350140261
 30
0.0
 10
-2.046463993653996
 20
3.184044414852693
 30
0.0
 10
-2.03074680708623
 20
3.182541831894499
 30
0.0
 10
-2.015656959121328
 20
3.177919398979971
 30
0.0
 10
-2.001711358486932
 20
3.170516627641174
 30
0.0
 10
-1.989538452464086
 20
3.160470881908933
 30
0.0
 10
-1.979489672529784
 20
3.148296879239947
 30
0.0
 10
-1.972895275672625
 20
3.135886304107591
 30
0.0
 10
-1.968962427159993
 20
3.124316466965721
 30
0.0
 10
-1.9668399404008
 20
3.114020090470468
 30
0.0
 10
-1.96658483286554
 20
3.107046251177927
 30
0.0
 10
-1.966456692913385
 20
3.103543307086613
 30
0.0
  0
SPLINE
  5
78A
330
1F
100
AcDbEntity
  8
0
  6
Continuous
 62
     7
370
    25
100
AcDbSpline
210
0.0
220
0.0
230
1.0
 70
     8
 71
     3
 72
    20
 73
    16
 74
     0
 42
0.00000001
 43
0.00000001
 40
0.0
 40
0.0
 40
0.0
 40
0.0
 40
0.0419834471475227
 40
0.0836139248320849
 40
0.1250706990176338
 40
0.1665352886727786
 40
0.2081891105915271
 40
0.2502111307878337
 40
0.3750682756615731
 40
0.500065411939352
 40
0.6249225568138959
 40
0.7499196930909406
 40
0.8334909291030618
 40
0.9163668142229004
 40
1.0
 40
1.0
 40
1.0
 40
1.0
 10
-3.246456692913386
 20
3.346456692913386
 30
0.0
 10
-3.248653299950877
 20
3.346416427513825
 30
0.0
 10
-3.253028046385417
 20
3.346336235239944
 30
0.0
 10
-3.259544574997469
 20
3.345678454420806
 30
0.0
 10
-3.265978241231815
 20
3.344625535701635
 30
0.0
 10
-3.272328540552466
 20
3.343140144820498
 30
0.0
 10
-3.278595707792175
 20
3.341231545937906
 30
0.0
 10
-3.288806734818762
 20
3.33738115831129
 30
0.0
 10
-3.30239279236731
 20
3.33017158056946
 30
0.0
 10
-3.317604823415529
 20
3.317615205833802
 30
0.0
 10
-3.330166205156087
 20
3.302397758417692
 30
0.0
 10
-3.338409089241659
 20
3.286884301801833
 30
0.0
 10
-3.343324310657302
 20
3.272422228290962
 30
0.0
 10
-3.34597758045027
 20
3.259551845663334
 30
0.0
 10
-3.346296505257895
 20
3.250834958934001
 30
0.0
 10
-3.346456692913387
 20
3.246456692913386
 30
0.0
  0
SPLINE
  5
84F
330
1F
100
AcDbEntity
  8
0
  6
Continuous
 62
     7
370
    25
100
AcDbSpline
210
0.0
220
0.0
230
1.0
 70
     8
 71
     3
 72
    13
 73
     9
 74
     0
 42
0.00000001
 43
0.00000001
 40
0.0
 40
0.0
 40
0.0
 40
0.0
 40
0.1256435115438557
 40
0.2499654816502366
 40
0.3743912232254948
 40
0.5003425262728739
 40
0.7499652467273966
 40
1.0
 40
1.0
 40
1.0
 40
1.0
 10
0.511811023622388
 20
0.1453241980890027
 30
0.0
 10
0.5118440514420926
 20
0.1464422904902039
 30
0.0
 10
0.5119097596888527
 20
0.1486667149922057
 30
0.0
 10
0.5124542845294844
 20
0.1519611250748393
 30
0.0
 10
0.5133262851972683
 20
0.1551843825801199
 30
0.0
 10
0.514953253654395
 20
0.15932592850989
 30
0.0
 10
0.5177228295444771
 20
0.164231282911878
 30
0.0
 10
0.5208896721060915
 20
0.1673737274066495
 30
0.0
 10
0.5224743991244627
 20
0.1689462453319035
 30
0.0
  0
SPLINE
  5
850
330
1F
100
AcDbEntity
  8
0
  6
Continuous
 62
     7
370
    25
100
AcDbSpline
210
0.0
220
0.0
230
1.0
 70
     8
 71
     3
 72
    17
 73
    13
 74
     0
 42
0.00000001
 43
0.00000001
 40
0.0
 40
0.0
 40
0.0
 40
0.0
 40
0.0627770120230649
 40
0.1250000281027934
 40
0.1872789171531784
 40
0.2502219240119161
 40
0.3749619008676142
 40
0.5001464753974284
 40
0.624886452252829
 40
0.7500710267828667
 40
0.8749245500602786
 40
1.0
 40
1.0
 40
1.0
 40
1.0
 10
0.5433070866145139
 20
0.1138281350968768
 30
0.0
 10
0.5422726249789102
 20
0.1138566113488871
 30
0.0
 10
0.5402128306472813
 20
0.1139133125550585
 30
0.0
 10
0.5371561278264292
 20
0.1143808972146548
 30
0.0
 10
0.5341566918200388
 20
0.1151306955191254
 30
0.0
 10
0.53027641288522
 20
0.1165234714914609
 30
0.0
 10
0.5256915625849929
 20
0.1189557816030401
 30
0.0
 10
0.5209029391444965
 20
0.1229083861017402
 30
0.0
 10
0.5169386722859848
 20
0.1277034472393514
 30
0.0
 10
0.5140428205577756
 20
0.1331906987923425
 30
0.0
 10
0.5121513966447595
 20
0.1391355155708355
 30
0.0
 10
0.5119245484404743
 20
0.1432600831007641
 30
0.0
 10
0.511811023622388
 20
0.1453241980890027
 30
0.0
  0
SPLINE
  5
852
330
1F
100
AcDbEntity
  8
0
  6
Continuous
 62
     7
370
    25
100
AcDbSpline
210
0.0
220
0.0
230
1.0
 70
     8
 71
     3
 72
    14
 73
    10
 74
     0
 42
0.00000001
 43
0.00000001
 40
0.0
 40
0.0
 40
0.0
 40
0.0
 40
0.0835660278445008
 40
0.1666757740803181
 40
0.2507704541826649
 40
0.5000996928901316
 40
0.7494289315976033
 40
0.8744186374473454
 40
0.9999999999999999
 40
0.9999999999999999
 40
0.9999999999999999
 40
0.9999999999999999
 10
0.6417322834649074
 20
0.125639158718924
 30
0.0
 10
0.6417133333715077
 20
0.1251239161231676
 30
0.0
 10
0.6416755366547349
 20
0.1240962442246464
 30
0.0
 10
0.6413610286310204
 20
0.1225763080727294
 30
0.0
 10
0.6405405398140799
 20
0.1201415016098626
 30
0.0
 10
0.6384915382715285
 20
0.1170623553301061
 30
0.0
 10
0.6352050591444252
 20
0.1148934578356396
 30
0.0
 10
0.6322435776587805
 20
0.1139560919395845
 30
0.0
 10
0.6306965833861992
 20
0.113870854466294
 30
0.0
 10
0.6299212598428604
 20
0.1138281350968768
 30
0.0
  0
SPLINE
  5
854
330
1F
100
AcDbEntity
  8
0
  6
Continuous
 62
     7
370
    25
100
AcDbSpline
210
0.0
220
0.0
230
1.0
 70
     8
 71
     3
 72
    16
 73
    12
 74
     0
 42
0.00000001
 43
0.00000001
 40
0.0
 40
0.0
 40
0.0
 40
0.0
 40
0.0834694150636046
 40
0.1663751374935305
 40
0.2501603928666244
 40
0.3747767716195662
 40
0.5001045623765238
 40
0.6247209411291269
 40
0.7500487318863468
 40
0.8748469888265415
 40
0.9999999999999999
 40
0.9999999999999999
 40
0.9999999999999999
 40
0.9999999999999999
 10
0.6614173228349862
 20
0.1531982138370342
 30
0.0
 10
0.6605574505389978
 20
0.1531666237096966
 30
0.0
 10
0.6588435129085148
 20
0.1531036567921109
 30
0.0
 10
0.6563103654588779
 20
0.1525805238259647
 30
0.0
 10
0.6534646906778415
 20
0.1516172605776138
 30
0.0
 10
0.6504089947975503
 20
0.1499936107862783
 30
0.0
 10
0.6474166275016587
 20
0.1475251561003401
 30
0.0
 10
0.6449378354976358
 20
0.1445272936093674
 30
0.0
 10
0.6431280481121588
 20
0.1410984872869076
 30
0.0
 10
0.6419445176358398
 20
0.137381926007911
 30
0.0
 10
0.6418030950952535
 20
0.1348039779356676
 30
0.0
 10
0.6417322834649074
 20
0.1335131744669555
 30
0.0
  0
SPLINE
  5
856
330
1F
100
AcDbEntity
  8
0
  6
Continuous
 62
     7
370
    25
100
AcDbSpline
210
0.0
220
0.0
230
1.0
 70
     8
 71
     3
 72
    16
 73
    12
 74
     0
 42
0.00000001
 43
0.00000001
 40
0.0
 40
0.0
 40
0.0
 40
0.0
 40
0.0834694150635602
 40
0.1663751374934765
 40
0.2501603928666181
 40
0.3747767716194314
 40
0.5001045623765142
 40
0.6247209411296177
 40
0.7500487318863419
 40
0.8748469888270675
 40
1.0
 40
1.0
 40
1.0
 40
1.0
 10
0.7007874015751437
 20
0.1335131744669555
 30
0.0
 10
0.7007558114478061
 20
0.1343730467629432
 30
0.0
 10
0.7006928445302204
 20
0.1360869843934257
 30
0.0
 10
0.7001697115640739
 20
0.1386201318430625
 30
0.0
 10
0.6992064483157246
 20
0.1414658066240985
 30
0.0
 10
0.6975827985243883
 20
0.1445215025043899
 30
0.0
 10
0.6951143438384456
 20
0.1475138698002838
 30
0.0
 10
0.692116481347476
 20
0.1499926618043131
 30
0.0
 10
0.6886876750250078
 20
0.1518024491897872
 30
0.0
 10
0.6849711137460142
 20
0.1529859796660976
 30
0.0
 10
0.6823931656737714
 20
0.153127402206687
 30
0.0
 10
0.6811023622050649
 20
0.1531982138370342
 30
0.0
  0
SPLINE
  5
858
330
1F
100
AcDbEntity
  8
0
  6
Continuous
 62
     7
370
    25
100
AcDbSpline
210
0.0
220
0.0
230
1.0
 70
     8
 71
     3
 72
    14
 73
    10
 74
     0
 42
0.00000001
 43
0.00000001
 40
0.0
 40
0.0
 40
0.0
 40
0.0
 40
0.0835660278446596
 40
0.1666757740804995
 40
0.2507704541826951
 40
0.5000996928901592
 40
0.7494289315975695
 40
0.8744186374483695
 40
0.9999999999999999
 40
0.9999999999999999
 40
0.9999999999999999
 40
0.9999999999999999
 10
0.712598425197191
 20
0.1138281350968768
 30
0.0
 10
0.7120831826014336
 20
0.1138470851902764
 30
0.0
 10
0.7110555107029111
 20
0.1138848819070493
 30
0.0
 10
0.7095355745509938
 20
0.1141993899307633
 30
0.0
 10
0.7071007680881288
 20
0.1150198787477057
 30
0.0
 10
0.7040216218083722
 20
0.1170688802902536
 30
0.0
 10
0.7018527243138999
 20
0.1203553594173631
 30
0.0
 10
0.7009153584178557
 20
0.1233168409030107
 30
0.0
 10
0.7008301209445621
 20
0.1248638351755919
 30
0.0
 10
0.7007874015751437
 20
0.125639158718924
 30
0.0
  0
SPLINE
  5
861
330
1F
100
AcDbEntity
  8
0
  6
Continuous
 62
     7
370
    25
100
AcDbSpline
210
0.0
220
0.0
230
1.0
 70
     8
 71
     3
 72
    25
 73
    21
 74
     0
 42
0.00000001
 43
0.00000001
 40
0.0
 40
0.0
 40
0.0
 40
0.0
 40
0.0251907550331477
 40
0.0501586532108257
 40
0.0750594664616331
 40
0.1000502212033763
 40
0.1252862649789402
 40
0.187774197317412
 40
0.2504045785711772
 40
0.3128925109095453
 40
0.3755228921633756
 40
0.5000269584174251
 40
0.6245310246714639
 40
0.6870189570096639
 40
0.7496493382636766
 40
0.8121372706015927
 40
0.8747676518558993
 40
0.9166016468797143
 40
0.9581030022977256
 40
1.0
 40
1.0
 40
1.0
 40
1.0
 10
1.183070866142073
 20
-0.4393214712027294
 30
0.0
 10
1.181775497204173
 20
-0.4392929715781968
 30
0.0
 10
1.179196219161466
 20
-0.4392362244587996
 30
0.0
 10
1.175359740062367
 20
-0.4387695541562242
 30
0.0
 10
1.171581333578759
 20
-0.438022435177192
 30
0.0
 10
1.167861082331717
 20
-0.4369676518414051
 30
0.0
 10
1.162422258604624
 20
-0.4349580213850666
 30
0.0
 10
1.155545097712435
 20
-0.4313077741381054
 30
0.0
 10
1.148059524225703
 20
-0.4251315692786835
 30
0.0
 10
1.141876565438484
 20
-0.4176365001216009
 30
0.0
 10
1.135809707029918
 20
-0.4062481435698959
 30
0.0
 10
1.132559924319529
 20
-0.3901089022470178
 30
0.0
 10
1.135808264031383
 20
-0.3739768906579271
 30
0.0
 10
1.141872366466098
 20
-0.3625875992557304
 30
0.0
 10
1.148049073170768
 20
-0.3550964147386377
 30
0.0
 10
1.155539231363421
 20
-0.3489145502231285
 30
0.0
 10
1.163173037227116
 20
-0.3448580115745703
 30
0.0
 10
1.170290703605396
 20
-0.3424373583046154
 30
0.0
 10
1.176624720618607
 20
-0.3411319520864987
 30
0.0
 10
1.180915366018467
 20
-0.3409750816618
 30
0.0
 10
1.183070866142073
 20
-0.3408962743523359
 30
0.0
  0
SPLINE
  5
86A
330
1F
100
AcDbEntity
  8
0
  6
Continuous
 62
     7
370
    25
100
AcDbSpline
210
0.0
220
0.0
230
1.0
 70
     8
 71
     3
 72
    14
 73
    10
 74
     0
 42
0.00000001
 43
0.00000001
 40
0.0
 40
0.0
 40
0.0
 40
0.0
 40
0.0835660278445237
 40
0.1666757740803164
 40
0.2507704541826075
 40
0.5000996928899832
 40
0.7494289315974533
 40
0.8744186374475638
 40
1.0
 40
1.0
 40
1.0
 40
1.0
 10
0.7795275590554587
 20
-1.756250605060997
 30
0.0
 10
0.7795465091488586
 20
-1.755735362465241
 30
0.0
 10
0.7795843058656315
 20
-1.754707690566719
 30
0.0
 10
0.779898813889346
 20
-1.753187754414803
 30
0.0
 10
0.780719302706287
 20
-1.750752947951938
 30
0.0
 10
0.7827683042488355
 20
-1.747673801672181
 30
0.0
 10
0.7860547833759423
 20
-1.745504904177716
 30
0.0
 10
0.7890162648615863
 20
-1.744567538281659
 30
0.0
 10
0.7905632591341686
 20
-1.744482300808367
 30
0.0
 10
0.7913385826775058
 20
-1.74443958143895
 30
0.0
  0
SPLINE
  5
86C
330
1F
100
AcDbEntity
  8
0
  6
Continuous
 62
     7
370
    25
100
AcDbSpline
210
0.0
220
0.0
230
1.0
 70
     8
 71
     3
 72
    16
 73
    12
 74
     0
 42
0.00000001
 43
0.00000001
 40
0.0
 40
0.0
 40
0.0
 40
0.0
 40
0.0834694150636114
 40
0.1663751374935085
 40
0.2501603928665451
 40
0.3747767716193339
 40
0.5001045623764562
 40
0.6247209411298162
 40
0.7500487318862867
 40
0.8748469888274291
 40
1.0
 40
1.0
 40
1.0
 40
1.0
 10
0.75984251968538
 20
-1.783809660179107
 30
0.0
 10
0.7607023919813684
 20
-1.78377807005177
 30
0.0
 10
0.762416329611851
 20
-1.783715103134185
 30
0.0
 10
0.7649494770614871
 20
-1.783191970168038
 30
0.0
 10
0.7677951518425226
 20
-1.782228706919691
 30
0.0
 10
0.7708508477228112
 20
-1.780605057128351
 30
0.0
 10
0.7738432150187089
 20
-1.77813660244241
 30
0.0
 10
0.776322007022742
 20
-1.775138739951443
 30
0.0
 10
0.778131794408212
 20
-1.771709933628966
 30
0.0
 10
0.7793153248845195
 20
-1.767993372349975
 30
0.0
 10
0.7794567474251107
 20
-1.765415424277731
 30
0.0
 10
0.7795275590554587
 20
-1.764124620809028
 30
0.0
  0
SPLINE
  5
86E
330
1F
100
AcDbEntity
  8
0
  6
Continuous
 62
     7
370
    25
100
AcDbSpline
210
0.0
220
0.0
230
1.0
 70
     8
 71
     3
 72
    16
 73
    12
 74
     0
 42
0.00000001
 43
0.00000001
 40
0.0
 40
0.0
 40
0.0
 40
0.0
 40
0.0834694150636633
 40
0.1663751374935832
 40
0.2501603928666811
 40
0.3747767716193932
 40
0.5001045623764981
 40
0.6247209411288989
 40
0.7500487318863616
 40
0.8748469888265032
 40
1.0
 40
1.0
 40
1.0
 40
1.0
 10
0.7204724409452226
 20
-1.764124620809029
 30
0.0
 10
0.7205040310725603
 20
-1.764984493105018
 30
0.0
 10
0.7205669979901466
 20
-1.766698430735502
 30
0.0
 10
0.7210901309562916
 20
-1.769231578185138
 30
0.0
 10
0.7220533942046421
 20
-1.772077252966174
 30
0.0
 10
0.7236770439959787
 20
-1.775132948846462
 30
0.0
 10
0.7261454986819132
 20
-1.778125316142354
 30
0.0
 10
0.7291433611728856
 20
-1.78060410814638
 30
0.0
 10
0.7325721674953457
 20
-1.782413895531858
 30
0.0
 10
0.7362887287743454
 20
-1.783597426008175
 30
0.0
 10
0.7388666768465886
 20
-1.783738848548761
 30
0.0
 10
0.7401574803153012
 20
-1.783809660179107
 30
0.0
  0
SPLINE
  5
870
330
1F
100
AcDbEntity
  8
0
  6
Continuous
 62
     7
370
    25
100
AcDbSpline
210
0.0
220
0.0
230
1.0
 70
     8
 71
     3
 72
    14
 73
    10
 74
     0
 42
0.00000001
 43
0.00000001
 40
0.0
 40
0.0
 40
0.0
 40
0.0
 40
0.0835660278445927
 40
0.1666757740803778
 40
0.2507704541826222
 40
0.5000996928902014
 40
0.7494289315976207
 40
0.874418637447606
 40
1.0
 40
1.0
 40
1.0
 40
1.0
 10
0.7086614173231751
 20
-1.74443958143895
 30
0.0
 10
0.7091766599189321
 20
-1.74445853153235
 30
0.0
 10
0.7102043318174537
 20
-1.744496328249123
 30
0.0
 10
0.7117242679693704
 20
-1.744810836272837
 30
0.0
 10
0.7141590744322367
 20
-1.745631325089779
 30
0.0
 10
0.7172382207119905
 20
-1.74768032663233
 30
0.0
 10
0.7194071182064621
 20
-1.750966805759434
 30
0.0
 10
0.7203444841025137
 20
-1.753928287245079
 30
0.0
 10
0.7204297215758051
 20
-1.75547528151766
 30
0.0
 10
0.7204724409452224
 20
-1.756250605060997
 30
0.0
  0
SPLINE
  5
872
330
1F
100
AcDbEntity
  8
0
  6
Continuous
 62
     7
370
    25
100
AcDbSpline
210
0.0
220
0.0
230
1.0
 70
     8
 71
     3
 72
    20
 73
    16
 74
     0
 42
0.00000001
 43
0.00000001
 40
0.0
 40
0.0
 40
0.0
 40
0.0
 40
0.041752826396858
 40
0.083356478958141
 40
0.1252370080905657
 40
0.1876795884293736
 40
0.2504095021673177
 40
0.3752204598511922
 40
0.5000314175350282
 40
0.6248423752189088
 40
0.749653332902746
 40
0.8120959132416794
 40
0.8748258269794779
 40
0.9373412390456636
 40
1.0
 40
1.0
 40
1.0
 40
1.0
 10
0.5224743991260354
 20
-1.799557691675363
 30
0.0
 10
0.521700694285567
 20
-1.798834938319647
 30
0.0
 10
0.5201560488850061
 20
-1.797392013849934
 30
0.0
 10
0.5181280722709954
 20
-1.794940737410522
 30
0.0
 10
0.5160463729071129
 20
-1.791880177438967
 30
0.0
 10
0.5141179679294091
 20
-1.788091571175909
 30
0.0
 10
0.5121279167325778
 20
-1.782058047403141
 30
0.0
 10
0.5113811480468504
 20
-1.774047219200295
 30
0.0
 10
0.5133941373201156
 20
-1.764629769692716
 30
0.0
 10
0.5181136072362846
 20
-1.756234329448894
 30
0.0
 10
0.5239668356872346
 20
-1.750727536172424
 30
0.0
 10
0.5294491522950056
 20
-1.747512187405351
 30
0.0
 10
0.5338881767247525
 20
-1.745765611684168
 30
0.0
 10
0.5385428924651005
 20
-1.744643289704138
 30
0.0
 10
0.541717809931075
 20
-1.744507536015513
 30
0.0
 10
0.5433070866145139
 20
-1.74443958143895
 30
0.0
  0
SPLINE
  5
874
330
1F
100
AcDbEntity
  8
0
  6
Continuous
 62
     7
370
    25
100
AcDbSpline
210
0.0
220
0.0
230
1.0
 70
     8
 71
     3
 72
    20
 73
    16
 74
     0
 42
0.00000001
 43
0.00000001
 40
0.0
 40
0.0
 40
0.0
 40
0.0
 40
0.0417528263970244
 40
0.0833564789583139
 40
0.1252370080905972
 40
0.1876795884298629
 40
0.2504095021673244
 40
0.3752204598511805
 40
0.5000314175350606
 40
0.6248423752188961
 40
0.7496533329027701
 40
0.8120959132415528
 40
0.8748258269795134
 40
0.9373412390458576
 40
0.9999999999999999
 40
0.9999999999999999
 40
0.9999999999999999
 40
0.9999999999999999
 10
0.133858267716876
 20
-1.74443958143895
 30
0.0
 10
0.1349166027568468
 20
-1.744469888806736
 30
0.0
 10
0.1370294916341482
 20
-1.744530395260624
 30
0.0
 10
0.1401718410579928
 20
-1.74502747214388
 30
0.0
 10
0.143757485720235
 20
-1.745945977417279
 30
0.0
 10
0.1477097169503942
 20
-1.747511912115103
 30
0.0
 10
0.1531930562060158
 20
-1.750720759803959
 30
0.0
 10
0.1590517975253542
 20
-1.756234939898804
 30
0.0
 10
0.1637711129157172
 20
-1.764629494281761
 30
0.0
 10
0.1657845722365188
 20
-1.774047710394204
 30
0.0
 10
0.1650370522809721
 20
-1.782049352063559
 30
0.0
 10
0.1630520681291053
 20
-1.788087075227022
 30
0.0
 10
0.1608780510577922
 20
-1.792333145694101
 30
0.0
 10
0.1581293604650155
 20
-1.796253692247263
 30
0.0
 10
0.155837964990431
 20
-1.798455518025741
 30
0.0
 10
0.1546909552053543
 20
-1.799557691675363
 30
0.0
  0
SPLINE
  5
876
330
1F
100
AcDbEntity
  8
0
  6
Continuous
 62
     7
370
    25
100
AcDbSpline
210
0.0
220
0.0
230
1.0
 70
     8
 71
     3
 72
    14
 73
    10
 74
     0
 42
0.00000001
 43
0.00000001
 40
0.0
 40
0.0
 40
0.0
 40
0.0
 40
0.0835660278444135
 40
0.166675774080229
 40
0.2507704541825849
 40
0.5000996928899709
 40
0.749428931597524
 40
0.8744186374473691
 40
0.9999999999999999
 40
0.9999999999999999
 40
0.9999999999999999
 40
0.9999999999999999
 10
-0.0433070866139902
 20
-1.756250605060997
 30
0.0
 10
-0.0432881365205905
 20
-1.755735362465241
 30
0.0
 10
-0.0432503398038173
 20
-1.754707690566721
 30
0.0
 10
-0.042935831780103
 20
-1.753187754414804
 30
0.0
 10
-0.0421153429631629
 20
-1.750752947951939
 30
0.0
 10
-0.040066341420611
 20
-1.747673801672181
 30
0.0
 10
-0.0367798622935093
 20
-1.745504904177712
 30
0.0
 10
-0.0338183808078633
 20
-1.744567538281658
 30
0.0
 10
-0.0322713865352815
 20
-1.744482300808367
 30
0.0
 10
-0.031496062991943
 20
-1.74443958143895
 30
0.0
  0
SPLINE
  5
878
330
1F
100
AcDbEntity
  8
0
  6
Continuous
 62
     7
370
    25
100
AcDbSpline
210
0.0
220
0.0
230
1.0
 70
     8
 71
     3
 72
    16
 73
    12
 74
     0
 42
0.00000001
 43
0.00000001
 40
0.0
 40
0.0
 40
0.0
 40
0.0
 40
0.0834694150637106
 40
0.1663751374936163
 40
0.2501603928665921
 40
0.3747767716190343
 40
0.5001045623764506
 40
0.6247209411291381
 40
0.7500487318862933
 40
0.8748469888271165
 40
1.0
 40
1.0
 40
1.0
 40
1.0
 10
-0.0629921259840689
 20
-1.783809660179107
 30
0.0
 10
-0.0621322536880795
 20
-1.78377807005177
 30
0.0
 10
-0.0604183160575956
 20
-1.783715103134185
 30
0.0
 10
-0.0578851686079588
 20
-1.783191970168039
 30
0.0
 10
-0.0550394938269277
 20
-1.782228706919692
 30
0.0
 10
-0.051983797946641
 20
-1.780605057128351
 30
0.0
 10
-0.0489914306507468
 20
-1.778136602442417
 30
0.0
 10
-0.0465126386467103
 20
-1.775138739951448
 30
0.0
 10
-0.0447028512612391
 20
-1.771709933628976
 30
0.0
 10
-0.0435193207849272
 20
-1.767993372349979
 30
0.0
 10
-0.0433778982443375
 20
-1.765415424277735
 30
0.0
 10
-0.0433070866139902
 20
-1.764124620809028
 30
0.0
  0
SPLINE
  5
87A
330
1F
100
AcDbEntity
  8
0
  6
Continuous
 62
     7
370
    25
100
AcDbSpline
210
0.0
220
0.0
230
1.0
 70
     8
 71
     3
 72
    16
 73
    12
 74
     0
 42
0.00000001
 43
0.00000001
 40
0.0
 40
0.0
 40
0.0
 40
0.0
 40
0.0834694150636622
 40
0.1663751374935824
 40
0.250160392866678
 40
0.3747767716195476
 40
0.5001045623765176
 40
0.6247209411291906
 40
0.7500487318863504
 40
0.8748469888265872
 40
1.0
 40
1.0
 40
1.0
 40
1.0
 10
-0.1023622047242264
 20
-1.764124620809028
 30
0.0
 10
-0.1023306145968888
 20
-1.764984493105017
 30
0.0
 10
-0.1022676476793032
 20
-1.7666984307355
 30
0.0
 10
-0.1017445147131572
 20
-1.76923157818514
 30
0.0
 10
-0.1007812514648072
 20
-1.772077252966174
 30
0.0
 10
-0.0991576016734697
 20
-1.775132948846465
 30
0.0
 10
-0.0966891469875323
 20
-1.778125316142356
 30
0.0
 10
-0.0936912844965603
 20
-1.780604108146381
 30
0.0
 10
-0.0902624781741001
 20
-1.78241389553186
 30
0.0
 10
-0.0865459168951026
 20
-1.783597426008174
 30
0.0
 10
-0.0839679688228592
 20
-1.783738848548761
 30
0.0
 10
-0.0826771653541477
 20
-1.783809660179107
 30
0.0
  0
SPLINE
  5
87C
330
1F
100
AcDbEntity
  8
0
  6
Continuous
 62
     7
370
    25
100
AcDbSpline
210
0.0
220
0.0
230
1.0
 70
     8
 71
     3
 72
    14
 73
    10
 74
     0
 42
0.00000001
 43
0.00000001
 40
0.0
 40
0.0
 40
0.0
 40
0.0
 40
0.08356602784448
 40
0.1666757740802811
 40
0.250770454182646
 40
0.5000996928901745
 40
0.7494289315975923
 40
0.8744186374472787
 40
1.0
 40
1.0
 40
1.0
 40
1.0
 10
-0.1141732283462737
 20
-1.74443958143895
 30
0.0
 10
-0.1136579857505175
 20
-1.74445853153235
 30
0.0
 10
-0.1126303138519965
 20
-1.744496328249123
 30
0.0
 10
-0.1111103777000797
 20
-1.744810836272837
 30
0.0
 10
-0.1086755712372124
 20
-1.745631325089776
 30
0.0
 10
-0.1055964249574584
 20
-1.747680326632332
 30
0.0
 10
-0.1034275274629902
 20
-1.750966805759433
 30
0.0
 10
-0.1024901615669339
 20
-1.753928287245077
 30
0.0
 10
-0.1024049240936436
 20
-1.755475281517658
 30
0.0
 10
-0.1023622047242264
 20
-1.756250605060997
 30
0.0
  0
SPLINE
  5
885
330
1F
100
AcDbEntity
  8
0
  6
Continuous
 62
     7
370
    25
100
AcDbSpline
210
0.0
220
0.0
230
1.0
 70
     8
 71
     3
 72
    25
 73
    21
 74
     0
 42
0.00000001
 43
0.00000001
 40
0.0
 40
0.0
 40
0.0
 40
0.0
 40
0.0251907550331798
 40
0.0501586532108747
 40
0.0750594664616825
 40
0.1000502212034109
 40
0.1252862649789448
 40
0.1877741973171906
 40
0.2504045785711654
 40
0.3128925109093118
 40
0.3755228921633832
 40
0.500026958417421
 40
0.624531024671469
 40
0.6870189570096229
 40
0.749649338263688
 40
0.8121372706018314
 40
0.874767651855903
 40
0.9166016468798368
 40
0.9581030022978498
 40
1.0
 40
1.0
 40
1.0
 40
1.0
 10
-0.5059055118108408
 20
-0.3408962743523359
 30
0.0
 10
-0.5046101428729389
 20
-0.3409247739768684
 30
0.0
 10
-0.5020308648302294
 20
-0.3409815210962656
 30
0.0
 10
-0.4981943857311274
 20
-0.3414481913988408
 30
0.0
 10
-0.4944159792475197
 20
-0.3421953103778731
 30
0.0
 10
-0.4906957280004807
 20
-0.3432500937136598
 30
0.0
 10
-0.4852569042734015
 20
-0.3452597241699951
 30
0.0
 10
-0.4783797433812215
 20
-0.3489099714169676
 30
0.0
 10
-0.4708941698944879
 20
-0.355086176276366
 30
0.0
 10
-0.4647112111072458
 20
-0.3625812454334472
 30
0.0
 10
-0.4586443526986956
 20
-0.3739696019851622
 30
0.0
 10
-0.455394569988292
 20
-0.3901088433080485
 30
0.0
 10
-0.4586429097001565
 20
-0.4062408548971336
 30
0.0
 10
-0.4647070121348538
 20
-0.4176301462993409
 30
0.0
 10
-0.470883718839545
 20
-0.4251213308164333
 30
0.0
 10
-0.4783738770321971
 20
-0.4313031953319455
 30
0.0
 10
-0.4860076828958989
 20
-0.4353597339805042
 30
0.0
 10
-0.4931253492741776
 20
-0.4377803872504462
 30
0.0
 10
-0.4994593662873875
 20
-0.4390857934685657
 30
0.0
 10
-0.503750011687242
 20
-0.4392426638932649
 30
0.0
 10
-0.5059055118108408
 20
-0.4393214712027294
 30
0.0
  0
SPLINE
  5
88E
330
1F
100
AcDbEntity
  8
0
  6
Continuous
 62
     7
370
    25
100
AcDbSpline
210
0.0
220
0.0
230
1.0
 70
     8
 71
     3
 72
    14
 73
    10
 74
     0
 42
0.00000001
 43
0.00000001
 40
0.0
 40
0.0
 40
0.0
 40
0.0
 40
0.083566027844714
 40
0.1666757740805403
 40
0.2507704541826983
 40
0.5000996928901492
 40
0.7494289315975866
 40
0.8744186374475348
 40
1.0
 40
1.0
 40
1.0
 40
1.0
 10
-0.0236220472439115
 20
0.125639158718924
 30
0.0
 10
-0.023640997337311
 20
0.1251239161231663
 30
0.0
 10
-0.0236787940540839
 20
0.1240962442246436
 30
0.0
 10
-0.023993302077798
 20
0.1225763080727263
 30
0.0
 10
-0.0248137908947407
 20
0.1201415016098615
 30
0.0
 10
-0.0268627924372894
 20
0.1170623553301058
 30
0.0
 10
-0.0301492715643945
 20
0.1148934578356375
 30
0.0
 10
-0.0331107530500397
 20
0.1139560919395853
 30
0.0
 10
-0.0346577473226211
 20
0.1138708544662943
 30
0.0
 10
-0.0354330708659587
 20
0.1138281350968768
 30
0.0
  0
SPLINE
  5
890
330
1F
100
AcDbEntity
  8
0
  6
Continuous
 62
     7
370
    25
100
AcDbSpline
210
0.0
220
0.0
230
1.0
 70
     8
 71
     3
 72
    16
 73
    12
 74
     0
 42
0.00000001
 43
0.00000001
 40
0.0
 40
0.0
 40
0.0
 40
0.0
 40
0.0834694150637253
 40
0.1663751374936505
 40
0.2501603928666433
 40
0.3747767716192805
 40
0.5001045623764914
 40
0.6247209411291573
 40
0.7500487318863577
 40
0.8748469888269327
 40
0.9999999999999999
 40
0.9999999999999999
 40
0.9999999999999999
 40
0.9999999999999999
 10
-0.0039370078738327
 20
0.1531982138370342
 30
0.0
 10
-0.0047968801698221
 20
0.1531666237096967
 30
0.0
 10
-0.0065108178003064
 20
0.1531036567921111
 30
0.0
 10
-0.0090439652499437
 20
0.1525805238259652
 30
0.0
 10
-0.0118896400309761
 20
0.1516172605776145
 30
0.0
 10
-0.0149453359112636
 20
0.149993610786276
 30
0.0
 10
-0.0179377032071574
 20
0.1475251561003416
 30
0.0
 10
-0.0204164952111896
 20
0.1445272936093718
 30
0.0
 10
-0.0222262825966621
 20
0.1410984872869037
 30
0.0
 10
-0.023409813072976
 20
0.1373819260079065
 30
0.0
 10
-0.0235512356135646
 20
0.1348039779356634
 30
0.0
 10
-0.0236220472439115
 20
0.1335131744669555
 30
0.0
  0
SPLINE
  5
892
330
1F
100
AcDbEntity
  8
0
  6
Continuous
 62
     7
370
    25
100
AcDbSpline
210
0.0
220
0.0
230
1.0
 70
     8
 71
     3
 72
    16
 73
    12
 74
     0
 42
0.00000001
 43
0.00000001
 40
0.0
 40
0.0
 40
0.0
 40
0.0
 40
0.0834694150635803
 40
0.1663751374934977
 40
0.2501603928666208
 40
0.37477677161941
 40
0.500104562376524
 40
0.6247209411293774
 40
0.7500487318863442
 40
0.8748469888268798
 40
1.0
 40
1.0
 40
1.0
 40
1.0
 10
0.0354330708663249
 20
0.1335131744669555
 30
0.0
 10
0.0354014807389873
 20
0.1343730467629435
 30
0.0
 10
0.0353385138214017
 20
0.1360869843934261
 30
0.0
 10
0.0348153808552552
 20
0.138620131843063
 30
0.0
 10
0.0338521176069056
 20
0.1414658066240984
 30
0.0
 10
0.032228467815569
 20
0.1445215025043896
 30
0.0
 10
0.0297600131296285
 20
0.1475138698002819
 30
0.0
 10
0.0267621506386584
 20
0.1499926618043106
 30
0.0
 10
0.0233333443161927
 20
0.1518024491897853
 30
0.0
 10
0.0196167830371977
 20
0.1529859796660989
 30
0.0
 10
0.0170388349649545
 20
0.1531274022066874
 30
0.0
 10
0.0157480314962461
 20
0.1531982138370342
 30
0.0
  0
SPLINE
  5
894
330
1F
100
AcDbEntity
  8
0
  6
Continuous
 62
     7
370
    25
100
AcDbSpline
210
0.0
220
0.0
230
1.0
 70
     8
 71
     3
 72
    14
 73
    10
 74
     0
 42
0.00000001
 43
0.00000001
 40
0.0
 40
0.0
 40
0.0
 40
0.0
 40
0.0835660278445273
 40
0.1666757740803616
 40
0.2507704541827013
 40
0.5000996928900682
 40
0.7494289315975327
 40
0.8744186374473357
 40
1.0
 40
1.0
 40
1.0
 40
1.0
 10
0.0472440944883721
 20
0.1138281350968768
 30
0.0
 10
0.0467288518926155
 20
0.1138470851902764
 30
0.0
 10
0.045701179994094
 20
0.1138848819070495
 30
0.0
 10
0.0441812438421767
 20
0.1141993899307638
 30
0.0
 10
0.0417464373793105
 20
0.1150198787477046
 30
0.0
 10
0.0386672910995549
 20
0.1170688802902552
 30
0.0
 10
0.0364983936050868
 20
0.1203553594173582
 30
0.0
 10
0.0355610277090326
 20
0.1233168409030033
 30
0.0
 10
0.0354757902357422
 20
0.1248638351755852
 30
0.0
 10
0.0354330708663249
 20
0.125639158718924
 30
0.0
  0
SPLINE
  5
896
330
1F
100
AcDbEntity
  8
0
  6
Continuous
 62
     7
370
    25
100
AcDbSpline
210
0.0
220
0.0
230
1.0
 70
     8
 71
     3
 72
    20
 73
    16
 74
     0
 42
0.00000001
 43
0.00000001
 40
0.0
 40
0.0
 40
0.0
 40
0.0
 40
0.0417528263971093
 40
0.0833564789583983
 40
0.125237008090578
 40
0.1876795884295646
 40
0.2504095021672894
 40
0.3752204598511649
 40
0.5000314175350374
 40
0.6248423752189128
 40
0.7496533329027998
 40
0.8120959132416401
 40
0.8748258269794946
 40
0.9373412390460022
 40
1.0
 40
1.0
 40
1.0
 40
1.0
 10
0.1546909552069291
 20
0.1689462453319029
 30
0.0
 10
0.1554646600473334
 20
0.1682234919761514
 30
0.0
 10
0.1570093054477615
 20
0.1667805675063729
 30
0.0
 10
0.1590372820615648
 20
0.1643292910669005
 30
0.0
 10
0.1611189814251991
 20
0.1612687310953028
 30
0.0
 10
0.1630473864026291
 20
0.1574801248322435
 30
0.0
 10
0.1650374375990994
 20
0.1514466010595452
 30
0.0
 10
0.1657842062844326
 20
0.1434357728568931
 30
0.0
 10
0.1637712170108747
 20
0.1340183233496542
 30
0.0
 10
0.1590517470945919
 20
0.1256228831062036
 30
0.0
 10
0.15319851864369
 20
0.1201160898300208
 30
0.0
 10
0.1477162020360332
 20
0.1169007410630977
 30
0.0
 10
0.1432771776063768
 20
0.1151541653420211
 30
0.0
 10
0.1386224618661493
 20
0.1140318433620575
 30
0.0
 10
0.1354475444002625
 20
0.113896089673437
 30
0.0
 10
0.133858267716876
 20
0.1138281350968768
 30
0.0
  0
SPLINE
  5
AEA
330
1F
100
AcDbEntity
  8
0
  6
Continuous
 62
     7
370
    25
100
AcDbSpline
210
0.0
220
0.0
230
1.0
 70
     8
 71
     3
 72
    14
 73
    10
 74
     0
 42
0.00000001
 43
0.00000001
 40
0.0
 40
0.0
 40
0.0
 40
0.0
 40
0.1506502076212935
 40
0.2984457248455551
 40
0.4435323828633701
 40
0.5860643312379386
 40
0.7262041535531433
 40
0.8641228968928303
 40
1.0
 40
1.0
 40
1.0
 40
1.0
 10
0.1546909552053548
 20
-1.799557691675366
 30
0.0
 10
0.1538242357331916
 20
-1.800275859511128
 30
0.0
 10
0.1521072203689795
 20
-1.801698586526835
 30
0.0
 10
0.1492652895129528
 20
-1.803468431779262
 30
0.0
 10
0.1463076445179544
 20
-1.804929458324337
 30
0.0
 10
0.1432501123809152
 20
-1.806057582626522
 30
0.0
 10
0.1401357073372564
 20
-1.806850961407097
 30
0.0
 10
0.1369984860217641
 20
-1.807341544558426
 30
0.0
 10
0.1348997906362118
 20
-1.807401802913065
 30
0.0
 10
0.1338582677168764
 20
-1.807431707423204
 30
0.0
  0
SPLINE
  5
AEB
330
1F
100
AcDbEntity
  8
0
  6
Continuous
 62
     7
370
    25
100
AcDbSpline
210
0.0
220
0.0
230
1.0
 70
     8
 71
     3
 72
    14
 73
    10
 74
     0
 42
0.00000001
 43
0.00000001
 40
0.0
 40
0.0
 40
0.0
 40
0.0
 40
0.1358771031133695
 40
0.2737958464572007
 40
0.4139356687744805
 40
0.5564676171490383
 40
0.7015542751647811
 40
0.8493497923848958
 40
1.0
 40
1.0
 40
1.0
 40
1.0
 10
0.5433070866145143
 20
-1.807431707423204
 30
0.0
 10
0.5422655636951321
 20
-1.807401802913062
 30
0.0
 10
0.5401668683095019
 20
-1.807341544558418
 30
0.0
 10
0.5370296469939198
 20
-1.806850961407055
 30
0.0
 10
0.533915241950222
 20
-1.806057582626443
 30
0.0
 10
0.5308577098131921
 20
-1.804929458324232
 30
0.0
 10
0.5279000648182482
 20
-1.803468431779153
 30
0.0
 10
0.5250581339623115
 20
-1.801698586526757
 30
0.0
 10
0.5233411185981619
 20
-1.800275859511099
 30
0.0
 10
0.5224743991260359
 20
-1.799557691675366
 30
0.0
  0
SPLINE
  5
B08
330
1F
100
AcDbEntity
  8
0
  6
Continuous
 62
     7
370
    25
100
AcDbSpline
210
0.0
220
0.0
230
1.0
 70
     8
 71
     3
 72
    13
 73
     9
 74
     0
 42
0.00000001
 43
0.00000001
 40
0.0
 40
0.0
 40
0.0
 40
0.0
 40
0.1237708699975353
 40
0.247023093618255
 40
0.3709011070383446
 40
0.4965322457115106
 40
0.7462404631714882
 40
1.0
 40
1.0
 40
1.0
 40
1.0
 10
0.5433070866145134
 20
0.1768202610810703
 30
0.0
 10
0.5423586912949775
 20
0.1767959847740042
 30
0.0
 10
0.540465874788076
 20
0.1767475338867056
 30
0.0
 10
0.5376501899304509
 20
0.1763499796046387
 30
0.0
 10
0.5348720208494043
 20
0.1757143085641675
 30
0.0
 10
0.5312605490247568
 20
0.1745280002209266
 30
0.0
 10
0.5269098165494402
 20
0.1724827725181548
 30
0.0
 10
0.523960781726631
 20
0.1701313947728866
 30
0.0
 10
0.5224743991244625
 20
0.1689462453319033
 30
0.0
  0
SPLINE
  5
B09
330
1F
100
AcDbEntity
  8
0
  6
Continuous
 62
     7
370
    25
100
AcDbSpline
210
0.0
220
0.0
230
1.0
 70
     8
 71
     3
 72
    13
 73
     9
 74
     0
 42
0.00000001
 43
0.00000001
 40
0.0
 40
0.0
 40
0.0
 40
0.0
 40
0.1269377008090685
 40
0.2525219100436047
 40
0.3778348096010055
 40
0.5039655649541367
 40
0.7517888954700779
 40
1.0
 40
1.0
 40
1.0
 40
1.0
 10
0.1546909552069294
 20
0.1689462453319027
 30
0.0
 10
0.1539646672916846
 20
0.1695546273512251
 30
0.0
 10
0.1525198356110237
 20
0.1707649044286915
 30
0.0
 10
0.1501459401193063
 20
0.1723300455578449
 30
0.0
 10
0.1476429026355073
 20
0.1736913665837078
 30
0.0
 10
0.1441634164400894
 20
0.1751853877573219
 30
0.0
 10
0.1395684659118043
 20
0.1765329153309605
 30
0.0
 10
0.1357626588427616
 20
0.1767244292591152
 30
0.0
 10
0.1338582677168763
 20
0.1768202610810244
 30
0.0
  0
SPLINE
  5
B0A
330
1F
100
AcDbEntity
  8
0
  6
Continuous
 62
     7
370
    25
100
AcDbSpline
210
0.0
220
0.0
230
1.0
 70
     8
 71
     3
 72
    14
 73
    10
 74
     0
 42
0.00000001
 43
0.00000001
 40
0.0
 40
0.0
 40
0.0
 40
0.0
 40
0.25
 40
0.25
 40
0.5
 40
0.5
 40
0.75
 40
0.75
 40
1.0
 40
1.0
 40
1.0
 40
1.0
 10
1.183070866142073
 20
-0.4019198963997798
 30
0.0
 10
1.179978747388488
 20
-0.4019198963997798
 30
0.0
 10
1.176905669384922
 20
-0.4006469858124727
 30
0.0
 10
1.172532753107133
 20
-0.3962740695346837
 30
0.0
 10
1.171259842519826
 20
-0.3932009915311185
 30
0.0
 10
1.171259842519826
 20
-0.3870167540239475
 30
0.0
 10
1.172532753107133
 20
-0.3839436760203822
 30
0.0
 10
1.176905669384922
 20
-0.3795707597425935
 30
0.0
 10
1.179978747388488
 20
-0.3782978491552864
 30
0.0
 10
1.183070866142073
 20
-0.3782978491552863
 30
0.0
  0
SPLINE
  5
B0C
330
1F
100
AcDbEntity
  8
0
  6
Continuous
 62
     7
370
    25
100
AcDbSpline
210
0.0
220
0.0
230
1.0
 70
     8
 71
     3
 72
    14
 73
    10
 74
     0
 42
0.00000001
 43
0.00000001
 40
0.0
 40
0.0
 40
0.0
 40
0.0
 40
0.25
 40
0.25
 40
0.5
 40
0.5
 40
0.75
 40
0.75
 40
1.0
 40
1.0
 40
1.0
 40
1.0
 10
1.183070866142073
 20
-0.4216049357696599
 30
0.0
 10
1.17482521613265
 20
-0.4216049357696598
 30
0.0
 10
1.166630341456615
 20
-0.418210507536898
 30
0.0
 10
1.154969231382708
 20
-0.4065493974629913
 30
0.0
 10
1.151574803149946
 20
-0.3983545227869554
 30
0.0
 10
1.151574803149946
 20
-0.3818632227681109
 30
0.0
 10
1.154969231382708
 20
-0.3736683480920749
 30
0.0
 10
1.166630341456614
 20
-0.362007238018168
 30
0.0
 10
1.174825216132651
 20
-0.3586128097854062
 30
0.0
 10
1.183070866142073
 20
-0.3586128097854062
 30
0.0
  0
SPLINE
  5
B0E
330
1F
100
AcDbEntity
  8
0
  6
Continuous
 62
     7
370
    25
100
AcDbSpline
210
0.0
220
0.0
230
1.0
 70
     8
 71
     3
 72
    14
 73
    10
 74
     0
 42
0.00000001
 43
0.00000001
 40
0.0
 40
0.0
 40
0.0
 40
0.0
 40
0.25
 40
0.25
 40
0.5
 40
0.5
 40
0.75
 40
0.75
 40
1.0
 40
1.0
 40
1.0
 40
1.0
 10
1.183070866142073
 20
-0.3782978491552863
 30
0.0
 10
1.186162984895658
 20
-0.3782978491552861
 30
0.0
 10
1.189236062899224
 20
-0.3795707597425935
 30
0.0
 10
1.193608979177012
 20
-0.3839436760203822
 30
0.0
 10
1.19488188976432
 20
-0.3870167540239476
 30
0.0
 10
1.19488188976432
 20
-0.3932009915311185
 30
0.0
 10
1.193608979177013
 20
-0.3962740695346837
 30
0.0
 10
1.189236062899224
 20
-0.4006469858124727
 30
0.0
 10
1.186162984895658
 20
-0.4019198963997798
 30
0.0
 10
1.183070866142073
 20
-0.4019198963997798
 30
0.0
  0
SPLINE
  5
B0F
330
1F
100
AcDbEntity
  8
0
  6
Continuous
 62
     7
370
    25
100
AcDbSpline
210
0.0
220
0.0
230
1.0
 70
     8
 71
     3
 72
    14
 73
    10
 74
     0
 42
0.00000001
 43
0.00000001
 40
0.0
 40
0.0
 40
0.0
 40
0.0
 40
0.25
 40
0.25
 40
0.5
 40
0.5
 40
0.75
 40
0.75
 40
1.0
 40
1.0
 40
1.0
 40
1.0
 10
1.183070866142073
 20
-0.3586128097854062
 30
0.0
 10
1.191316516151495
 20
-0.3586128097854062
 30
0.0
 10
1.199511390827531
 20
-0.362007238018168
 30
0.0
 10
1.211172500901438
 20
-0.3736683480920747
 30
0.0
 10
1.2145669291342
 20
-0.3818632227681107
 30
0.0
 10
1.2145669291342
 20
-0.3983545227869553
 30
0.0
 10
1.211172500901438
 20
-0.4065493974629913
 30
0.0
 10
1.199511390827531
 20
-0.4182105075368981
 30
0.0
 10
1.191316516151495
 20
-0.4216049357696598
 30
0.0
 10
1.183070866142073
 20
-0.4216049357696599
 30
0.0
  0
SPLINE
  5
B11
330
1F
100
AcDbEntity
  8
0
  6
Continuous
 62
     7
370
    25
100
AcDbSpline
210
0.0
220
0.0
230
1.0
 70
     8
 71
     3
 72
    14
 73
    10
 74
     0
 42
0.00000001
 43
0.00000001
 40
0.0
 40
0.0
 40
0.0
 40
0.0
 40
0.25
 40
0.25
 40
0.5
 40
0.5
 40
0.75
 40
0.75
 40
1.0
 40
1.0
 40
1.0
 40
1.0
 10
-0.5059055118108401
 20
-0.378297849155404
 30
0.0
 10
-0.5028133930572853
 20
-0.378297849155404
 30
0.0
 10
-0.4997403150537509
 20
-0.3795707597426984
 30
0.0
 10
-0.4953673987760056
 20
-0.3839436760204437
 30
0.0
 10
-0.4940944881887112
 20
-0.3870167540239784
 30
0.0
 10
-0.4940944881887112
 20
-0.3932009915310877
 30
0.0
 10
-0.4953673987760057
 20
-0.3962740695346223
 30
0.0
 10
-0.4997403150537509
 20
-0.4006469858123676
 30
0.0
 10
-0.5028133930572855
 20
-0.401919896399662
 30
0.0
 10
-0.5059055118108401
 20
-0.401919896399662
 30
0.0
  0
SPLINE
  5
B13
330
1F
100
AcDbEntity
  8
0
  6
Continuous
 62
     7
370
    25
100
AcDbSpline
210
0.0
220
0.0
230
1.0
 70
     8
 71
     3
 72
    14
 73
    10
 74
     0
 42
0.00000001
 43
0.00000001
 40
0.0
 40
0.0
 40
0.0
 40
0.0
 40
0.25
 40
0.25
 40
0.5
 40
0.5
 40
0.75
 40
0.75
 40
1.0
 40
1.0
 40
1.0
 40
1.0
 10
-0.5059055118108402
 20
-0.3586128097854064
 30
0.0
 10
-0.4976598618014147
 20
-0.3586128097853961
 30
0.0
 10
-0.4894649871253715
 20
-0.3620072380181507
 30
0.0
 10
-0.4778038770514492
 20
-0.3736683480920509
 30
0.0
 10
-0.4744094488186793
 20
-0.3818632227680879
 30
0.0
 10
-0.4744094488186691
 20
-0.3983545227869388
 30
0.0
 10
-0.4778038770514286
 20
-0.40654939746298
 30
0.0
 10
-0.4894649871253364
 20
-0.418210507536895
 30
0.0
 10
-0.4976598618013754
 20
-0.4216049357696596
 30
0.0
 10
-0.5059055118108008
 20
-0.4216049357696596
 30
0.0
  0
SPLINE
  5
B14
330
1F
100
AcDbEntity
  8
0
  6
Continuous
 62
     7
370
    25
100
AcDbSpline
210
0.0
220
0.0
230
1.0
 70
     8
 71
     3
 72
    14
 73
    10
 74
     0
 42
0.00000001
 43
0.00000001
 40
0.0
 40
0.0
 40
0.0
 40
0.0
 40
0.25
 40
0.25
 40
0.5
 40
0.5
 40
0.75
 40
0.75
 40
1.0
 40
1.0
 40
1.0
 40
1.0
 10
-0.5059055118108401
 20
-0.401919896399662
 30
0.0
 10
-0.5089976305643947
 20
-0.4019198963996621
 30
0.0
 10
-0.5120707085679295
 20
-0.4006469858123675
 30
0.0
 10
-0.5164436248456745
 20
-0.3962740695346223
 30
0.0
 10
-0.5177165354329692
 20
-0.3932009915310877
 30
0.0
 10
-0.5177165354329692
 20
-0.3870167540239783
 30
0.0
 10
-0.5164436248456747
 20
-0.3839436760204438
 30
0.0
 10
-0.5120707085679295
 20
-0.3795707597426985
 30
0.0
 10
-0.5089976305643948
 20
-0.378297849155404
 30
0.0
 10
-0.5059055118108401
 20
-0.378297849155404
 30
0.0
  0
SPLINE
  5
B15
330
1F
100
AcDbEntity
  8
0
  6
Continuous
 62
     7
370
    25
100
AcDbSpline
210
0.0
220
0.0
230
1.0
 70
     8
 71
     3
 72
    14
 73
    10
 74
     0
 42
0.00000001
 43
0.00000001
 40
0.0
 40
0.0
 40
0.0
 40
0.0
 40
0.25
 40
0.25
 40
0.5
 40
0.5
 40
0.75
 40
0.75
 40
1.0
 40
1.0
 40
1.0
 40
1.0
 10
-0.5059055118108007
 20
-0.4216049357696596
 30
0.0
 10
-0.5141511618202196
 20
-0.4216049357696596
 30
0.0
 10
-0.5223460364962522
 20
-0.4182105075369008
 30
0.0
 10
-0.534007146570158
 20
-0.4065493974630022
 30
0.0
 10
-0.5374015748029223
 20
-0.3983545227869718
 30
0.0
 10
-0.5374015748029325
 20
-0.3818632227681339
 30
0.0
 10
-0.5340071465701787
 20
-0.3736683480920991
 30
0.0
 10
-0.5223460364962875
 20
-0.3620072380181861
 30
0.0
 10
-0.5141511618202592
 20
-0.3586128097854168
 30
0.0
 10
-0.5059055118108402
 20
-0.3586128097854064
 30
0.0
  0
SPLINE
  5
B1A
330
1F
100
AcDbEntity
  8
0
  6
Continuous
 62
     7
370
    25
100
AcDbSpline
210
0.0
220
0.0
230
1.0
 70
     8
 71
     3
 72
    16
 73
    12
 74
     0
 42
0.00000001
 43
0.00000001
 40
0.0
 40
0.0
 40
0.0
 40
0.0
 40
0.0834964662866322
 40
0.1664021674250857
 40
0.2501617149360936
 40
0.3748373563158265
 40
0.5001058409773937
 40
0.6247814823570035
 40
0.750049967018712
 40
0.8748771033302385
 40
1.0
 40
1.0
 40
1.0
 40
1.0
 10
1.17755905511845
 20
0.0965053004512075
 30
0.0
 10
1.178591235422555
 20
0.0964674019281329
 30
0.0
 10
1.180648293013314
 20
0.0963918730265842
 30
0.0
 10
1.183688137099774
 20
0.0957642529318886
 30
0.0
 10
1.187103137946036
 20
0.0946076193496776
 30
0.0
 10
1.190769699402181
 20
0.0926594057134138
 30
0.0
 10
1.194360923091495
 20
0.0896965856630739
 30
0.0
 10
1.197334846095371
 20
0.0860995633860474
 30
0.0
 10
1.199506661664021
 20
0.0819846336145053
 30
0.0
 10
1.20092615498666
 20
0.0775253139862511
 30
0.0
 10
1.201096052891769
 20
0.0744318269518064
 30
0.0
 10
1.201181102362544
 20
0.072883253207113
 30
0.0
  0
SPLINE
  5
B26
330
1F
100
AcDbEntity
  8
0
  6
Continuous
 62
     7
370
    25
100
AcDbSpline
210
0.0
220
0.0
230
1.0
 70
     8
 71
     3
 72
    16
 73
    12
 74
     0
 42
0.00000001
 43
0.00000001
 40
0.0
 40
0.0
 40
0.0
 40
0.0
 40
0.0834964662864236
 40
0.1664021674248789
 40
0.2501617149360837
 40
0.3748373563156127
 40
0.5001058409773944
 40
0.6247814823569009
 40
0.7500499670187074
 40
0.8748771033299764
 40
1.0
 40
1.0
 40
1.0
 40
1.0
 10
-0.524015748031312
 20
0.072883253207113
 30
0.0
 10
-0.5239778495082372
 20
0.0739154335112156
 30
0.0
 10
-0.5239023206066884
 20
0.0759724911019736
 30
0.0
 10
-0.5232747005119913
 20
0.0790123351884345
 30
0.0
 10
-0.5221180669297831
 20
0.0824273360346985
 30
0.0
 10
-0.5201698532935186
 20
0.08609389749085
 30
0.0
 10
-0.5172070332431744
 20
0.0896851211801618
 30
0.0
 10
-0.5136100109661424
 20
0.0926590441840387
 30
0.0
 10
-0.5094950811946006
 20
0.0948308597526876
 30
0.0
 10
-0.5050357615663423
 20
0.0962503530753255
 30
0.0
 10
-0.5019422745318958
 20
0.0964202509804328
 30
0.0
 10
-0.5003937007871982
 20
0.0965053004512075
 30
0.0
  0
SPLINE
  5
B3C
330
1F
100
AcDbEntity
  8
0
  6
Continuous
 62
     7
370
    25
100
AcDbSpline
210
0.0
220
0.0
230
1.0
 70
     8
 71
     3
 72
    16
 73
    12
 74
     0
 42
0.00000001
 43
0.00000001
 40
0.0
 40
0.0
 40
0.0
 40
0.0
 40
0.083496466286861
 40
0.1664021674253153
 40
0.2501617149361076
 40
0.3748373563158526
 40
0.5001058409773872
 40
0.6247814823567548
 40
0.7500499670187193
 40
0.8748771033302214
 40
0.9999999999999999
 40
0.9999999999999999
 40
0.9999999999999999
 40
0.9999999999999999
 10
-0.5003937007871788
 20
-1.727116746793281
 30
0.0
 10
-0.5014258810912863
 20
-1.727078848270206
 30
0.0
 10
-0.5034829386820484
 20
-1.727003319368658
 30
0.0
 10
-0.5065227827685089
 20
-1.726375699273964
 30
0.0
 10
-0.5099377836147663
 20
-1.725219065691749
 30
0.0
 10
-0.5136043450709072
 20
-1.723270852055482
 30
0.0
 10
-0.5171955687602217
 20
-1.72030803200515
 30
0.0
 10
-0.5201694917640999
 20
-1.716711009728125
 30
0.0
 10
-0.5223413073327479
 20
-1.712596079956582
 30
0.0
 10
-0.5237608006553887
 20
-1.708136760328325
 30
0.0
 10
-0.5239306985604977
 20
-1.70504327329388
 30
0.0
 10
-0.524015748031273
 20
-1.703494699549187
 30
0.0
  0
SPLINE
  5
B52
330
1F
100
AcDbEntity
  8
0
  6
Continuous
 62
     7
370
    25
100
AcDbSpline
210
0.0
220
0.0
230
1.0
 70
     8
 71
     3
 72
    16
 73
    12
 74
     0
 42
0.00000001
 43
0.00000001
 40
0.0
 40
0.0
 40
0.0
 40
0.0
 40
0.0834964662869486
 40
0.166402167425399
 40
0.2501617149361033
 40
0.3748373563164952
 40
0.500105840977398
 40
0.6247814823574944
 40
0.7500499670187172
 40
0.8748771033304116
 40
1.0
 40
1.0
 40
1.0
 40
1.0
 10
1.201181102362544
 20
-1.703494699549187
 30
0.0
 10
1.20114320383947
 20
-1.704526879853295
 30
0.0
 10
1.201067674937922
 20
-1.706583937444059
 30
0.0
 10
1.200440054843228
 20
-1.70962378153052
 30
0.0
 10
1.199283421261008
 20
-1.713038782376781
 30
0.0
 10
1.197335207624747
 20
-1.716705343832926
 30
0.0
 10
1.194372387574401
 20
-1.720296567522241
 30
0.0
 10
1.190775365297378
 20
-1.723270490526109
 30
0.0
 10
1.186660435525835
 20
-1.725442306094761
 30
0.0
 10
1.182201115897586
 20
-1.726861799417394
 30
0.0
 10
1.179107628863141
 20
-1.727031697322505
 30
0.0
 10
1.17755905511845
 20
-1.727116746793281
 30
0.0
  0
SPLINE
  5
B9E
330
1F
100
AcDbEntity
  8
0
  6
Continuous
 62
     7
370
    25
100
AcDbSpline
210
0.0
220
0.0
230
1.0
 70
    24
 71
     3
 72
    13
 73
     9
 74
     0
 42
0.00000001
 43
0.00000001
 40
0.0
 40
0.0
 40
0.0
 40
0.0
 40
0.126056961834375
 40
0.2499097920579267
 40
0.3739495405501964
 40
0.5005566674500561
 40
0.749909147129856
 40
1.0
 40
1.0
 40
1.0
 40
1.0
 10
0.7185039370082145
 20
0.1645820906755914
 30
0.0
 10
0.7185039370082145
 20
0.1648937081526896
 30
0.0
 10
0.7185039370082145
 20
0.1655114944119331
 30
0.0
 10
0.7185039370082144
 20
0.1667068204731246
 30
0.0
 10
0.7185039370082145
 20
0.1680832528424799
 30
0.0
 10
0.7185039370082144
 20
0.1701394394427617
 30
0.0
 10
0.7185039370082147
 20
0.1730472382397487
 30
0.0
 10
0.7185039370082147
 20
0.1755613478538817
 30
0.0
 10
0.7185039370082145
 20
0.1768202610811289
 30
0.0
  0
SPLINE
  5
B9F
330
1F
100
AcDbEntity
  8
0
  6
Continuous
 62
     7
370
    25
100
AcDbSpline
210
0.0
220
0.0
230
1.0
 70
    24
 71
     3
 72
    13
 73
     9
 74
     0
 42
0.00000001
 43
0.00000001
 40
0.0
 40
0.0
 40
0.0
 40
0.0
 40
0.1260569618344258
 40
0.2499097920579947
 40
0.3739495405502479
 40
0.500556667450055
 40
0.7499091471299218
 40
0.9999999999999999
 40
0.9999999999999999
 40
0.9999999999999999
 40
0.9999999999999999
 10
0.7677165354334115
 20
0.1768202610811291
 30
0.0
 10
0.7677165354334115
 20
0.1761876835766487
 30
0.0
 10
0.7677165354334115
 20
0.174933589313986
 30
0.0
 10
0.7677165354334116
 20
0.1730914393528917
 30
0.0
 10
0.7677165354334112
 20
0.1713166171363393
 30
0.0
 10
0.7677165354334115
 20
0.1690948029553165
 30
0.0
 10
0.7677165354334116
 20
0.1665642550658021
 30
0.0
 10
0.7677165354334115
 20
0.165243463021936
 30
0.0
 10
0.7677165354334115
 20
0.1645820906755919
 30
0.0
  0
SPLINE
  5
BA0
330
1F
100
AcDbEntity
  8
0
  6
Continuous
 62
     7
370
    25
100
AcDbSpline
210
0.0
220
0.0
230
1.0
 70
    24
 71
     3
 72
    10
 73
     6
 74
     0
 42
0.00000001
 43
0.00000001
 40
0.0
 40
0.0
 40
0.0
 40
0.0
 40
0.5
 40
0.5
 40
1.0
 40
1.0
 40
1.0
 40
1.0
 10
-0.0413385826769817
 20
0.1645820906755917
 30
0.0
 10
-0.0413385826769817
 20
0.1657359910532924
 30
0.0
 10
-0.0413385826769817
 20
0.1675124243128859
 30
0.0
 10
-0.0413385826769817
 20
0.1718022934304677
 30
0.0
 10
-0.0413385826769817
 20
0.1743094353643465
 30
0.0
 10
-0.0413385826769817
 20
0.1768202610811287
 30
0.0
  0
SPLINE
  5
BA1
330
1F
100
AcDbEntity
  8
0
  6
Continuous
 62
     7
370
    25
100
AcDbSpline
210
0.0
220
0.0
230
1.0
 70
    24
 71
     3
 72
    13
 73
     9
 74
     0
 42
0.00000001
 43
0.00000001
 40
0.0
 40
0.0
 40
0.0
 40
0.0
 40
0.1260569618344899
 40
0.2499097920580818
 40
0.3739495405503133
 40
0.5005566674500643
 40
0.7499091471300122
 40
1.0
 40
1.0
 40
1.0
 40
1.0
 10
-0.0905511811021785
 20
0.1645820906755919
 30
0.0
 10
-0.0905511811021785
 20
0.1648937081526904
 30
0.0
 10
-0.0905511811021785
 20
0.1655114944119341
 30
0.0
 10
-0.0905511811021785
 20
0.1667068204731259
 30
0.0
 10
-0.0905511811021785
 20
0.1680832528424808
 30
0.0
 10
-0.0905511811021785
 20
0.1701394394427635
 30
0.0
 10
-0.0905511811021786
 20
0.17304723823975
 30
0.0
 10
-0.0905511811021786
 20
0.1755613478538827
 30
0.0
 10
-0.0905511811021785
 20
0.176820261081129
 30
0.0
  0
SPLINE
  5
BA2
330
1F
100
AcDbEntity
  8
0
  6
Continuous
 62
     7
370
    25
100
AcDbSpline
210
0.0
220
0.0
230
1.0
 70
    24
 71
     3
 72
    10
 73
     6
 74
     0
 42
0.00000001
 43
0.00000001
 40
0.0
 40
0.0
 40
0.0
 40
0.0
 40
0.5
 40
0.5
 40
1.0
 40
1.0
 40
1.0
 40
1.0
 10
-0.120078740157297
 20
-1.807431707423205
 30
0.0
 10
-0.120078740157297
 20
-1.804920881706456
 30
0.0
 10
-0.120078740157297
 20
-1.802413739772611
 30
0.0
 10
-0.120078740157297
 20
-1.798123870655067
 30
0.0
 10
-0.120078740157297
 20
-1.796347437395478
 30
0.0
 10
-0.120078740157297
 20
-1.795193537017761
 30
0.0
  0
SPLINE
  5
BA3
330
1F
100
AcDbEntity
  8
0
  6
Continuous
 62
     7
370
    25
100
AcDbSpline
210
0.0
220
0.0
230
1.0
 70
    24
 71
     3
 72
    13
 73
     9
 74
     0
 42
0.00000001
 43
0.00000001
 40
0.0
 40
0.0
 40
0.0
 40
0.0
 40
0.1260569618338416
 40
0.2499097920572609
 40
0.3739495405497147
 40
0.5005566674499928
 40
0.7499091471291797
 40
1.0
 40
1.0
 40
1.0
 40
1.0
 10
-0.1692913385824939
 20
-1.807431707423204
 30
0.0
 10
-0.1692913385824939
 20
-1.806799129918735
 30
0.0
 10
-0.1692913385824939
 20
-1.805545035656093
 30
0.0
 10
-0.1692913385824939
 20
-1.803702885695025
 30
0.0
 10
-0.1692913385824939
 20
-1.801928063478492
 30
0.0
 10
-0.1692913385824939
 20
-1.799706249297488
 30
0.0
 10
-0.1692913385824939
 20
-1.797175701407987
 30
0.0
 10
-0.1692913385824939
 20
-1.795854909364111
 30
0.0
 10
-0.1692913385824939
 20
-1.79519353701776
 30
0.0
  0
SPLINE
  5
BA4
330
1F
100
AcDbEntity
  8
0
  6
Continuous
 62
     7
370
    25
100
AcDbSpline
210
0.0
220
0.0
230
1.0
 70
    24
 71
     3
 72
    10
 73
     6
 74
     0
 42
0.00000001
 43
0.00000001
 40
0.0
 40
0.0
 40
0.0
 40
0.0
 40
0.5
 40
0.5
 40
1.0
 40
1.0
 40
1.0
 40
1.0
 10
0.7972440944885294
 20
-1.79519353701778
 30
0.0
 10
0.7972440944885295
 20
-1.796347437395501
 30
0.0
 10
0.7972440944885294
 20
-1.798123870655089
 30
0.0
 10
0.7972440944885293
 20
-1.802413739772624
 30
0.0
 10
0.7972440944885294
 20
-1.804920881706462
 30
0.0
 10
0.7972440944885294
 20
-1.807431707423204
 30
0.0
  0
SPLINE
  5
BA5
330
1F
100
AcDbEntity
  8
0
  6
Continuous
 62
     7
370
    25
100
AcDbSpline
210
0.0
220
0.0
230
1.0
 70
    24
 71
     3
 72
    13
 73
     9
 74
     0
 42
0.00000001
 43
0.00000001
 40
0.0
 40
0.0
 40
0.0
 40
0.0
 40
0.1260569618347192
 40
0.2499097920584317
 40
0.3739495405506228
 40
0.5005566674500833
 40
0.7499091471303808
 40
1.0
 40
1.0
 40
1.0
 40
1.0
 10
0.8464566929137263
 20
-1.79519353701778
 30
0.0
 10
0.8464566929137262
 20
-1.795505154494883
 30
0.0
 10
0.8464566929137262
 20
-1.796122940754136
 30
0.0
 10
0.846456692913726
 20
-1.79731826681533
 30
0.0
 10
0.8464566929137266
 20
-1.798694699184678
 30
0.0
 10
0.8464566929137262
 20
-1.800750885784943
 30
0.0
 10
0.8464566929137263
 20
-1.803658684581889
 30
0.0
 10
0.8464566929137263
 20
-1.80617279419598
 30
0.0
 10
0.8464566929137263
 20
-1.807431707423204
 30
0.0
  0
SPLINE
  5
C41
330
1F
100
AcDbEntity
  8
0
  6
Continuous
 62
     7
370
    25
100
AcDbSpline
210
0.0
220
0.0
230
1.0
 70
     8
 71
     3
 72
    10
 73
     6
 74
     0
 42
0.00000001
 43
0.00000001
 40
0.0
 40
0.0
 40
0.0
 40
0.0
 40
0.5
 40
0.5
 40
1.0
 40
1.0
 40
1.0
 40
1.0
 10
3.334645669291338
 20
0.2350393700787399
 30
0.0
 10
3.337737788044871
 20
0.2350393700787399
 30
0.0
 10
3.340810866048386
 20
0.2337664594914543
 30
0.0
 10
3.345183782326101
 20
0.2293935432137394
 30
0.0
 10
3.346456692913386
 20
0.2263204652102261
 30
0.0
 10
3.346456692913386
 20
0.2232283464566928
 30
0.0
  0
SPLINE
  5
C45
330
1F
100
AcDbEntity
  8
0
  6
Continuous
 62
     7
370
    25
100
AcDbSpline
210
0.0
220
0.0
230
1.0
 70
     8
 71
     3
 72
    10
 73
     6
 74
     0
 42
0.00000001
 43
0.00000001
 40
0.0
 40
0.0
 40
0.0
 40
0.0
 40
0.5
 40
0.5
 40
1.0
 40
1.0
 40
1.0
 40
1.0
 10
3.346456692913386
 20
-1.784645669291338
 30
0.0
 10
3.346456692913387
 20
-1.787737788044871
 30
0.0
 10
3.345183782326102
 20
-1.790810866048385
 30
0.0
 10
3.340810866048386
 20
-1.795183782326099
 30
0.0
 10
3.337737788044871
 20
-1.796456692913385
 30
0.0
 10
3.334645669291338
 20
-1.796456692913385
 30
0.0
  0
SPLINE
  5
C47
330
1F
100
AcDbEntity
  8
0
  6
Continuous
 62
     7
370
    25
100
AcDbSpline
210
0.0
220
0.0
230
1.0
 70
     8
 71
     3
 72
    14
 73
    10
 74
     0
 42
0.00000001
 43
0.00000001
 40
0.0
 40
0.0
 40
0.0
 40
0.0
 40
0.25
 40
0.25
 40
0.5
 40
0.5
 40
0.75
 40
0.75
 40
1.0
 40
1.0
 40
1.0
 40
1.0
 10
3.070866141732283
 20
-1.796456692913385
 30
0.0
 10
3.070866141732283
 20
-1.800579517918097
 30
0.0
 10
3.069168927615903
 20
-1.804676955256115
 30
0.0
 10
3.063338372578948
 20
-1.810507510293067
 30
0.0
 10
3.059240935240932
 20
-1.812204724409448
 30
0.0
 10
3.050995285231509
 20
-1.812204724409448
 30
0.0
 10
3.046897847893492
 20
-1.810507510293068
 30
0.0
 10
3.041067292856538
 20
-1.804676955256114
 30
0.0
 10
3.039370078740158
 20
-1.800579517918097
 30
0.0
 10
3.039370078740158
 20
-1.796456692913385
 30
0.0
  0
SPLINE
  5
C49
330
1F
100
AcDbEntity
  8
0
  6
Continuous
 62
     7
370
    25
100
AcDbSpline
210
0.0
220
0.0
230
1.0
 70
     8
 71
     3
 72
    10
 73
     6
 74
     0
 42
0.00000001
 43
0.00000001
 40
0.0
 40
0.0
 40
0.0
 40
0.0
 40
0.5
 40
0.5
 40
1.0
 40
1.0
 40
1.0
 40
1.0
 10
2.980314960629921
 20
-1.796456692913385
 30
0.0
 10
2.977222841876388
 20
-1.796456692913385
 30
0.0
 10
2.974149763872875
 20
-1.7951837823261
 30
0.0
 10
2.96977684759516
 20
-1.790810866048385
 30
0.0
 10
2.968503937007875
 20
-1.787737788044871
 30
0.0
 10
2.968503937007875
 20
-1.784645669291338
 30
0.0
  0
SPLINE
  5
C4B
330
1F
100
AcDbEntity
  8
0
  6
Continuous
 62
     7
370
    25
100
AcDbSpline
210
0.0
220
0.0
230
1.0
 70
     8
 71
     3
 72
    10
 73
     6
 74
     0
 42
0.00000001
 43
0.00000001
 40
0.0
 40
0.0
 40
0.0
 40
0.0
 40
0.5
 40
0.5
 40
1.0
 40
1.0
 40
1.0
 40
1.0
 10
2.968503937007875
 20
0.2232283464566928
 30
0.0
 10
2.968503937007875
 20
0.2263204652102261
 30
0.0
 10
2.96977684759516
 20
0.2293935432137394
 30
0.0
 10
2.974149763872875
 20
0.2337664594914542
 30
0.0
 10
2.977222841876388
 20
0.2350393700787399
 30
0.0
 10
2.980314960629921
 20
0.2350393700787399
 30
0.0
  0
SPLINE
  5
CBA
330
1F
100
AcDbEntity
  8
0
  6
Continuous
 62
     7
370
    25
100
AcDbSpline
210
0.0
220
0.0
230
1.0
 70
    24
 71
     3
 72
    14
 73
    10
 74
     0
 42
0.00000001
 43
0.00000001
 40
0.0
 40
0.0
 40
0.0
 40
0.0
 40
0.25
 40
0.25
 40
0.5
 40
0.5
 40
0.75
 40
0.75
 40
1.0
 40
1.0
 40
1.0
 40
1.0
 10
2.622956692913386
 20
3.328456692913385
 30
0.0
 10
2.622956692913387
 20
3.328456692988798
 30
0.0
 10
2.622956692913386
 20
3.327743359904754
 30
0.0
 10
2.622956692913386
 20
3.325125296889031
 30
0.0
 10
2.622956692913386
 20
3.323225734098012
 30
0.0
 10
2.622956692913386
 20
3.318872054299672
 30
0.0
 10
2.622956692913386
 20
3.316426529933464
 30
0.0
 10
2.622956692913386
 20
3.311804688097393
 30
0.0
 10
2.622956692913386
 20
3.309637492526705
 30
0.0
 10
2.622956692913386
 20
3.307971411416163
 30
0.0
  0
SPLINE
  5
CBB
330
1F
100
AcDbEntity
  8
0
  6
Continuous
 62
     7
370
    25
100
AcDbSpline
210
0.0
220
0.0
230
1.0
 70
    24
 71
     3
 72
    16
 73
    12
 74
     0
 42
0.00000001
 43
0.00000001
 40
0.0
 40
0.0
 40
0.0
 40
0.0
 40
0.0832546888927979
 40
0.1656196881614403
 40
0.2501957898214657
 40
0.3722315909349545
 40
0.5001073586766266
 40
0.6221506294161392
 40
0.7500182343807902
 40
0.8728365901900899
 40
1.0
 40
1.0
 40
1.0
 40
1.0
 10
2.779956692913387
 20
3.328456692913386
 30
0.0
 10
2.779956692913386
 20
3.328410403535435
 30
0.0
 10
2.779956692913387
 20
3.328318319444517
 30
0.0
 10
2.779956692913386
 20
3.327602020672446
 30
0.0
 10
2.779956692913386
 20
3.326339518015169
 30
0.0
 10
2.779956692913385
 20
3.324213032698086
 30
0.0
 10
2.779956692913388
 20
3.321163869385017
 30
0.0
 10
2.779956692913385
 20
3.317679109766968
 30
0.0
 10
2.779956692913386
 20
3.314139313443316
 30
0.0
 10
2.779956692913386
 20
3.310691368642738
 30
0.0
 10
2.779956692913386
 20
3.3088885093983
 30
0.0
 10
2.779956692913386
 20
3.307971411591737
 30
0.0
  0
SPLINE
  5
CBE
330
1F
100
AcDbEntity
  8
0
  6
Continuous
 62
     7
370
    25
100
AcDbSpline
210
0.0
220
0.0
230
1.0
 70
    24
 71
     3
 72
    14
 73
    10
 74
     0
 42
0.00000001
 43
0.00000001
 40
0.0
 40
0.0
 40
0.0
 40
0.0
 40
0.25
 40
0.25
 40
0.5
 40
0.5
 40
0.75
 40
0.75
 40
1.0
 40
1.0
 40
1.0
 40
1.0
 10
2.622956692913386
 20
-2.465058025592099
 30
0.0
 10
2.622956692913387
 20
-2.466724106680315
 30
0.0
 10
2.622956692913386
 20
-2.468891302214536
 30
0.0
 10
2.622956692913386
 20
-2.473513143980062
 30
0.0
 10
2.622956692913386
 20
-2.475958668312829
 30
0.0
 10
2.622956692913386
 20
-2.480312348080011
 30
0.0
 10
2.622956692913386
 20
-2.482211910873846
 30
0.0
 10
2.622956692913386
 20
-2.484829973947392
 30
0.0
 10
2.622956692913386
 20
-2.485543307086614
 30
0.0
 10
2.622956692913386
 20
-2.485543307086614
 30
0.0
  0
SPLINE
  5
CBF
330
1F
100
AcDbEntity
  8
0
  6
Continuous
 62
     7
370
    25
100
AcDbSpline
210
0.0
220
0.0
230
1.0
 70
    24
 71
     3
 72
    16
 73
    12
 74
     0
 42
0.00000001
 43
0.00000001
 40
0.0
 40
0.0
 40
0.0
 40
0.0
 40
0.0832546716460325
 40
0.1656196676907825
 40
0.2501957823321247
 40
0.3722315834022975
 40
0.5001073510974198
 40
0.6221506217932842
 40
0.7500182267118404
 40
0.8728365693794707
 40
1.0
 40
1.0
 40
1.0
 40
1.0
 10
2.779956692913386
 20
-2.465058025768515
 30
0.0
 10
2.779956692913387
 20
-2.465644883909563
 30
0.0
 10
2.779956692913386
 20
-2.466812328911509
 30
0.0
 10
2.779956692913386
 20
-2.46891884137036
 30
0.0
 10
2.779956692913386
 20
-2.471521101376744
 30
0.0
 10
2.779956692913387
 20
-2.474711435490689
 30
0.0
 10
2.779956692913386
 20
-2.478146470326922
 30
0.0
 10
2.779956692913386
 20
-2.481261065338593
 30
0.0
 10
2.779956692913386
 20
-2.483617656454239
 30
0.0
 10
2.779956692913386
 20
-2.485261377897933
 30
0.0
 10
2.779956692913386
 20
-2.48544824798881
 30
0.0
 10
2.779956692913386
 20
-2.485543307086614
 30
0.0
  0
LINE
  5
124C
330
1F
100
AcDbEntity
  8
0
  6
Continuous
 62
     7
370
    25
100
AcDbLine
 10
-2.6374373234
 20
0.0
 30
0.0
 11
-2.6374373234
 21
1.4049040166
 31
0.0
  0
LINE
  5
124D
330
1F
100
AcDbEntity
  8
0
  6
Continuous
 62
     7
370
    25
100
AcDbLine
 10
-3.3464566929
 20
0.0
 30
0.0
 11
-2.6374373234
 21
0.0
 31
0.0
  0
LINE
  5
124E
330
1F
100
AcDbEntity
  8
0
  6
Continuous
 62
     7
370
    25
100
AcDbLine
 10
-3.3464566929
 20
1.4049040166
 30
0.0
 11
-3.3464566929
 21
0.0
 31
0.0
  0
LINE
  5
124F
330
1F
100
AcDbEntity
  8
0
  6
Continuous
 62
     7
370
    25
100
AcDbLine
 10
-2.6374373234
 20
1.4049040166
 30
0.0
 11
-3.3464566929
 21
1.4049040166
 31
0.0
  0
LINE
  5
1250
330
1F
100
AcDbEntity
  8
0
  6
Continuous
 62
     7
370
    25
100
AcDbLine
 10
2.3229566929
 20
3.3079714115
 30
0.0
 11
2.4799566929
 21
3.3079714115
 31
0.0
  0
LINE
  5
1251
330
1F
100
AcDbEntity
  8
0
  6
Continuous
 62
     7
370
    25
100
AcDbLine
 10
2.4799566929
 20
3.3284566929
 30
0.0
 11
2.3229566929
 21
3.3284566929
 31
0.0
  0
LINE
  5
1252
330
1F
100
AcDbEntity
  8
0
  6
Continuous
 62
     7
370
    25
100
AcDbLine
 10
2.3229566929
 20
-2.4855433071
 30
0.0
 11
2.4799566929
 21
-2.4855433071
 31
0.0
  0
LINE
  5
1253
330
1F
100
AcDbEntity
  8
0
  6
Continuous
 62
     7
370
    25
100
AcDbLine
 10
2.4799566929
 20
-2.4650580257
 30
0.0
 11
2.3229566929
 21
-2.4650580257
 31
0.0
  0
LINE
  5
1254
330
1F
100
AcDbEntity
  8
0
  6
Continuous
 62
     7
370
    25
100
AcDbLine
 10
2.3229566929
 20
-2.4485433071
 30
0.0
 11
2.4799566929
 21
-2.4485433071
 31
0.0
  0
LINE
  5
1255
330
1F
100
AcDbEntity
  8
0
  6
Continuous
 62
     7
370
    25
100
AcDbLine
 10
2.3229566929
 20
3.2914566929
 30
0.0
 11
2.4799566929
 21
3.2914566929
 31
0.0
  0
LINE
  5
1256
330
1F
100
AcDbEntity
  8
0
  6
Continuous
 62
     7
370
    25
100
AcDbLine
 10
2.3229566929
 20
3.2714566929
 30
0.0
 11
2.4799566929
 21
3.2714566929
 31
0.0
  0
LINE
  5
1257
330
1F
100
AcDbEntity
  8
0
  6
Continuous
 62
     7
370
    25
100
AcDbLine
 10
2.3229566929
 20
-2.4285433071
 30
0.0
 11
2.4799566929
 21
-2.4285433071
 31
0.0
  0
LINE
  5
1258
330
1F
100
AcDbEntity
  8
0
  6
Continuous
 62
     7
370
    25
100
AcDbLine
 10
2.3229566929
 20
3.2514566929
 30
0.0
 11
2.4799566929
 21
3.2514566929
 31
0.0
  0
LINE
  5
1259
330
1F
100
AcDbEntity
  8
0
  6
Continuous
 62
     7
370
    25
100
AcDbLine
 10
2.3229566929
 20
-2.4085433071
 30
0.0
 11
2.4799566929
 21
-2.4085433071
 31
0.0
  0
LINE
  5
125A
330
1F
100
AcDbEntity
  8
0
  6
Continuous
 62
     7
370
    25
100
AcDbLine
 10
2.3229566929
 20
3.2314566929
 30
0.0
 11
2.4799566929
 21
3.2314566929
 31
0.0
  0
LINE
  5
125B
330
1F
100
AcDbEntity
  8
0
  6
Continuous
 62
     7
370
    25
100
AcDbLine
 10
2.3229566929
 20
-2.3885433071
 30
0.0
 11
2.4799566929
 21
-2.3885433071
 31
0.0
  0
LINE
  5
125C
330
1F
100
AcDbEntity
  8
0
  6
Continuous
 62
     7
370
    25
100
AcDbLine
 10
2.3229566929
 20
3.2114566929
 30
0.0
 11
2.4799566929
 21
3.2114566929
 31
0.0
  0
LINE
  5
125D
330
1F
100
AcDbEntity
  8
0
  6
Continuous
 62
     7
370
    25
100
AcDbLine
 10
2.3229566929
 20
-2.3685433071
 30
0.0
 11
2.4799566929
 21
-2.3685433071
 31
0.0
  0
LINE
  5
125E
330
1F
100
AcDbEntity
  8
0
  6
Continuous
 62
     7
370
    25
100
AcDbLine
 10
2.3229566929
 20
3.1914566929
 30
0.0
 11
2.4799566929
 21
3.1914566929
 31
0.0
  0
LINE
  5
125F
330
1F
100
AcDbEntity
  8
0
  6
Continuous
 62
     7
370
    25
100
AcDbLine
 10
2.3229566929
 20
2.9414566929
 30
0.0
 11
2.4799566929
 21
2.9414566929
 31
0.0
  0
LINE
  5
1260
330
1F
100
AcDbEntity
  8
0
  6
Continuous
 62
     7
370
    25
100
AcDbLine
 10
2.3229566929
 20
3.3079714118
 30
0.0
 11
2.3229566929
 21
2.9214566929
 31
0.0
  0
LINE
  5
1261
330
1F
100
AcDbEntity
  8
0
  6
Continuous
 62
     7
370
    25
100
AcDbLine
 10
2.4799566929
 20
3.3079714118
 30
0.0
 11
2.4799566929
 21
2.9214566929
 31
0.0
  0
LINE
  5
1262
330
1F
100
AcDbEntity
  8
0
  6
Continuous
 62
     7
370
    25
100
AcDbLine
 10
2.3229566929
 20
-2.3485433071
 30
0.0
 11
2.4799566929
 21
-2.3485433071
 31
0.0
  0
LINE
  5
1263
330
1F
100
AcDbEntity
  8
0
  6
Continuous
 62
     7
370
    25
100
AcDbLine
 10
2.3229566929
 20
-2.0985433071
 30
0.0
 11
2.4799566929
 21
-2.0985433071
 31
0.0
  0
LINE
  5
1264
330
1F
100
AcDbEntity
  8
0
  6
Continuous
 62
     7
370
    25
100
AcDbLine
 10
2.3229566929
 20
-2.0785433071
 30
0.0
 11
2.3229566929
 21
-2.465058026
 31
0.0
  0
LINE
  5
1265
330
1F
100
AcDbEntity
  8
0
  6
Continuous
 62
     7
370
    25
100
AcDbLine
 10
2.4799566929
 20
-2.0785433071
 30
0.0
 11
2.4799566929
 21
-2.465058026
 31
0.0
  0
LINE
  5
1266
330
1F
100
AcDbEntity
  8
0
  6
Continuous
 62
     7
370
    25
100
AcDbLine
 10
2.2764566929
 20
3.1889566929
 30
0.0
 11
2.3229566929
 21
3.1889566929
 31
0.0
  0
LINE
  5
1267
330
1F
100
AcDbEntity
  8
0
  6
Continuous
 62
     7
370
    25
100
AcDbLine
 10
2.2764566929
 20
3.1964566929
 30
0.0
 11
2.2764566929
 21
2.9214566929
 31
0.0
  0
LINE
  5
1268
330
1F
100
AcDbEntity
  8
0
  6
Continuous
 62
     7
370
    25
100
AcDbLine
 10
2.3229566929
 20
3.1964566929
 30
0.0
 11
2.2564566929
 21
3.1964566929
 31
0.0
  0
LINE
  5
1269
330
1F
100
AcDbEntity
  8
0
  6
Continuous
 62
     7
370
    25
100
AcDbLine
 10
2.2764566929
 20
3.0138327359
 30
0.0
 11
2.3229566929
 21
3.0138327359
 31
0.0
  0
LINE
  5
126A
330
1F
100
AcDbEntity
  8
0
  6
Continuous
 62
     7
370
    25
100
AcDbLine
 10
2.5464566929
 20
3.1964566929
 30
0.0
 11
2.4799566929
 21
3.1964566929
 31
0.0
  0
LINE
  5
126B
330
1F
100
AcDbEntity
  8
0
  6
Continuous
 62
     7
370
    25
100
AcDbLine
 10
2.5264566929
 20
2.9214566929
 30
0.0
 11
2.5264566929
 21
3.1964566929
 31
0.0
  0
LINE
  5
126C
330
1F
100
AcDbEntity
  8
0
  6
Continuous
 62
     7
370
    25
100
AcDbLine
 10
2.5264566929
 20
3.1889566929
 30
0.0
 11
2.4799566929
 21
3.1889566929
 31
0.0
  0
LINE
  5
126D
330
1F
100
AcDbEntity
  8
0
  6
Continuous
 62
     7
370
    25
100
AcDbLine
 10
2.5264566929
 20
3.0138327359
 30
0.0
 11
2.4799566929
 21
3.0138327359
 31
0.0
  0
LINE
  5
126E
330
1F
100
AcDbEntity
  8
0
  6
Continuous
 62
     7
370
    25
100
AcDbLine
 10
2.2764566929
 20
2.921456693
 30
0.0
 11
2.3229566929
 21
2.9214566929
 31
0.0
  0
LINE
  5
126F
330
1F
100
AcDbEntity
  8
0
  6
Continuous
 62
     7
370
    25
100
AcDbLine
 10
2.4799566929
 20
2.9214566929
 30
0.0
 11
2.5264566929
 21
2.921456693
 31
0.0
  0
LINE
  5
1270
330
1F
100
AcDbEntity
  8
0
  6
Continuous
 62
     7
370
    25
100
AcDbLine
 10
2.5264566929
 20
-2.0785433072
 30
0.0
 11
2.4799566929
 21
-2.0785433071
 31
0.0
  0
LINE
  5
1271
330
1F
100
AcDbEntity
  8
0
  6
Continuous
 62
     7
370
    25
100
AcDbLine
 10
2.5264566929
 20
-2.1709193501
 30
0.0
 11
2.4799566929
 21
-2.1709193501
 31
0.0
  0
LINE
  5
1272
330
1F
100
AcDbEntity
  8
0
  6
Continuous
 62
     7
370
    25
100
AcDbLine
 10
2.5264566929
 20
-2.3535433071
 30
0.0
 11
2.5264566929
 21
-2.0785433072
 31
0.0
  0
LINE
  5
1273
330
1F
100
AcDbEntity
  8
0
  6
Continuous
 62
     7
370
    25
100
AcDbLine
 10
2.3229566929
 20
-2.1709193501
 30
0.0
 11
2.2764566929
 21
-2.1709193501
 31
0.0
  0
LINE
  5
1274
330
1F
100
AcDbEntity
  8
0
  6
Continuous
 62
     7
370
    25
100
AcDbLine
 10
2.2764566929
 20
-2.0785433072
 30
0.0
 11
2.2764566929
 21
-2.3535433071
 31
0.0
  0
LINE
  5
1275
330
1F
100
AcDbEntity
  8
0
  6
Continuous
 62
     7
370
    25
100
AcDbLine
 10
2.3229566929
 20
-2.0785433071
 30
0.0
 11
2.2764566929
 21
-2.0785433072
 31
0.0
  0
LINE
  5
1276
330
1F
100
AcDbEntity
  8
0
  6
Continuous
 62
     7
370
    25
100
AcDbLine
 10
2.5264566929
 20
-2.3460433071
 30
0.0
 11
2.4799566929
 21
-2.3460433071
 31
0.0
  0
LINE
  5
1277
330
1F
100
AcDbEntity
  8
0
  6
Continuous
 62
     7
370
    25
100
AcDbLine
 10
2.2764566929
 20
-2.3460433071
 30
0.0
 11
2.3229566929
 21
-2.3460433071
 31
0.0
  0
LINE
  5
1278
330
1F
100
AcDbEntity
  8
0
  6
Continuous
 62
     7
370
    25
100
AcDbLine
 10
2.4799566929
 20
-2.3535433071
 30
0.0
 11
2.5464566929
 21
-2.3535433071
 31
0.0
  0
LINE
  5
1279
330
1F
100
AcDbEntity
  8
0
  6
Continuous
 62
     7
370
    25
100
AcDbLine
 10
2.2564566929
 20
-2.3535433071
 30
0.0
 11
2.3229566929
 21
-2.3535433071
 31
0.0
  0
LINE
  5
127A
330
1F
100
AcDbEntity
  8
0
  6
Continuous
 62
     7
370
    25
100
AcDbLine
 10
2.3614566929
 20
2.8714566935
 30
0.0
 11
2.3614566929
 21
2.8039566939
 31
0.0
  0
LINE
  5
127B
330
1F
100
AcDbEntity
  8
0
  6
Continuous
 62
     7
370
    25
100
AcDbLine
 10
2.3694566929
 20
2.8039566929
 30
0.0
 11
2.2944566929
 21
2.8039566929
 31
0.0
  0
LINE
  5
127C
330
1F
100
AcDbEntity
  8
0
  6
Continuous
 62
     7
370
    25
100
AcDbLine
 10
2.2944566929
 20
2.8039566939
 30
0.0
 11
2.2944566929
 21
2.7889566939
 31
0.0
  0
LINE
  5
127D
330
1F
100
AcDbEntity
  8
0
  6
Continuous
 62
     7
370
    25
100
AcDbLine
 10
2.2944566929
 20
2.7889566929
 30
0.0
 11
2.3694566929
 21
2.7889566933
 31
0.0
  0
LINE
  5
127E
330
1F
100
AcDbEntity
  8
0
  6
Continuous
 62
     7
370
    25
100
AcDbLine
 10
2.3614566929
 20
2.7889566939
 30
0.0
 11
2.3614566929
 21
2.753956692
 31
0.0
  0
LINE
  5
127F
330
1F
100
AcDbEntity
  8
0
  6
Continuous
 62
     7
370
    25
100
AcDbLine
 10
2.3694566929
 20
2.7539566933
 30
0.0
 11
2.2944566929
 21
2.7539566929
 31
0.0
  0
LINE
  5
1280
330
1F
100
AcDbEntity
  8
0
  6
Continuous
 62
     7
370
    25
100
AcDbLine
 10
2.2944566929
 20
2.753956692
 30
0.0
 11
2.2944566929
 21
2.7389566921
 31
0.0
  0
LINE
  5
1281
330
1F
100
AcDbEntity
  8
0
  6
Continuous
 62
     7
370
    25
100
AcDbLine
 10
2.2944566929
 20
2.7389566929
 30
0.0
 11
2.3694566929
 21
2.7389566929
 31
0.0
  0
LINE
  5
1282
330
1F
100
AcDbEntity
  8
0
  6
Continuous
 62
     7
370
    25
100
AcDbLine
 10
2.3614566929
 20
2.7389566921
 30
0.0
 11
2.3614566929
 21
2.7039566922
 31
0.0
  0
LINE
  5
1283
330
1F
100
AcDbEntity
  8
0
  6
Continuous
 62
     7
370
    25
100
AcDbLine
 10
2.3694566929
 20
2.7039566929
 30
0.0
 11
2.2944566929
 21
2.7039566929
 31
0.0
  0
LINE
  5
1284
330
1F
100
AcDbEntity
  8
0
  6
Continuous
 62
     7
370
    25
100
AcDbLine
 10
2.2944566929
 20
2.7039566922
 30
0.0
 11
2.2944566929
 21
2.6889566923
 31
0.0
  0
LINE
  5
1285
330
1F
100
AcDbEntity
  8
0
  6
Continuous
 62
     7
370
    25
100
AcDbLine
 10
2.2944566929
 20
2.6889566929
 30
0.0
 11
2.3694566929
 21
2.6889566933
 31
0.0
  0
LINE
  5
1286
330
1F
100
AcDbEntity
  8
0
  6
Continuous
 62
     7
370
    25
100
AcDbLine
 10
2.3614566929
 20
2.6889566923
 30
0.0
 11
2.3614566929
 21
2.6539566925
 31
0.0
  0
LINE
  5
1287
330
1F
100
AcDbEntity
  8
0
  6
Continuous
 62
     7
370
    25
100
AcDbLine
 10
2.3694566929
 20
2.6539566933
 30
0.0
 11
2.2944566929
 21
2.6539566929
 31
0.0
  0
LINE
  5
1288
330
1F
100
AcDbEntity
  8
0
  6
Continuous
 62
     7
370
    25
100
AcDbLine
 10
2.2944566929
 20
2.6539566925
 30
0.0
 11
2.2944566929
 21
2.6389566926
 31
0.0
  0
LINE
  5
1289
330
1F
100
AcDbEntity
  8
0
  6
Continuous
 62
     7
370
    25
100
AcDbLine
 10
2.2944566929
 20
2.6389566929
 30
0.0
 11
2.3694566929
 21
2.6389566928
 31
0.0
  0
LINE
  5
128A
330
1F
100
AcDbEntity
  8
0
  6
Continuous
 62
     7
370
    25
100
AcDbLine
 10
2.3614566929
 20
2.6389566926
 30
0.0
 11
2.3614566929
 21
2.6039566928
 31
0.0
  0
LINE
  5
128B
330
1F
100
AcDbEntity
  8
0
  6
Continuous
 62
     7
370
    25
100
AcDbLine
 10
2.3694566929
 20
2.6039566929
 30
0.0
 11
2.2944566929
 21
2.6039566929
 31
0.0
  0
LINE
  5
128C
330
1F
100
AcDbEntity
  8
0
  6
Continuous
 62
     7
370
    25
100
AcDbLine
 10
2.2944566929
 20
2.6039566928
 30
0.0
 11
2.2944566929
 21
2.5889566929
 31
0.0
  0
LINE
  5
128D
330
1F
100
AcDbEntity
  8
0
  6
Continuous
 62
     7
370
    25
100
AcDbLine
 10
2.2944566929
 20
2.5889566929
 30
0.0
 11
2.3694566929
 21
2.5889566932
 31
0.0
  0
LINE
  5
128E
330
1F
100
AcDbEntity
  8
0
  6
Continuous
 62
     7
370
    25
100
AcDbLine
 10
2.3614566929
 20
2.5889566929
 30
0.0
 11
2.3614566929
 21
2.553956693
 31
0.0
  0
LINE
  5
128F
330
1F
100
AcDbEntity
  8
0
  6
Continuous
 62
     7
370
    25
100
AcDbLine
 10
2.3694566929
 20
2.5539566933
 30
0.0
 11
2.2944566929
 21
2.5539566929
 31
0.0
  0
LINE
  5
1290
330
1F
100
AcDbEntity
  8
0
  6
Continuous
 62
     7
370
    25
100
AcDbLine
 10
2.2944566929
 20
2.553956693
 30
0.0
 11
2.2944566929
 21
2.5389566931
 31
0.0
  0
LINE
  5
1291
330
1F
100
AcDbEntity
  8
0
  6
Continuous
 62
     7
370
    25
100
AcDbLine
 10
2.2944566929
 20
2.5389566929
 30
0.0
 11
2.3694566929
 21
2.5389566928
 31
0.0
  0
LINE
  5
1292
330
1F
100
AcDbEntity
  8
0
  6
Continuous
 62
     7
370
    25
100
AcDbLine
 10
2.3614566929
 20
2.5389566931
 30
0.0
 11
2.3614566929
 21
2.5039566933
 31
0.0
  0
LINE
  5
1293
330
1F
100
AcDbEntity
  8
0
  6
Continuous
 62
     7
370
    25
100
AcDbLine
 10
2.3694566929
 20
2.5039566928
 30
0.0
 11
2.2944566929
 21
2.5039566929
 31
0.0
  0
LINE
  5
1294
330
1F
100
AcDbEntity
  8
0
  6
Continuous
 62
     7
370
    25
100
AcDbLine
 10
2.2944566929
 20
2.5039566933
 30
0.0
 11
2.2944566929
 21
2.4889566934
 31
0.0
  0
LINE
  5
1295
330
1F
100
AcDbEntity
  8
0
  6
Continuous
 62
     7
370
    25
100
AcDbLine
 10
2.2944566929
 20
2.4889566929
 30
0.0
 11
2.3694566929
 21
2.4889566932
 31
0.0
  0
LINE
  5
1296
330
1F
100
AcDbEntity
  8
0
  6
Continuous
 62
     7
370
    25
100
AcDbLine
 10
2.3614566929
 20
2.4889566934
 30
0.0
 11
2.3614566929
 21
2.4539566936
 31
0.0
  0
LINE
  5
1297
330
1F
100
AcDbEntity
  8
0
  6
Continuous
 62
     7
370
    25
100
AcDbLine
 10
2.3694566929
 20
2.4539566932
 30
0.0
 11
2.2944566929
 21
2.4539566929
 31
0.0
  0
LINE
  5
1298
330
1F
100
AcDbEntity
  8
0
  6
Continuous
 62
     7
370
    25
100
AcDbLine
 10
2.2944566929
 20
2.4539566936
 30
0.0
 11
2.2944566929
 21
2.4389566937
 31
0.0
  0
LINE
  5
1299
330
1F
100
AcDbEntity
  8
0
  6
Continuous
 62
     7
370
    25
100
AcDbLine
 10
2.2944566929
 20
2.4389566929
 30
0.0
 11
2.3694566929
 21
2.4389566928
 31
0.0
  0
LINE
  5
129A
330
1F
100
AcDbEntity
  8
0
  6
Continuous
 62
     7
370
    25
100
AcDbLine
 10
2.3614566929
 20
2.4389566937
 30
0.0
 11
2.3614566929
 21
2.4039566938
 31
0.0
  0
LINE
  5
129B
330
1F
100
AcDbEntity
  8
0
  6
Continuous
 62
     7
370
    25
100
AcDbLine
 10
2.3694566929
 20
2.4039566928
 30
0.0
 11
2.2944566929
 21
2.4039566929
 31
0.0
  0
LINE
  5
129C
330
1F
100
AcDbEntity
  8
0
  6
Continuous
 62
     7
370
    25
100
AcDbLine
 10
2.2944566929
 20
2.4039566938
 30
0.0
 11
2.2944566929
 21
2.3889566939
 31
0.0
  0
LINE
  5
129D
330
1F
100
AcDbEntity
  8
0
  6
Continuous
 62
     7
370
    25
100
AcDbLine
 10
2.2944566929
 20
2.3889566929
 30
0.0
 11
2.3694566929
 21
2.3889566932
 31
0.0
  0
LINE
  5
129E
330
1F
100
AcDbEntity
  8
0
  6
Continuous
 62
     7
370
    25
100
AcDbLine
 10
2.3614566929
 20
2.3889566939
 30
0.0
 11
2.3614566929
 21
2.353956692
 31
0.0
  0
LINE
  5
129F
330
1F
100
AcDbEntity
  8
0
  6
Continuous
 62
     7
370
    25
100
AcDbLine
 10
2.3694566929
 20
2.3539566932
 30
0.0
 11
2.2944566929
 21
2.3539566929
 31
0.0
  0
LINE
  5
12A0
330
1F
100
AcDbEntity
  8
0
  6
Continuous
 62
     7
370
    25
100
AcDbLine
 10
2.2944566929
 20
2.353956692
 30
0.0
 11
2.2944566929
 21
2.338956692
 31
0.0
  0
LINE
  5
12A1
330
1F
100
AcDbEntity
  8
0
  6
Continuous
 62
     7
370
    25
100
AcDbLine
 10
2.2944566929
 20
2.3389566929
 30
0.0
 11
2.3694566929
 21
2.3389566927
 31
0.0
  0
LINE
  5
12A2
330
1F
100
AcDbEntity
  8
0
  6
Continuous
 62
     7
370
    25
100
AcDbLine
 10
2.3614566929
 20
2.338956692
 30
0.0
 11
2.3614566929
 21
2.3039566922
 31
0.0
  0
LINE
  5
12A3
330
1F
100
AcDbEntity
  8
0
  6
Continuous
 62
     7
370
    25
100
AcDbLine
 10
2.3694566929
 20
2.3039566928
 30
0.0
 11
2.2944566929
 21
2.3039566929
 31
0.0
  0
LINE
  5
12A4
330
1F
100
AcDbEntity
  8
0
  6
Continuous
 62
     7
370
    25
100
AcDbLine
 10
2.2944566929
 20
2.3039566922
 30
0.0
 11
2.2944566929
 21
2.2889566923
 31
0.0
  0
LINE
  5
12A5
330
1F
100
AcDbEntity
  8
0
  6
Continuous
 62
     7
370
    25
100
AcDbLine
 10
2.2944566929
 20
2.2889566929
 30
0.0
 11
2.3694566929
 21
2.2889566932
 31
0.0
  0
LINE
  5
12A6
330
1F
100
AcDbEntity
  8
0
  6
Continuous
 62
     7
370
    25
100
AcDbLine
 10
2.3614566929
 20
2.2889566923
 30
0.0
 11
2.3614566929
 21
2.2539566925
 31
0.0
  0
LINE
  5
12A7
330
1F
100
AcDbEntity
  8
0
  6
Continuous
 62
     7
370
    25
100
AcDbLine
 10
2.3694566929
 20
2.2539566932
 30
0.0
 11
2.2944566929
 21
2.2539566929
 31
0.0
  0
LINE
  5
12A8
330
1F
100
AcDbEntity
  8
0
  6
Continuous
 62
     7
370
    25
100
AcDbLine
 10
2.2944566929
 20
2.2539566925
 30
0.0
 11
2.2944566929
 21
2.2389566926
 31
0.0
  0
LINE
  5
12A9
330
1F
100
AcDbEntity
  8
0
  6
Continuous
 62
     7
370
    25
100
AcDbLine
 10
2.2944566929
 20
2.2389566929
 30
0.0
 11
2.3694566929
 21
2.2389566927
 31
0.0
  0
LINE
  5
12AA
330
1F
100
AcDbEntity
  8
0
  6
Continuous
 62
     7
370
    25
100
AcDbLine
 10
2.3614566929
 20
2.2389566926
 30
0.0
 11
2.3614566929
 21
2.2039566928
 31
0.0
  0
LINE
  5
12AB
330
1F
100
AcDbEntity
  8
0
  6
Continuous
 62
     7
370
    25
100
AcDbLine
 10
2.3694566929
 20
2.2039566927
 30
0.0
 11
2.2944566929
 21
2.2039566929
 31
0.0
  0
LINE
  5
12AC
330
1F
100
AcDbEntity
  8
0
  6
Continuous
 62
     7
370
    25
100
AcDbLine
 10
2.2944566929
 20
2.2039566928
 30
0.0
 11
2.2944566929
 21
2.1889566928
 31
0.0
  0
LINE
  5
12AD
330
1F
100
AcDbEntity
  8
0
  6
Continuous
 62
     7
370
    25
100
AcDbLine
 10
2.2944566929
 20
2.1889566929
 30
0.0
 11
2.3694566929
 21
2.1889566931
 31
0.0
  0
LINE
  5
12AE
330
1F
100
AcDbEntity
  8
0
  6
Continuous
 62
     7
370
    25
100
AcDbLine
 10
2.3614566929
 20
2.1889566928
 30
0.0
 11
2.3614566929
 21
2.153956693
 31
0.0
  0
LINE
  5
12AF
330
1F
100
AcDbEntity
  8
0
  6
Continuous
 62
     7
370
    25
100
AcDbLine
 10
2.3694566929
 20
2.1539566932
 30
0.0
 11
2.2944566929
 21
2.1539566929
 31
0.0
  0
LINE
  5
12B0
330
1F
100
AcDbEntity
  8
0
  6
Continuous
 62
     7
370
    25
100
AcDbLine
 10
2.2944566929
 20
2.153956693
 30
0.0
 11
2.2944566929
 21
2.1389566931
 31
0.0
  0
LINE
  5
12B1
330
1F
100
AcDbEntity
  8
0
  6
Continuous
 62
     7
370
    25
100
AcDbLine
 10
2.2944566929
 20
2.1389566929
 30
0.0
 11
2.3694566929
 21
2.1389566927
 31
0.0
  0
LINE
  5
12B2
330
1F
100
AcDbEntity
  8
0
  6
Continuous
 62
     7
370
    25
100
AcDbLine
 10
2.3614566929
 20
2.1389566931
 30
0.0
 11
2.3614566929
 21
2.1039566933
 31
0.0
  0
LINE
  5
12B3
330
1F
100
AcDbEntity
  8
0
  6
Continuous
 62
     7
370
    25
100
AcDbLine
 10
2.3694566929
 20
2.1039566927
 30
0.0
 11
2.2944566929
 21
2.1039566929
 31
0.0
  0
LINE
  5
12B4
330
1F
100
AcDbEntity
  8
0
  6
Continuous
 62
     7
370
    25
100
AcDbLine
 10
2.2944566929
 20
2.1039566933
 30
0.0
 11
2.2944566929
 21
2.0889566934
 31
0.0
  0
LINE
  5
12B5
330
1F
100
AcDbEntity
  8
0
  6
Continuous
 62
     7
370
    25
100
AcDbLine
 10
2.2944566929
 20
2.0889566929
 30
0.0
 11
2.3694566929
 21
2.0889566931
 31
0.0
  0
LINE
  5
12B6
330
1F
100
AcDbEntity
  8
0
  6
Continuous
 62
     7
370
    25
100
AcDbLine
 10
2.3614566929
 20
2.0889566934
 30
0.0
 11
2.3614566929
 21
2.0539566936
 31
0.0
  0
LINE
  5
12B7
330
1F
100
AcDbEntity
  8
0
  6
Continuous
 62
     7
370
    25
100
AcDbLine
 10
2.3694566929
 20
2.0539566931
 30
0.0
 11
2.2944566929
 21
2.0539566929
 31
0.0
  0
LINE
  5
12B8
330
1F
100
AcDbEntity
  8
0
  6
Continuous
 62
     7
370
    25
100
AcDbLine
 10
2.2944566929
 20
2.0539566936
 30
0.0
 11
2.2944566929
 21
2.0389566936
 31
0.0
  0
LINE
  5
12B9
330
1F
100
AcDbEntity
  8
0
  6
Continuous
 62
     7
370
    25
100
AcDbLine
 10
2.2944566929
 20
2.0389566929
 30
0.0
 11
2.3694566929
 21
2.0389566926
 31
0.0
  0
LINE
  5
12BA
330
1F
100
AcDbEntity
  8
0
  6
Continuous
 62
     7
370
    25
100
AcDbLine
 10
2.3614566929
 20
2.0389566936
 30
0.0
 11
2.3614566929
 21
2.0039566938
 31
0.0
  0
LINE
  5
12BB
330
1F
100
AcDbEntity
  8
0
  6
Continuous
 62
     7
370
    25
100
AcDbLine
 10
2.3694566929
 20
2.0039566927
 30
0.0
 11
2.2944566929
 21
2.0039566929
 31
0.0
  0
LINE
  5
12BC
330
1F
100
AcDbEntity
  8
0
  6
Continuous
 62
     7
370
    25
100
AcDbLine
 10
2.2944566929
 20
2.0039566938
 30
0.0
 11
2.2944566929
 21
1.9889566939
 31
0.0
  0
LINE
  5
12BD
330
1F
100
AcDbEntity
  8
0
  6
Continuous
 62
     7
370
    25
100
AcDbLine
 10
2.2944566929
 20
1.9889566929
 30
0.0
 11
2.3694566929
 21
1.9889566931
 31
0.0
  0
LINE
  5
12BE
330
1F
100
AcDbEntity
  8
0
  6
Continuous
 62
     7
370
    25
100
AcDbLine
 10
2.3614566929
 20
1.9889566939
 30
0.0
 11
2.3614566929
 21
1.953956692
 31
0.0
  0
LINE
  5
12BF
330
1F
100
AcDbEntity
  8
0
  6
Continuous
 62
     7
370
    25
100
AcDbLine
 10
2.3694566929
 20
1.9539566931
 30
0.0
 11
2.2944566929
 21
1.9539566929
 31
0.0
  0
LINE
  5
12C0
330
1F
100
AcDbEntity
  8
0
  6
Continuous
 62
     7
370
    25
100
AcDbLine
 10
2.2944566929
 20
1.953956692
 30
0.0
 11
2.2944566929
 21
1.938956692
 31
0.0
  0
LINE
  5
12C1
330
1F
100
AcDbEntity
  8
0
  6
Continuous
 62
     7
370
    25
100
AcDbLine
 10
2.2944566929
 20
1.9389566929
 30
0.0
 11
2.3694566929
 21
1.9389566926
 31
0.0
  0
LINE
  5
12C2
330
1F
100
AcDbEntity
  8
0
  6
Continuous
 62
     7
370
    25
100
AcDbLine
 10
2.3614566929
 20
1.938956692
 30
0.0
 11
2.3614566929
 21
1.9039566922
 31
0.0
  0
LINE
  5
12C3
330
1F
100
AcDbEntity
  8
0
  6
Continuous
 62
     7
370
    25
100
AcDbLine
 10
2.3694566929
 20
1.9039566926
 30
0.0
 11
2.2944566929
 21
1.9039566929
 31
0.0
  0
LINE
  5
12C4
330
1F
100
AcDbEntity
  8
0
  6
Continuous
 62
     7
370
    25
100
AcDbLine
 10
2.2944566929
 20
1.9039566922
 30
0.0
 11
2.2944566929
 21
1.8889566923
 31
0.0
  0
LINE
  5
12C5
330
1F
100
AcDbEntity
  8
0
  6
Continuous
 62
     7
370
    25
100
AcDbLine
 10
2.2944566929
 20
1.8889566929
 30
0.0
 11
2.3694566929
 21
1.888956693
 31
0.0
  0
LINE
  5
12C6
330
1F
100
AcDbEntity
  8
0
  6
Continuous
 62
     7
370
    25
100
AcDbLine
 10
2.3614566929
 20
1.8889566923
 30
0.0
 11
2.3614566929
 21
1.8539566925
 31
0.0
  0
LINE
  5
12C7
330
1F
100
AcDbEntity
  8
0
  6
Continuous
 62
     7
370
    25
100
AcDbLine
 10
2.3694566929
 20
1.8539566931
 30
0.0
 11
2.2944566929
 21
1.8539566929
 31
0.0
  0
LINE
  5
12C8
330
1F
100
AcDbEntity
  8
0
  6
Continuous
 62
     7
370
    25
100
AcDbLine
 10
2.2944566929
 20
1.8539566925
 30
0.0
 11
2.2944566929
 21
1.8389566926
 31
0.0
  0
LINE
  5
12C9
330
1F
100
AcDbEntity
  8
0
  6
Continuous
 62
     7
370
    25
100
AcDbLine
 10
2.2944566929
 20
1.8389566929
 30
0.0
 11
2.3694566929
 21
1.8389566926
 31
0.0
  0
LINE
  5
12CA
330
1F
100
AcDbEntity
  8
0
  6
Continuous
 62
     7
370
    25
100
AcDbLine
 10
2.3614566929
 20
1.8389566926
 30
0.0
 11
2.3614566929
 21
1.8039566927
 31
0.0
  0
LINE
  5
12CB
330
1F
100
AcDbEntity
  8
0
  6
Continuous
 62
     7
370
    25
100
AcDbLine
 10
2.3694566929
 20
1.8039566926
 30
0.0
 11
2.2944566929
 21
1.8039566929
 31
0.0
  0
LINE
  5
12CC
330
1F
100
AcDbEntity
  8
0
  6
Continuous
 62
     7
370
    25
100
AcDbLine
 10
2.2944566929
 20
1.8039566927
 30
0.0
 11
2.2944566929
 21
1.7889566928
 31
0.0
  0
LINE
  5
12CD
330
1F
100
AcDbEntity
  8
0
  6
Continuous
 62
     7
370
    25
100
AcDbLine
 10
2.2944566929
 20
1.7889566929
 30
0.0
 11
2.3694566929
 21
1.788956693
 31
0.0
  0
LINE
  5
12CE
330
1F
100
AcDbEntity
  8
0
  6
Continuous
 62
     7
370
    25
100
AcDbLine
 10
2.3614566929
 20
1.7889566928
 30
0.0
 11
2.3614566929
 21
1.753956693
 31
0.0
  0
LINE
  5
12CF
330
1F
100
AcDbEntity
  8
0
  6
Continuous
 62
     7
370
    25
100
AcDbLine
 10
2.3694566929
 20
1.753956693
 30
0.0
 11
2.2944566929
 21
1.7539566929
 31
0.0
  0
LINE
  5
12D0
330
1F
100
AcDbEntity
  8
0
  6
Continuous
 62
     7
370
    25
100
AcDbLine
 10
2.2944566929
 20
1.753956693
 30
0.0
 11
2.2944566929
 21
1.7389566931
 31
0.0
  0
LINE
  5
12D1
330
1F
100
AcDbEntity
  8
0
  6
Continuous
 62
     7
370
    25
100
AcDbLine
 10
2.2944566929
 20
1.7389566929
 30
0.0
 11
2.3694566929
 21
1.7389566926
 31
0.0
  0
LINE
  5
12D2
330
1F
100
AcDbEntity
  8
0
  6
Continuous
 62
     7
370
    25
100
AcDbLine
 10
2.3614566929
 20
1.7389566931
 30
0.0
 11
2.3614566929
 21
1.7039566933
 31
0.0
  0
LINE
  5
12D3
330
1F
100
AcDbEntity
  8
0
  6
Continuous
 62
     7
370
    25
100
AcDbLine
 10
2.3694566929
 20
1.7039566926
 30
0.0
 11
2.2944566929
 21
1.7039566929
 31
0.0
  0
LINE
  5
12D4
330
1F
100
AcDbEntity
  8
0
  6
Continuous
 62
     7
370
    25
100
AcDbLine
 10
2.2944566929
 20
1.7039566933
 30
0.0
 11
2.2944566929
 21
1.6889566934
 31
0.0
  0
LINE
  5
12D5
330
1F
100
AcDbEntity
  8
0
  6
Continuous
 62
     7
370
    25
100
AcDbLine
 10
2.2944566929
 20
1.6889566929
 30
0.0
 11
2.3694566929
 21
1.688956693
 31
0.0
  0
LINE
  5
12D6
330
1F
100
AcDbEntity
  8
0
  6
Continuous
 62
     7
370
    25
100
AcDbLine
 10
2.3614566929
 20
1.6889566934
 30
0.0
 11
2.3614566929
 21
1.6539566935
 31
0.0
  0
LINE
  5
12D7
330
1F
100
AcDbEntity
  8
0
  6
Continuous
 62
     7
370
    25
100
AcDbLine
 10
2.3694566929
 20
1.653956693
 30
0.0
 11
2.2944566929
 21
1.6539566929
 31
0.0
  0
LINE
  5
12D8
330
1F
100
AcDbEntity
  8
0
  6
Continuous
 62
     7
370
    25
100
AcDbLine
 10
2.2944566929
 20
1.6539566935
 30
0.0
 11
2.2944566929
 21
1.6389566936
 31
0.0
  0
LINE
  5
12D9
330
1F
100
AcDbEntity
  8
0
  6
Continuous
 62
     7
370
    25
100
AcDbLine
 10
2.2944566929
 20
1.6389566929
 30
0.0
 11
2.3694566929
 21
1.6389566925
 31
0.0
  0
LINE
  5
12DA
330
1F
100
AcDbEntity
  8
0
  6
Continuous
 62
     7
370
    25
100
AcDbLine
 10
2.3614566929
 20
1.6389566936
 30
0.0
 11
2.3614566929
 21
1.6039566938
 31
0.0
  0
LINE
  5
12DB
330
1F
100
AcDbEntity
  8
0
  6
Continuous
 62
     7
370
    25
100
AcDbLine
 10
2.3694566929
 20
1.6039566926
 30
0.0
 11
2.2944566929
 21
1.6039566929
 31
0.0
  0
LINE
  5
12DC
330
1F
100
AcDbEntity
  8
0
  6
Continuous
 62
     7
370
    25
100
AcDbLine
 10
2.2944566929
 20
1.6039566938
 30
0.0
 11
2.2944566929
 21
1.5889566939
 31
0.0
  0
LINE
  5
12DD
330
1F
100
AcDbEntity
  8
0
  6
Continuous
 62
     7
370
    25
100
AcDbLine
 10
2.2944566929
 20
1.5889566929
 30
0.0
 11
2.3694566929
 21
1.5889566929
 31
0.0
  0
LINE
  5
12DE
330
1F
100
AcDbEntity
  8
0
  6
Continuous
 62
     7
370
    25
100
AcDbLine
 10
2.3614566929
 20
1.5889566939
 30
0.0
 11
2.3614566929
 21
1.5539566919
 31
0.0
  0
LINE
  5
12DF
330
1F
100
AcDbEntity
  8
0
  6
Continuous
 62
     7
370
    25
100
AcDbLine
 10
2.3694566929
 20
1.553956693
 30
0.0
 11
2.2944566929
 21
1.5539566929
 31
0.0
  0
LINE
  5
12E0
330
1F
100
AcDbEntity
  8
0
  6
Continuous
 62
     7
370
    25
100
AcDbLine
 10
2.2944566929
 20
1.5539566919
 30
0.0
 11
2.2944566929
 21
1.538956692
 31
0.0
  0
LINE
  5
12E1
330
1F
100
AcDbEntity
  8
0
  6
Continuous
 62
     7
370
    25
100
AcDbLine
 10
2.2944566929
 20
1.5389566929
 30
0.0
 11
2.3694566929
 21
1.5389566925
 31
0.0
  0
LINE
  5
12E2
330
1F
100
AcDbEntity
  8
0
  6
Continuous
 62
     7
370
    25
100
AcDbLine
 10
2.3614566929
 20
1.538956692
 30
0.0
 11
2.3614566929
 21
1.5039566922
 31
0.0
  0
LINE
  5
12E3
330
1F
100
AcDbEntity
  8
0
  6
Continuous
 62
     7
370
    25
100
AcDbLine
 10
2.3694566929
 20
1.5039566925
 30
0.0
 11
2.2944566929
 21
1.5039566929
 31
0.0
  0
LINE
  5
12E4
330
1F
100
AcDbEntity
  8
0
  6
Continuous
 62
     7
370
    25
100
AcDbLine
 10
2.2944566929
 20
1.5039566922
 30
0.0
 11
2.2944566929
 21
1.4889566923
 31
0.0
  0
LINE
  5
12E5
330
1F
100
AcDbEntity
  8
0
  6
Continuous
 62
     7
370
    25
100
AcDbLine
 10
2.2944566929
 20
1.4889566929
 30
0.0
 11
2.3694566929
 21
1.4889566929
 31
0.0
  0
LINE
  5
12E6
330
1F
100
AcDbEntity
  8
0
  6
Continuous
 62
     7
370
    25
100
AcDbLine
 10
2.3614566929
 20
1.4889566923
 30
0.0
 11
2.3614566929
 21
1.4539566925
 31
0.0
  0
LINE
  5
12E7
330
1F
100
AcDbEntity
  8
0
  6
Continuous
 62
     7
370
    25
100
AcDbLine
 10
2.3694566929
 20
1.4539566929
 30
0.0
 11
2.2944566929
 21
1.4539566929
 31
0.0
  0
LINE
  5
12E8
330
1F
100
AcDbEntity
  8
0
  6
Continuous
 62
     7
370
    25
100
AcDbLine
 10
2.2944566929
 20
1.4539566925
 30
0.0
 11
2.2944566929
 21
1.4389566925
 31
0.0
  0
LINE
  5
12E9
330
1F
100
AcDbEntity
  8
0
  6
Continuous
 62
     7
370
    25
100
AcDbLine
 10
2.2944566929
 20
1.4389566929
 30
0.0
 11
2.3694566929
 21
1.4389566933
 31
0.0
  0
LINE
  5
12EA
330
1F
100
AcDbEntity
  8
0
  6
Continuous
 62
     7
370
    25
100
AcDbLine
 10
2.3614566929
 20
1.4389566925
 30
0.0
 11
2.3614566929
 21
1.4039566927
 31
0.0
  0
LINE
  5
12EB
330
1F
100
AcDbEntity
  8
0
  6
Continuous
 62
     7
370
    25
100
AcDbLine
 10
2.3694566929
 20
1.4039566925
 30
0.0
 11
2.2944566929
 21
1.4039566929
 31
0.0
  0
LINE
  5
12EC
330
1F
100
AcDbEntity
  8
0
  6
Continuous
 62
     7
370
    25
100
AcDbLine
 10
2.2944566929
 20
1.4039566927
 30
0.0
 11
2.2944566929
 21
1.3889566928
 31
0.0
  0
LINE
  5
12ED
330
1F
100
AcDbEntity
  8
0
  6
Continuous
 62
     7
370
    25
100
AcDbLine
 10
2.2944566929
 20
1.3889566929
 30
0.0
 11
2.3694566929
 21
1.3889566929
 31
0.0
  0
LINE
  5
12EE
330
1F
100
AcDbEntity
  8
0
  6
Continuous
 62
     7
370
    25
100
AcDbLine
 10
2.3614566929
 20
1.3889566928
 30
0.0
 11
2.3614566929
 21
1.353956693
 31
0.0
  0
LINE
  5
12EF
330
1F
100
AcDbEntity
  8
0
  6
Continuous
 62
     7
370
    25
100
AcDbLine
 10
2.3694566929
 20
1.3539566929
 30
0.0
 11
2.2944566929
 21
1.3539566929
 31
0.0
  0
LINE
  5
12F0
330
1F
100
AcDbEntity
  8
0
  6
Continuous
 62
     7
370
    25
100
AcDbLine
 10
2.2944566929
 20
1.353956693
 30
0.0
 11
2.2944566929
 21
1.3389566931
 31
0.0
  0
LINE
  5
12F1
330
1F
100
AcDbEntity
  8
0
  6
Continuous
 62
     7
370
    25
100
AcDbLine
 10
2.2944566929
 20
1.3389566929
 30
0.0
 11
2.3694566929
 21
1.3389566933
 31
0.0
  0
LINE
  5
12F2
330
1F
100
AcDbEntity
  8
0
  6
Continuous
 62
     7
370
    25
100
AcDbLine
 10
2.3614566929
 20
1.3389566931
 30
0.0
 11
2.3614566929
 21
1.3039566933
 31
0.0
  0
LINE
  5
12F3
330
1F
100
AcDbEntity
  8
0
  6
Continuous
 62
     7
370
    25
100
AcDbLine
 10
2.3694566929
 20
1.3039566933
 30
0.0
 11
2.2944566929
 21
1.3039566929
 31
0.0
  0
LINE
  5
12F4
330
1F
100
AcDbEntity
  8
0
  6
Continuous
 62
     7
370
    25
100
AcDbLine
 10
2.2944566929
 20
1.3039566933
 30
0.0
 11
2.2944566929
 21
1.2889566933
 31
0.0
  0
LINE
  5
12F5
330
1F
100
AcDbEntity
  8
0
  6
Continuous
 62
     7
370
    25
100
AcDbLine
 10
2.2944566929
 20
1.2889566929
 30
0.0
 11
2.3694566929
 21
1.2889566929
 31
0.0
  0
LINE
  5
12F6
330
1F
100
AcDbEntity
  8
0
  6
Continuous
 62
     7
370
    25
100
AcDbLine
 10
2.3614566929
 20
1.2889566933
 30
0.0
 11
2.3614566929
 21
1.2539566935
 31
0.0
  0
LINE
  5
12F7
330
1F
100
AcDbEntity
  8
0
  6
Continuous
 62
     7
370
    25
100
AcDbLine
 10
2.3694566929
 20
1.2539566929
 30
0.0
 11
2.2944566929
 21
1.2539566929
 31
0.0
  0
LINE
  5
12F8
330
1F
100
AcDbEntity
  8
0
  6
Continuous
 62
     7
370
    25
100
AcDbLine
 10
2.2944566929
 20
1.2539566935
 30
0.0
 11
2.2944566929
 21
1.2389566936
 31
0.0
  0
LINE
  5
12F9
330
1F
100
AcDbEntity
  8
0
  6
Continuous
 62
     7
370
    25
100
AcDbLine
 10
2.2944566929
 20
1.2389566929
 30
0.0
 11
2.3694566929
 21
1.2389566933
 31
0.0
  0
LINE
  5
12FA
330
1F
100
AcDbEntity
  8
0
  6
Continuous
 62
     7
370
    25
100
AcDbLine
 10
2.3614566929
 20
1.2389566936
 30
0.0
 11
2.3614566929
 21
1.2039566938
 31
0.0
  0
LINE
  5
12FB
330
1F
100
AcDbEntity
  8
0
  6
Continuous
 62
     7
370
    25
100
AcDbLine
 10
2.3694566929
 20
1.2039566933
 30
0.0
 11
2.2944566929
 21
1.2039566929
 31
0.0
  0
LINE
  5
12FC
330
1F
100
AcDbEntity
  8
0
  6
Continuous
 62
     7
370
    25
100
AcDbLine
 10
2.2944566929
 20
1.2039566938
 30
0.0
 11
2.2944566929
 21
1.1889566939
 31
0.0
  0
LINE
  5
12FD
330
1F
100
AcDbEntity
  8
0
  6
Continuous
 62
     7
370
    25
100
AcDbLine
 10
2.2944566929
 20
1.1889566929
 30
0.0
 11
2.3694566929
 21
1.1889566928
 31
0.0
  0
LINE
  5
12FE
330
1F
100
AcDbEntity
  8
0
  6
Continuous
 62
     7
370
    25
100
AcDbLine
 10
2.3614566929
 20
1.1889566939
 30
0.0
 11
2.3614566929
 21
1.1539566919
 31
0.0
  0
LINE
  5
12FF
330
1F
100
AcDbEntity
  8
0
  6
Continuous
 62
     7
370
    25
100
AcDbLine
 10
2.3694566929
 20
1.1539566929
 30
0.0
 11
2.2944566929
 21
1.1539566929
 31
0.0
  0
LINE
  5
1300
330
1F
100
AcDbEntity
  8
0
  6
Continuous
 62
     7
370
    25
100
AcDbLine
 10
2.2944566929
 20
1.1539566919
 30
0.0
 11
2.2944566929
 21
1.138956692
 31
0.0
  0
LINE
  5
1301
330
1F
100
AcDbEntity
  8
0
  6
Continuous
 62
     7
370
    25
100
AcDbLine
 10
2.2944566929
 20
1.1389566929
 30
0.0
 11
2.3694566929
 21
1.1389566932
 31
0.0
  0
LINE
  5
1302
330
1F
100
AcDbEntity
  8
0
  6
Continuous
 62
     7
370
    25
100
AcDbLine
 10
2.3614566929
 20
1.138956692
 30
0.0
 11
2.3614566929
 21
1.1039566922
 31
0.0
  0
LINE
  5
1303
330
1F
100
AcDbEntity
  8
0
  6
Continuous
 62
     7
370
    25
100
AcDbLine
 10
2.3694566929
 20
1.1039566933
 30
0.0
 11
2.2944566929
 21
1.1039566929
 31
0.0
  0
LINE
  5
1304
330
1F
100
AcDbEntity
  8
0
  6
Continuous
 62
     7
370
    25
100
AcDbLine
 10
2.2944566929
 20
1.1039566922
 30
0.0
 11
2.2944566929
 21
1.0889566923
 31
0.0
  0
LINE
  5
1305
330
1F
100
AcDbEntity
  8
0
  6
Continuous
 62
     7
370
    25
100
AcDbLine
 10
2.2944566929
 20
1.0889566929
 30
0.0
 11
2.3694566929
 21
1.0889566928
 31
0.0
  0
LINE
  5
1306
330
1F
100
AcDbEntity
  8
0
  6
Continuous
 62
     7
370
    25
100
AcDbLine
 10
2.3614566929
 20
1.0889566923
 30
0.0
 11
2.3614566929
 21
1.0539566925
 31
0.0
  0
LINE
  5
1307
330
1F
100
AcDbEntity
  8
0
  6
Continuous
 62
     7
370
    25
100
AcDbLine
 10
2.3694566929
 20
1.0539566928
 30
0.0
 11
2.2944566929
 21
1.0539566929
 31
0.0
  0
LINE
  5
1308
330
1F
100
AcDbEntity
  8
0
  6
Continuous
 62
     7
370
    25
100
AcDbLine
 10
2.2944566929
 20
1.0539566925
 30
0.0
 11
2.2944566929
 21
1.0389566925
 31
0.0
  0
LINE
  5
1309
330
1F
100
AcDbEntity
  8
0
  6
Continuous
 62
     7
370
    25
100
AcDbLine
 10
2.2944566929
 20
1.0389566929
 30
0.0
 11
2.3694566929
 21
1.0389566932
 31
0.0
  0
LINE
  5
130A
330
1F
100
AcDbEntity
  8
0
  6
Continuous
 62
     7
370
    25
100
AcDbLine
 10
2.3614566929
 20
1.0389566925
 30
0.0
 11
2.3614566929
 21
1.0039566927
 31
0.0
  0
LINE
  5
130B
330
1F
100
AcDbEntity
  8
0
  6
Continuous
 62
     7
370
    25
100
AcDbLine
 10
2.3694566929
 20
1.0039566932
 30
0.0
 11
2.2944566929
 21
1.0039566929
 31
0.0
  0
LINE
  5
130C
330
1F
100
AcDbEntity
  8
0
  6
Continuous
 62
     7
370
    25
100
AcDbLine
 10
2.2944566929
 20
1.0039566927
 30
0.0
 11
2.2944566929
 21
0.9889566928
 31
0.0
  0
LINE
  5
130D
330
1F
100
AcDbEntity
  8
0
  6
Continuous
 62
     7
370
    25
100
AcDbLine
 10
2.2944566929
 20
0.9889566929
 30
0.0
 11
2.3694566929
 21
0.9889566928
 31
0.0
  0
LINE
  5
130E
330
1F
100
AcDbEntity
  8
0
  6
Continuous
 62
     7
370
    25
100
AcDbLine
 10
2.3614566929
 20
0.9889566928
 30
0.0
 11
2.3614566929
 21
0.953956693
 31
0.0
  0
LINE
  5
130F
330
1F
100
AcDbEntity
  8
0
  6
Continuous
 62
     7
370
    25
100
AcDbLine
 10
2.3694566929
 20
0.9539566928
 30
0.0
 11
2.2944566929
 21
0.9539566929
 31
0.0
  0
LINE
  5
1310
330
1F
100
AcDbEntity
  8
0
  6
Continuous
 62
     7
370
    25
100
AcDbLine
 10
2.2944566929
 20
0.953956693
 30
0.0
 11
2.2944566929
 21
0.9389566931
 31
0.0
  0
LINE
  5
1311
330
1F
100
AcDbEntity
  8
0
  6
Continuous
 62
     7
370
    25
100
AcDbLine
 10
2.2944566929
 20
0.9389566929
 30
0.0
 11
2.3694566929
 21
0.9389566932
 31
0.0
  0
LINE
  5
1312
330
1F
100
AcDbEntity
  8
0
  6
Continuous
 62
     7
370
    25
100
AcDbLine
 10
2.3614566929
 20
0.9389566931
 30
0.0
 11
2.3614566929
 21
0.9039566933
 31
0.0
  0
LINE
  5
1313
330
1F
100
AcDbEntity
  8
0
  6
Continuous
 62
     7
370
    25
100
AcDbLine
 10
2.3694566929
 20
0.9039566932
 30
0.0
 11
2.3294566929
 21
0.9039566929
 31
0.0
  0
LINE
  5
1314
330
1F
100
AcDbEntity
  8
0
  6
Continuous
 62
     7
370
    25
100
AcDbLine
 10
2.3294566929
 20
0.9039566933
 30
0.0
 11
2.3294566929
 21
0.8889566933
 31
0.0
  0
LINE
  5
1315
330
1F
100
AcDbEntity
  8
0
  6
Continuous
 62
     7
370
    25
100
AcDbLine
 10
2.3294566929
 20
0.8889566929
 30
0.0
 11
2.3694566929
 21
0.8889566927
 31
0.0
  0
LINE
  5
1316
330
1F
100
AcDbEntity
  8
0
  6
Continuous
 62
     7
370
    25
100
AcDbLine
 10
2.3614566929
 20
0.8889566933
 30
0.0
 11
2.3614566929
 21
0.8539566935
 31
0.0
  0
LINE
  5
1317
330
1F
100
AcDbEntity
  8
0
  6
Continuous
 62
     7
370
    25
100
AcDbLine
 10
2.3694566929
 20
0.8539566928
 30
0.0
 11
2.3294566929
 21
0.8539566929
 31
0.0
  0
LINE
  5
1318
330
1F
100
AcDbEntity
  8
0
  6
Continuous
 62
     7
370
    25
100
AcDbLine
 10
2.3294566929
 20
0.8539566935
 30
0.0
 11
2.3294566929
 21
0.8389566929
 31
0.0
  0
LINE
  5
1319
330
1F
100
AcDbEntity
  8
0
  6
Continuous
 62
     7
370
    25
100
AcDbLine
 10
2.3294566929
 20
0.8389566929
 30
0.0
 11
2.3694566929
 21
0.8389566929
 31
0.0
  0
LINE
  5
131A
330
1F
100
AcDbEntity
  8
0
  6
Continuous
 62
     7
370
    25
100
AcDbLine
 10
2.3614566929
 20
0.8389566929
 30
0.0
 11
2.3614566929
 21
0.6039566929
 31
0.0
  0
LINE
  5
131B
330
1F
100
AcDbEntity
  8
0
  6
Continuous
 62
     7
370
    25
100
AcDbLine
 10
2.3694566929
 20
0.6039566929
 30
0.0
 11
2.3294566929
 21
0.6039566929
 31
0.0
  0
LINE
  5
131C
330
1F
100
AcDbEntity
  8
0
  6
Continuous
 62
     7
370
    25
100
AcDbLine
 10
2.3294566929
 20
0.6039566929
 30
0.0
 11
2.3294566929
 21
0.5889566928
 31
0.0
  0
LINE
  5
131D
330
1F
100
AcDbEntity
  8
0
  6
Continuous
 62
     7
370
    25
100
AcDbLine
 10
2.3294566929
 20
0.5889566929
 30
0.0
 11
2.3694566929
 21
0.5889566929
 31
0.0
  0
LINE
  5
131E
330
1F
100
AcDbEntity
  8
0
  6
Continuous
 62
     7
370
    25
100
AcDbLine
 10
2.3614566929
 20
0.5889566928
 30
0.0
 11
2.3614566929
 21
0.553956693
 31
0.0
  0
LINE
  5
131F
330
1F
100
AcDbEntity
  8
0
  6
Continuous
 62
     7
370
    25
100
AcDbLine
 10
2.3694566929
 20
0.5539566929
 30
0.0
 11
2.3294566929
 21
0.5539566929
 31
0.0
  0
LINE
  5
1320
330
1F
100
AcDbEntity
  8
0
  6
Continuous
 62
     7
370
    25
100
AcDbLine
 10
2.3294566929
 20
0.553956693
 30
0.0
 11
2.3294566929
 21
0.5389566931
 31
0.0
  0
LINE
  5
1321
330
1F
100
AcDbEntity
  8
0
  6
Continuous
 62
     7
370
    25
100
AcDbLine
 10
2.3294566929
 20
0.5389566929
 30
0.0
 11
2.3694566929
 21
0.5389566928
 31
0.0
  0
LINE
  5
1322
330
1F
100
AcDbEntity
  8
0
  6
Continuous
 62
     7
370
    25
100
AcDbLine
 10
2.3614566929
 20
0.5389566931
 30
0.0
 11
2.3614566929
 21
0.5039566932
 31
0.0
  0
LINE
  5
1323
330
1F
100
AcDbEntity
  8
0
  6
Continuous
 62
     7
370
    25
100
AcDbLine
 10
2.3694566929
 20
0.5039566934
 30
0.0
 11
2.2944566929
 21
0.5039566929
 31
0.0
  0
LINE
  5
1324
330
1F
100
AcDbEntity
  8
0
  6
Continuous
 62
     7
370
    25
100
AcDbLine
 10
2.2944566929
 20
0.5039566932
 30
0.0
 11
2.2944566929
 21
0.4889566933
 31
0.0
  0
LINE
  5
1325
330
1F
100
AcDbEntity
  8
0
  6
Continuous
 62
     7
370
    25
100
AcDbLine
 10
2.2944566929
 20
0.4889566929
 30
0.0
 11
2.3694566929
 21
0.4889566933
 31
0.0
  0
LINE
  5
1326
330
1F
100
AcDbEntity
  8
0
  6
Continuous
 62
     7
370
    25
100
AcDbLine
 10
2.3614566929
 20
0.4889566933
 30
0.0
 11
2.3614566929
 21
0.4539566935
 31
0.0
  0
LINE
  5
1327
330
1F
100
AcDbEntity
  8
0
  6
Continuous
 62
     7
370
    25
100
AcDbLine
 10
2.3694566929
 20
0.4539566928
 30
0.0
 11
2.2944566929
 21
0.4539566929
 31
0.0
  0
LINE
  5
1328
330
1F
100
AcDbEntity
  8
0
  6
Continuous
 62
     7
370
    25
100
AcDbLine
 10
2.2944566929
 20
0.4539566935
 30
0.0
 11
2.2944566929
 21
0.4389566936
 31
0.0
  0
LINE
  5
1329
330
1F
100
AcDbEntity
  8
0
  6
Continuous
 62
     7
370
    25
100
AcDbLine
 10
2.2944566929
 20
0.4389566929
 30
0.0
 11
2.3694566929
 21
0.4389566927
 31
0.0
  0
LINE
  5
132A
330
1F
100
AcDbEntity
  8
0
  6
Continuous
 62
     7
370
    25
100
AcDbLine
 10
2.3614566929
 20
0.4389566936
 30
0.0
 11
2.3614566929
 21
0.4039566938
 31
0.0
  0
LINE
  5
132B
330
1F
100
AcDbEntity
  8
0
  6
Continuous
 62
     7
370
    25
100
AcDbLine
 10
2.3694566929
 20
0.4039566932
 30
0.0
 11
2.2944566929
 21
0.4039566929
 31
0.0
  0
LINE
  5
132C
330
1F
100
AcDbEntity
  8
0
  6
Continuous
 62
     7
370
    25
100
AcDbLine
 10
2.2944566929
 20
0.4039566938
 30
0.0
 11
2.2944566929
 21
0.3889566938
 31
0.0
  0
LINE
  5
132D
330
1F
100
AcDbEntity
  8
0
  6
Continuous
 62
     7
370
    25
100
AcDbLine
 10
2.2944566929
 20
0.3889566929
 30
0.0
 11
2.3694566929
 21
0.3889566931
 31
0.0
  0
LINE
  5
132E
330
1F
100
AcDbEntity
  8
0
  6
Continuous
 62
     7
370
    25
100
AcDbLine
 10
2.3614566929
 20
0.3889566938
 30
0.0
 11
2.3614566929
 21
0.3539566919
 31
0.0
  0
LINE
  5
132F
330
1F
100
AcDbEntity
  8
0
  6
Continuous
 62
     7
370
    25
100
AcDbLine
 10
2.3694566929
 20
0.3539566926
 30
0.0
 11
2.2944566929
 21
0.3539566929
 31
0.0
  0
LINE
  5
1330
330
1F
100
AcDbEntity
  8
0
  6
Continuous
 62
     7
370
    25
100
AcDbLine
 10
2.2944566929
 20
0.3539566919
 30
0.0
 11
2.2944566929
 21
0.338956692
 31
0.0
  0
LINE
  5
1331
330
1F
100
AcDbEntity
  8
0
  6
Continuous
 62
     7
370
    25
100
AcDbLine
 10
2.2944566929
 20
0.3389566929
 30
0.0
 11
2.3694566929
 21
0.3389566925
 31
0.0
  0
LINE
  5
1332
330
1F
100
AcDbEntity
  8
0
  6
Continuous
 62
     7
370
    25
100
AcDbLine
 10
2.3614566929
 20
0.338956692
 30
0.0
 11
2.3614566929
 21
0.3039566922
 31
0.0
  0
LINE
  5
1333
330
1F
100
AcDbEntity
  8
0
  6
Continuous
 62
     7
370
    25
100
AcDbLine
 10
2.3694566929
 20
0.303956693
 30
0.0
 11
2.2944566929
 21
0.3039566929
 31
0.0
  0
LINE
  5
1334
330
1F
100
AcDbEntity
  8
0
  6
Continuous
 62
     7
370
    25
100
AcDbLine
 10
2.2944566929
 20
0.3039566922
 30
0.0
 11
2.2944566929
 21
0.2889566922
 31
0.0
  0
LINE
  5
1335
330
1F
100
AcDbEntity
  8
0
  6
Continuous
 62
     7
370
    25
100
AcDbLine
 10
2.2944566929
 20
0.2889566929
 30
0.0
 11
2.3694566929
 21
0.2889566929
 31
0.0
  0
LINE
  5
1336
330
1F
100
AcDbEntity
  8
0
  6
Continuous
 62
     7
370
    25
100
AcDbLine
 10
2.3614566929
 20
0.2889566922
 30
0.0
 11
2.3614566929
 21
0.2539566924
 31
0.0
  0
LINE
  5
1337
330
1F
100
AcDbEntity
  8
0
  6
Continuous
 62
     7
370
    25
100
AcDbLine
 10
2.3694566929
 20
0.2539566924
 30
0.0
 11
2.2944566929
 21
0.2539566929
 31
0.0
  0
LINE
  5
1338
330
1F
100
AcDbEntity
  8
0
  6
Continuous
 62
     7
370
    25
100
AcDbLine
 10
2.2944566929
 20
0.2539566924
 30
0.0
 11
2.2944566929
 21
0.2389566925
 31
0.0
  0
LINE
  5
1339
330
1F
100
AcDbEntity
  8
0
  6
Continuous
 62
     7
370
    25
100
AcDbLine
 10
2.2944566929
 20
0.2389566929
 30
0.0
 11
2.3694566929
 21
0.2389566934
 31
0.0
  0
LINE
  5
133A
330
1F
100
AcDbEntity
  8
0
  6
Continuous
 62
     7
370
    25
100
AcDbLine
 10
2.3614566929
 20
0.2389566925
 30
0.0
 11
2.3614566929
 21
0.2039566927
 31
0.0
  0
LINE
  5
133B
330
1F
100
AcDbEntity
  8
0
  6
Continuous
 62
     7
370
    25
100
AcDbLine
 10
2.3694566929
 20
0.2039566928
 30
0.0
 11
2.2944566929
 21
0.2039566929
 31
0.0
  0
LINE
  5
133C
330
1F
100
AcDbEntity
  8
0
  6
Continuous
 62
     7
370
    25
100
AcDbLine
 10
2.2944566929
 20
0.2039566927
 30
0.0
 11
2.2944566929
 21
0.1889566928
 31
0.0
  0
LINE
  5
133D
330
1F
100
AcDbEntity
  8
0
  6
Continuous
 62
     7
370
    25
100
AcDbLine
 10
2.2944566929
 20
0.1889566929
 30
0.0
 11
2.3694566929
 21
0.1889566928
 31
0.0
  0
LINE
  5
133E
330
1F
100
AcDbEntity
  8
0
  6
Continuous
 62
     7
370
    25
100
AcDbLine
 10
2.3614566929
 20
0.1889566928
 30
0.0
 11
2.3614566929
 21
0.153956693
 31
0.0
  0
LINE
  5
133F
330
1F
100
AcDbEntity
  8
0
  6
Continuous
 62
     7
370
    25
100
AcDbLine
 10
2.3694566929
 20
0.1539566933
 30
0.0
 11
2.2944566929
 21
0.1539566929
 31
0.0
  0
LINE
  5
1340
330
1F
100
AcDbEntity
  8
0
  6
Continuous
 62
     7
370
    25
100
AcDbLine
 10
2.2944566929
 20
0.153956693
 30
0.0
 11
2.2944566929
 21
0.138956693
 31
0.0
  0
LINE
  5
1341
330
1F
100
AcDbEntity
  8
0
  6
Continuous
 62
     7
370
    25
100
AcDbLine
 10
2.2944566929
 20
0.1389566929
 30
0.0
 11
2.3694566929
 21
0.1389566932
 31
0.0
  0
LINE
  5
1342
330
1F
100
AcDbEntity
  8
0
  6
Continuous
 62
     7
370
    25
100
AcDbLine
 10
2.3614566929
 20
0.138956693
 30
0.0
 11
2.3614566929
 21
0.1039566932
 31
0.0
  0
LINE
  5
1343
330
1F
100
AcDbEntity
  8
0
  6
Continuous
 62
     7
370
    25
100
AcDbLine
 10
2.3694566929
 20
0.1039566927
 30
0.0
 11
2.2944566929
 21
0.1039566929
 31
0.0
  0
LINE
  5
1344
330
1F
100
AcDbEntity
  8
0
  6
Continuous
 62
     7
370
    25
100
AcDbLine
 10
2.2944566929
 20
0.1039566932
 30
0.0
 11
2.2944566929
 21
0.0889566933
 31
0.0
  0
LINE
  5
1345
330
1F
100
AcDbEntity
  8
0
  6
Continuous
 62
     7
370
    25
100
AcDbLine
 10
2.2944566929
 20
0.0889566929
 30
0.0
 11
2.3694566929
 21
0.0889566926
 31
0.0
  0
LINE
  5
1346
330
1F
100
AcDbEntity
  8
0
  6
Continuous
 62
     7
370
    25
100
AcDbLine
 10
2.3614566929
 20
0.0889566933
 30
0.0
 11
2.3614566929
 21
0.0539566935
 31
0.0
  0
LINE
  5
1347
330
1F
100
AcDbEntity
  8
0
  6
Continuous
 62
     7
370
    25
100
AcDbLine
 10
2.3694566929
 20
0.0539566931
 30
0.0
 11
2.2944566929
 21
0.0539566929
 31
0.0
  0
LINE
  5
1348
330
1F
100
AcDbEntity
  8
0
  6
Continuous
 62
     7
370
    25
100
AcDbLine
 10
2.2944566929
 20
0.0539566935
 30
0.0
 11
2.2944566929
 21
0.0389566936
 31
0.0
  0
LINE
  5
1349
330
1F
100
AcDbEntity
  8
0
  6
Continuous
 62
     7
370
    25
100
AcDbLine
 10
2.2944566929
 20
0.0389566929
 30
0.0
 11
2.3694566929
 21
0.038956693
 31
0.0
  0
LINE
  5
134A
330
1F
100
AcDbEntity
  8
0
  6
Continuous
 62
     7
370
    25
100
AcDbLine
 10
2.3614566929
 20
0.0389566936
 30
0.0
 11
2.3614566929
 21
0.0039566938
 31
0.0
  0
LINE
  5
134B
330
1F
100
AcDbEntity
  8
0
  6
Continuous
 62
     7
370
    25
100
AcDbLine
 10
2.3694566929
 20
0.0039566925
 30
0.0
 11
2.2944566929
 21
0.0039566929
 31
0.0
  0
LINE
  5
134C
330
1F
100
AcDbEntity
  8
0
  6
Continuous
 62
     7
370
    25
100
AcDbLine
 10
2.2944566929
 20
0.0039566938
 30
0.0
 11
2.2944566929
 21
-0.0110433062
 31
0.0
  0
LINE
  5
134D
330
1F
100
AcDbEntity
  8
0
  6
Continuous
 62
     7
370
    25
100
AcDbLine
 10
2.2944566929
 20
-0.0110433071
 30
0.0
 11
2.3694566929
 21
-0.0110433076
 31
0.0
  0
LINE
  5
134E
330
1F
100
AcDbEntity
  8
0
  6
Continuous
 62
     7
370
    25
100
AcDbLine
 10
2.3614566929
 20
-0.0110433062
 30
0.0
 11
2.3614566929
 21
-0.0460433081
 31
0.0
  0
LINE
  5
134F
330
1F
100
AcDbEntity
  8
0
  6
Continuous
 62
     7
370
    25
100
AcDbLine
 10
2.3694566929
 20
-0.0460433071
 30
0.0
 11
2.2944566929
 21
-0.0460433071
 31
0.0
  0
LINE
  5
1350
330
1F
100
AcDbEntity
  8
0
  6
Continuous
 62
     7
370
    25
100
AcDbLine
 10
2.2944566929
 20
-0.0460433081
 30
0.0
 11
2.2944566929
 21
-0.061043308
 31
0.0
  0
LINE
  5
1351
330
1F
100
AcDbEntity
  8
0
  6
Continuous
 62
     7
370
    25
100
AcDbLine
 10
2.2944566929
 20
-0.0610433071
 30
0.0
 11
2.3694566929
 21
-0.0610433071
 31
0.0
  0
LINE
  5
1352
330
1F
100
AcDbEntity
  8
0
  6
Continuous
 62
     7
370
    25
100
AcDbLine
 10
2.3614566929
 20
-0.061043308
 30
0.0
 11
2.3614566929
 21
-0.0960433079
 31
0.0
  0
LINE
  5
1353
330
1F
100
AcDbEntity
  8
0
  6
Continuous
 62
     7
370
    25
100
AcDbLine
 10
2.3694566929
 20
-0.0960433066
 30
0.0
 11
2.2944566929
 21
-0.0960433071
 31
0.0
  0
LINE
  5
1354
330
1F
100
AcDbEntity
  8
0
  6
Continuous
 62
     7
370
    25
100
AcDbLine
 10
2.2944566929
 20
-0.0960433079
 30
0.0
 11
2.2944566929
 21
-0.1110433078
 31
0.0
  0
LINE
  5
1355
330
1F
100
AcDbEntity
  8
0
  6
Continuous
 62
     7
370
    25
100
AcDbLine
 10
2.2944566929
 20
-0.1110433071
 30
0.0
 11
2.3694566929
 21
-0.1110433067
 31
0.0
  0
LINE
  5
1356
330
1F
100
AcDbEntity
  8
0
  6
Continuous
 62
     7
370
    25
100
AcDbLine
 10
2.3614566929
 20
-0.1110433078
 30
0.0
 11
2.3614566929
 21
-0.1460433076
 31
0.0
  0
LINE
  5
1357
330
1F
100
AcDbEntity
  8
0
  6
Continuous
 62
     7
370
    25
100
AcDbLine
 10
2.3694566929
 20
-0.1460433072
 30
0.0
 11
2.2944566929
 21
-0.1460433071
 31
0.0
  0
LINE
  5
1358
330
1F
100
AcDbEntity
  8
0
  6
Continuous
 62
     7
370
    25
100
AcDbLine
 10
2.2944566929
 20
-0.1460433076
 30
0.0
 11
2.2944566929
 21
-0.1610433075
 31
0.0
  0
LINE
  5
1359
330
1F
100
AcDbEntity
  8
0
  6
Continuous
 62
     7
370
    25
100
AcDbLine
 10
2.2944566929
 20
-0.1610433071
 30
0.0
 11
2.3694566929
 21
-0.1610433073
 31
0.0
  0
LINE
  5
135A
330
1F
100
AcDbEntity
  8
0
  6
Continuous
 62
     7
370
    25
100
AcDbLine
 10
2.3614566929
 20
-0.1610433075
 30
0.0
 11
2.3614566929
 21
-0.1960433073
 31
0.0
  0
LINE
  5
135B
330
1F
100
AcDbEntity
  8
0
  6
Continuous
 62
     7
370
    25
100
AcDbLine
 10
2.3694566929
 20
-0.1960433068
 30
0.0
 11
2.2944566929
 21
-0.1960433071
 31
0.0
  0
LINE
  5
135C
330
1F
100
AcDbEntity
  8
0
  6
Continuous
 62
     7
370
    25
100
AcDbLine
 10
2.2944566929
 20
-0.1960433073
 30
0.0
 11
2.2944566929
 21
-0.2110433072
 31
0.0
  0
LINE
  5
135D
330
1F
100
AcDbEntity
  8
0
  6
Continuous
 62
     7
370
    25
100
AcDbLine
 10
2.2944566929
 20
-0.2110433071
 30
0.0
 11
2.3694566929
 21
-0.2110433069
 31
0.0
  0
LINE
  5
135E
330
1F
100
AcDbEntity
  8
0
  6
Continuous
 62
     7
370
    25
100
AcDbLine
 10
2.3614566929
 20
-0.2110433072
 30
0.0
 11
2.3614566929
 21
-0.2460433071
 31
0.0
  0
LINE
  5
135F
330
1F
100
AcDbEntity
  8
0
  6
Continuous
 62
     7
370
    25
100
AcDbLine
 10
2.3694566929
 20
-0.2460433074
 30
0.0
 11
2.2944566929
 21
-0.2460433071
 31
0.0
  0
LINE
  5
1360
330
1F
100
AcDbEntity
  8
0
  6
Continuous
 62
     7
370
    25
100
AcDbLine
 10
2.2944566929
 20
-0.2460433071
 30
0.0
 11
2.2944566929
 21
-0.261043307
 31
0.0
  0
LINE
  5
1361
330
1F
100
AcDbEntity
  8
0
  6
Continuous
 62
     7
370
    25
100
AcDbLine
 10
2.2944566929
 20
-0.2610433071
 30
0.0
 11
2.3694566929
 21
-0.2610433075
 31
0.0
  0
LINE
  5
1362
330
1F
100
AcDbEntity
  8
0
  6
Continuous
 62
     7
370
    25
100
AcDbLine
 10
2.3614566929
 20
-0.261043307
 30
0.0
 11
2.3614566929
 21
-0.2960433068
 31
0.0
  0
LINE
  5
1363
330
1F
100
AcDbEntity
  8
0
  6
Continuous
 62
     7
370
    25
100
AcDbLine
 10
2.3694566929
 20
-0.296043307
 30
0.0
 11
2.2944566929
 21
-0.2960433071
 31
0.0
  0
LINE
  5
1364
330
1F
100
AcDbEntity
  8
0
  6
Continuous
 62
     7
370
    25
100
AcDbLine
 10
2.2944566929
 20
-0.2960433068
 30
0.0
 11
2.2944566929
 21
-0.3110433067
 31
0.0
  0
LINE
  5
1365
330
1F
100
AcDbEntity
  8
0
  6
Continuous
 62
     7
370
    25
100
AcDbLine
 10
2.2944566929
 20
-0.3110433071
 30
0.0
 11
2.3694566929
 21
-0.311043307
 31
0.0
  0
LINE
  5
1366
330
1F
100
AcDbEntity
  8
0
  6
Continuous
 62
     7
370
    25
100
AcDbLine
 10
2.3614566929
 20
-0.3110433067
 30
0.0
 11
2.3614566929
 21
-0.3460433065
 31
0.0
  0
LINE
  5
1367
330
1F
100
AcDbEntity
  8
0
  6
Continuous
 62
     7
370
    25
100
AcDbLine
 10
2.3694566929
 20
-0.3460433076
 30
0.0
 11
2.2944566929
 21
-0.3460433071
 31
0.0
  0
LINE
  5
1368
330
1F
100
AcDbEntity
  8
0
  6
Continuous
 62
     7
370
    25
100
AcDbLine
 10
2.2944566929
 20
-0.3460433065
 30
0.0
 11
2.2944566929
 21
-0.3610433064
 31
0.0
  0
LINE
  5
1369
330
1F
100
AcDbEntity
  8
0
  6
Continuous
 62
     7
370
    25
100
AcDbLine
 10
2.2944566929
 20
-0.3610433071
 30
0.0
 11
2.3694566929
 21
-0.3610433066
 31
0.0
  0
LINE
  5
136A
330
1F
100
AcDbEntity
  8
0
  6
Continuous
 62
     7
370
    25
100
AcDbLine
 10
2.3614566929
 20
-0.3610433064
 30
0.0
 11
2.3614566929
 21
-0.3960433063
 31
0.0
  0
LINE
  5
136B
330
1F
100
AcDbEntity
  8
0
  6
Continuous
 62
     7
370
    25
100
AcDbLine
 10
2.3694566929
 20
-0.3960433071
 30
0.0
 11
2.2944566929
 21
-0.3960433071
 31
0.0
  0
LINE
  5
136C
330
1F
100
AcDbEntity
  8
0
  6
Continuous
 62
     7
370
    25
100
AcDbLine
 10
2.2944566929
 20
-0.3960433063
 30
0.0
 11
2.2944566929
 21
-0.4110433062
 31
0.0
  0
LINE
  5
136D
330
1F
100
AcDbEntity
  8
0
  6
Continuous
 62
     7
370
    25
100
AcDbLine
 10
2.2944566929
 20
-0.4110433071
 30
0.0
 11
2.3694566929
 21
-0.4110433072
 31
0.0
  0
LINE
  5
136E
330
1F
100
AcDbEntity
  8
0
  6
Continuous
 62
     7
370
    25
100
AcDbLine
 10
2.3614566929
 20
-0.4110433062
 30
0.0
 11
2.3614566929
 21
-0.446043306
 31
0.0
  0
LINE
  5
136F
330
1F
100
AcDbEntity
  8
0
  6
Continuous
 62
     7
370
    25
100
AcDbLine
 10
2.3694566929
 20
-0.4460433067
 30
0.0
 11
2.2944566929
 21
-0.4460433071
 31
0.0
  0
LINE
  5
1370
330
1F
100
AcDbEntity
  8
0
  6
Continuous
 62
     7
370
    25
100
AcDbLine
 10
2.2944566929
 20
-0.446043306
 30
0.0
 11
2.2944566929
 21
-0.4610433081
 31
0.0
  0
LINE
  5
1371
330
1F
100
AcDbEntity
  8
0
  6
Continuous
 62
     7
370
    25
100
AcDbLine
 10
2.2944566929
 20
-0.4610433071
 30
0.0
 11
2.3694566929
 21
-0.4610433068
 31
0.0
  0
LINE
  5
1372
330
1F
100
AcDbEntity
  8
0
  6
Continuous
 62
     7
370
    25
100
AcDbLine
 10
2.3614566929
 20
-0.4610433081
 30
0.0
 11
2.3614566929
 21
-0.4960433079
 31
0.0
  0
LINE
  5
1373
330
1F
100
AcDbEntity
  8
0
  6
Continuous
 62
     7
370
    25
100
AcDbLine
 10
2.3694566929
 20
-0.4960433073
 30
0.0
 11
2.2944566929
 21
-0.4960433071
 31
0.0
  0
LINE
  5
1374
330
1F
100
AcDbEntity
  8
0
  6
Continuous
 62
     7
370
    25
100
AcDbLine
 10
2.2944566929
 20
-0.4960433079
 30
0.0
 11
2.2944566929
 21
-0.5110433078
 31
0.0
  0
LINE
  5
1375
330
1F
100
AcDbEntity
  8
0
  6
Continuous
 62
     7
370
    25
100
AcDbLine
 10
2.2944566929
 20
-0.5110433071
 30
0.0
 11
2.3694566929
 21
-0.5110433074
 31
0.0
  0
LINE
  5
1376
330
1F
100
AcDbEntity
  8
0
  6
Continuous
 62
     7
370
    25
100
AcDbLine
 10
2.3614566929
 20
-0.5110433078
 30
0.0
 11
2.3614566929
 21
-0.5460433076
 31
0.0
  0
LINE
  5
1377
330
1F
100
AcDbEntity
  8
0
  6
Continuous
 62
     7
370
    25
100
AcDbLine
 10
2.3694566929
 20
-0.5460433069
 30
0.0
 11
2.2944566929
 21
-0.5460433071
 31
0.0
  0
LINE
  5
1378
330
1F
100
AcDbEntity
  8
0
  6
Continuous
 62
     7
370
    25
100
AcDbLine
 10
2.2944566929
 20
-0.5460433076
 30
0.0
 11
2.2944566929
 21
-0.5610433075
 31
0.0
  0
LINE
  5
1379
330
1F
100
AcDbEntity
  8
0
  6
Continuous
 62
     7
370
    25
100
AcDbLine
 10
2.2944566929
 20
-0.5610433071
 30
0.0
 11
2.3694566929
 21
-0.5610433069
 31
0.0
  0
LINE
  5
137A
330
1F
100
AcDbEntity
  8
0
  6
Continuous
 62
     7
370
    25
100
AcDbLine
 10
2.3614566929
 20
-0.5610433075
 30
0.0
 11
2.3614566929
 21
-0.5960433073
 31
0.0
  0
LINE
  5
137B
330
1F
100
AcDbEntity
  8
0
  6
Continuous
 62
     7
370
    25
100
AcDbLine
 10
2.3694566929
 20
-0.5960433075
 30
0.0
 11
2.2944566929
 21
-0.5960433071
 31
0.0
  0
LINE
  5
137C
330
1F
100
AcDbEntity
  8
0
  6
Continuous
 62
     7
370
    25
100
AcDbLine
 10
2.2944566929
 20
-0.5960433073
 30
0.0
 11
2.2944566929
 21
-0.6110433073
 31
0.0
  0
LINE
  5
137D
330
1F
100
AcDbEntity
  8
0
  6
Continuous
 62
     7
370
    25
100
AcDbLine
 10
2.2944566929
 20
-0.6110433071
 30
0.0
 11
2.3694566929
 21
-0.6110433076
 31
0.0
  0
LINE
  5
137E
330
1F
100
AcDbEntity
  8
0
  6
Continuous
 62
     7
370
    25
100
AcDbLine
 10
2.3614566929
 20
-0.6110433073
 30
0.0
 11
2.3614566929
 21
-0.6460433071
 31
0.0
  0
LINE
  5
137F
330
1F
100
AcDbEntity
  8
0
  6
Continuous
 62
     7
370
    25
100
AcDbLine
 10
2.3694566929
 20
-0.646043307
 30
0.0
 11
2.2944566929
 21
-0.6460433071
 31
0.0
  0
LINE
  5
1380
330
1F
100
AcDbEntity
  8
0
  6
Continuous
 62
     7
370
    25
100
AcDbLine
 10
2.2944566929
 20
-0.6460433071
 30
0.0
 11
2.2944566929
 21
-0.661043307
 31
0.0
  0
LINE
  5
1381
330
1F
100
AcDbEntity
  8
0
  6
Continuous
 62
     7
370
    25
100
AcDbLine
 10
2.2944566929
 20
-0.6610433071
 30
0.0
 11
2.3694566929
 21
-0.6610433071
 31
0.0
  0
LINE
  5
1382
330
1F
100
AcDbEntity
  8
0
  6
Continuous
 62
     7
370
    25
100
AcDbLine
 10
2.3614566929
 20
-0.661043307
 30
0.0
 11
2.3614566929
 21
-0.6960433068
 31
0.0
  0
LINE
  5
1383
330
1F
100
AcDbEntity
  8
0
  6
Continuous
 62
     7
370
    25
100
AcDbLine
 10
2.3694566929
 20
-0.6960433066
 30
0.0
 11
2.2944566929
 21
-0.6960433071
 31
0.0
  0
LINE
  5
1384
330
1F
100
AcDbEntity
  8
0
  6
Continuous
 62
     7
370
    25
100
AcDbLine
 10
2.2944566929
 20
-0.6960433068
 30
0.0
 11
2.2944566929
 21
-0.7110433067
 31
0.0
  0
LINE
  5
1385
330
1F
100
AcDbEntity
  8
0
  6
Continuous
 62
     7
370
    25
100
AcDbLine
 10
2.2944566929
 20
-0.7110433071
 30
0.0
 11
2.3694566929
 21
-0.7110433067
 31
0.0
  0
LINE
  5
1386
330
1F
100
AcDbEntity
  8
0
  6
Continuous
 62
     7
370
    25
100
AcDbLine
 10
2.3614566929
 20
-0.7110433067
 30
0.0
 11
2.3614566929
 21
-0.7460433065
 31
0.0
  0
LINE
  5
1387
330
1F
100
AcDbEntity
  8
0
  6
Continuous
 62
     7
370
    25
100
AcDbLine
 10
2.3694566929
 20
-0.7460433072
 30
0.0
 11
2.2944566929
 21
-0.7460433071
 31
0.0
  0
LINE
  5
1388
330
1F
100
AcDbEntity
  8
0
  6
Continuous
 62
     7
370
    25
100
AcDbLine
 10
2.2944566929
 20
-0.7460433065
 30
0.0
 11
2.2944566929
 21
-0.7610433065
 31
0.0
  0
LINE
  5
1389
330
1F
100
AcDbEntity
  8
0
  6
Continuous
 62
     7
370
    25
100
AcDbLine
 10
2.2944566929
 20
-0.7610433071
 30
0.0
 11
2.3694566929
 21
-0.7610433073
 31
0.0
  0
LINE
  5
138A
330
1F
100
AcDbEntity
  8
0
  6
Continuous
 62
     7
370
    25
100
AcDbLine
 10
2.3614566929
 20
-0.7610433065
 30
0.0
 11
2.3614566929
 21
-0.7960433063
 31
0.0
  0
LINE
  5
138B
330
1F
100
AcDbEntity
  8
0
  6
Continuous
 62
     7
370
    25
100
AcDbLine
 10
2.3694566929
 20
-0.7960433068
 30
0.0
 11
2.2944566929
 21
-0.7960433071
 31
0.0
  0
LINE
  5
138C
330
1F
100
AcDbEntity
  8
0
  6
Continuous
 62
     7
370
    25
100
AcDbLine
 10
2.2944566929
 20
-0.7960433063
 30
0.0
 11
2.2944566929
 21
-0.8110433062
 31
0.0
  0
LINE
  5
138D
330
1F
100
AcDbEntity
  8
0
  6
Continuous
 62
     7
370
    25
100
AcDbLine
 10
2.2944566929
 20
-0.8110433071
 30
0.0
 11
2.3694566929
 21
-0.8110433068
 31
0.0
  0
LINE
  5
138E
330
1F
100
AcDbEntity
  8
0
  6
Continuous
 62
     7
370
    25
100
AcDbLine
 10
2.3614566929
 20
-0.8110433062
 30
0.0
 11
2.3614566929
 21
-0.846043306
 31
0.0
  0
LINE
  5
138F
330
1F
100
AcDbEntity
  8
0
  6
Continuous
 62
     7
370
    25
100
AcDbLine
 10
2.3694566929
 20
-0.8460433074
 30
0.0
 11
2.2944566929
 21
-0.8460433071
 31
0.0
  0
LINE
  5
1390
330
1F
100
AcDbEntity
  8
0
  6
Continuous
 62
     7
370
    25
100
AcDbLine
 10
2.2944566929
 20
-0.846043306
 30
0.0
 11
2.2944566929
 21
-0.8610433081
 31
0.0
  0
LINE
  5
1391
330
1F
100
AcDbEntity
  8
0
  6
Continuous
 62
     7
370
    25
100
AcDbLine
 10
2.2944566929
 20
-0.8610433071
 30
0.0
 11
2.3694566929
 21
-0.8610433075
 31
0.0
  0
LINE
  5
1392
330
1F
100
AcDbEntity
  8
0
  6
Continuous
 62
     7
370
    25
100
AcDbLine
 10
2.3614566929
 20
-0.8610433081
 30
0.0
 11
2.3614566929
 21
-0.8960433079
 31
0.0
  0
LINE
  5
1393
330
1F
100
AcDbEntity
  8
0
  6
Continuous
 62
     7
370
    25
100
AcDbLine
 10
2.3694566929
 20
-0.8960433069
 30
0.0
 11
2.2944566929
 21
-0.8960433071
 31
0.0
  0
LINE
  5
1394
330
1F
100
AcDbEntity
  8
0
  6
Continuous
 62
     7
370
    25
100
AcDbLine
 10
2.2944566929
 20
-0.8960433079
 30
0.0
 11
2.2944566929
 21
-0.9110433078
 31
0.0
  0
LINE
  5
1395
330
1F
100
AcDbEntity
  8
0
  6
Continuous
 62
     7
370
    25
100
AcDbLine
 10
2.2944566929
 20
-0.9110433071
 30
0.0
 11
2.3694566929
 21
-0.911043307
 31
0.0
  0
LINE
  5
1396
330
1F
100
AcDbEntity
  8
0
  6
Continuous
 62
     7
370
    25
100
AcDbLine
 10
2.3614566929
 20
-0.9110433078
 30
0.0
 11
2.3614566929
 21
-0.9460433076
 31
0.0
  0
LINE
  5
1397
330
1F
100
AcDbEntity
  8
0
  6
Continuous
 62
     7
370
    25
100
AcDbLine
 10
2.3694566929
 20
-0.9460433076
 30
0.0
 11
2.2944566929
 21
-0.9460433071
 31
0.0
  0
LINE
  5
1398
330
1F
100
AcDbEntity
  8
0
  6
Continuous
 62
     7
370
    25
100
AcDbLine
 10
2.2944566929
 20
-0.9460433076
 30
0.0
 11
2.2944566929
 21
-0.9610433075
 31
0.0
  0
LINE
  5
1399
330
1F
100
AcDbEntity
  8
0
  6
Continuous
 62
     7
370
    25
100
AcDbLine
 10
2.2944566929
 20
-0.9610433071
 30
0.0
 11
2.3694566929
 21
-0.9610433066
 31
0.0
  0
LINE
  5
139A
330
1F
100
AcDbEntity
  8
0
  6
Continuous
 62
     7
370
    25
100
AcDbLine
 10
2.3614566929
 20
-0.9610433075
 30
0.0
 11
2.3614566929
 21
-0.9960433073
 31
0.0
  0
LINE
  5
139B
330
1F
100
AcDbEntity
  8
0
  6
Continuous
 62
     7
370
    25
100
AcDbLine
 10
2.3694566929
 20
-0.9960433071
 30
0.0
 11
2.2944566929
 21
-0.9960433071
 31
0.0
  0
LINE
  5
139C
330
1F
100
AcDbEntity
  8
0
  6
Continuous
 62
     7
370
    25
100
AcDbLine
 10
2.2944566929
 20
-0.9960433073
 30
0.0
 11
2.2944566929
 21
-1.0110433073
 31
0.0
  0
LINE
  5
139D
330
1F
100
AcDbEntity
  8
0
  6
Continuous
 62
     7
370
    25
100
AcDbLine
 10
2.2944566929
 20
-1.0110433071
 30
0.0
 11
2.3694566929
 21
-1.0110433072
 31
0.0
  0
LINE
  5
139E
330
1F
100
AcDbEntity
  8
0
  6
Continuous
 62
     7
370
    25
100
AcDbLine
 10
2.3614566929
 20
-1.0110433073
 30
0.0
 11
2.3614566929
 21
-1.0460433071
 31
0.0
  0
LINE
  5
139F
330
1F
100
AcDbEntity
  8
0
  6
Continuous
 62
     7
370
    25
100
AcDbLine
 10
2.3694566929
 20
-1.0460433067
 30
0.0
 11
2.2944566929
 21
-1.0460433071
 31
0.0
  0
LINE
  5
13A0
330
1F
100
AcDbEntity
  8
0
  6
Continuous
 62
     7
370
    25
100
AcDbLine
 10
2.2944566929
 20
-1.0460433071
 30
0.0
 11
2.2944566929
 21
-1.061043307
 31
0.0
  0
LINE
  5
13A1
330
1F
100
AcDbEntity
  8
0
  6
Continuous
 62
     7
370
    25
100
AcDbLine
 10
2.2944566929
 20
-1.0610433071
 30
0.0
 11
2.3694566929
 21
-1.0610433068
 31
0.0
  0
LINE
  5
13A2
330
1F
100
AcDbEntity
  8
0
  6
Continuous
 62
     7
370
    25
100
AcDbLine
 10
2.3614566929
 20
-1.061043307
 30
0.0
 11
2.3614566929
 21
-1.0960433068
 31
0.0
  0
LINE
  5
13A3
330
1F
100
AcDbEntity
  8
0
  6
Continuous
 62
     7
370
    25
100
AcDbLine
 10
2.3694566929
 20
-1.0960433073
 30
0.0
 11
2.2944566929
 21
-1.0960433071
 31
0.0
  0
LINE
  5
13A4
330
1F
100
AcDbEntity
  8
0
  6
Continuous
 62
     7
370
    25
100
AcDbLine
 10
2.2944566929
 20
-1.0960433068
 30
0.0
 11
2.2944566929
 21
-1.1110433067
 31
0.0
  0
LINE
  5
13A5
330
1F
100
AcDbEntity
  8
0
  6
Continuous
 62
     7
370
    25
100
AcDbLine
 10
2.2944566929
 20
-1.1110433071
 30
0.0
 11
2.3694566929
 21
-1.1110433074
 31
0.0
  0
LINE
  5
13A6
330
1F
100
AcDbEntity
  8
0
  6
Continuous
 62
     7
370
    25
100
AcDbLine
 10
2.3614566929
 20
-1.1110433067
 30
0.0
 11
2.3614566929
 21
-1.1460433066
 31
0.0
  0
LINE
  5
13A7
330
1F
100
AcDbEntity
  8
0
  6
Continuous
 62
     7
370
    25
100
AcDbLine
 10
2.3694566929
 20
-1.1460433068
 30
0.0
 11
2.2944566929
 21
-1.1460433071
 31
0.0
  0
LINE
  5
13A8
330
1F
100
AcDbEntity
  8
0
  6
Continuous
 62
     7
370
    25
100
AcDbLine
 10
2.2944566929
 20
-1.1460433066
 30
0.0
 11
2.2944566929
 21
-1.1610433065
 31
0.0
  0
LINE
  5
13A9
330
1F
100
AcDbEntity
  8
0
  6
Continuous
 62
     7
370
    25
100
AcDbLine
 10
2.2944566929
 20
-1.1610433071
 30
0.0
 11
2.3694566929
 21
-1.1610433069
 31
0.0
  0
LINE
  5
13AA
330
1F
100
AcDbEntity
  8
0
  6
Continuous
 62
     7
370
    25
100
AcDbLine
 10
2.3614566929
 20
-1.1610433065
 30
0.0
 11
2.3614566929
 21
-1.1960433063
 31
0.0
  0
LINE
  5
13AB
330
1F
100
AcDbEntity
  8
0
  6
Continuous
 62
     7
370
    25
100
AcDbLine
 10
2.3694566929
 20
-1.1960433075
 30
0.0
 11
2.2944566929
 21
-1.1960433071
 31
0.0
  0
LINE
  5
13AC
330
1F
100
AcDbEntity
  8
0
  6
Continuous
 62
     7
370
    25
100
AcDbLine
 10
2.2944566929
 20
-1.1960433063
 30
0.0
 11
2.2944566929
 21
-1.2110433062
 31
0.0
  0
LINE
  5
13AD
330
1F
100
AcDbEntity
  8
0
  6
Continuous
 62
     7
370
    25
100
AcDbLine
 10
2.2944566929
 20
-1.2110433071
 30
0.0
 11
2.3694566929
 21
-1.2110433076
 31
0.0
  0
LINE
  5
13AE
330
1F
100
AcDbEntity
  8
0
  6
Continuous
 62
     7
370
    25
100
AcDbLine
 10
2.3614566929
 20
-1.2110433062
 30
0.0
 11
2.3614566929
 21
-1.246043306
 31
0.0
  0
LINE
  5
13AF
330
1F
100
AcDbEntity
  8
0
  6
Continuous
 62
     7
370
    25
100
AcDbLine
 10
2.3694566929
 20
-1.246043307
 30
0.0
 11
2.2944566929
 21
-1.2460433071
 31
0.0
  0
LINE
  5
13B0
330
1F
100
AcDbEntity
  8
0
  6
Continuous
 62
     7
370
    25
100
AcDbLine
 10
2.2944566929
 20
-1.246043306
 30
0.0
 11
2.2944566929
 21
-1.2610433081
 31
0.0
  0
LINE
  5
13B1
330
1F
100
AcDbEntity
  8
0
  6
Continuous
 62
     7
370
    25
100
AcDbLine
 10
2.2944566929
 20
-1.2610433071
 30
0.0
 11
2.3694566929
 21
-1.2610433071
 31
0.0
  0
LINE
  5
13B2
330
1F
100
AcDbEntity
  8
0
  6
Continuous
 62
     7
370
    25
100
AcDbLine
 10
2.3614566929
 20
-1.2610433081
 30
0.0
 11
2.3614566929
 21
-1.2960433079
 31
0.0
  0
LINE
  5
13B3
330
1F
100
AcDbEntity
  8
0
  6
Continuous
 62
     7
370
    25
100
AcDbLine
 10
2.3694566929
 20
-1.2960433066
 30
0.0
 11
2.2944566929
 21
-1.2960433071
 31
0.0
  0
LINE
  5
13B4
330
1F
100
AcDbEntity
  8
0
  6
Continuous
 62
     7
370
    25
100
AcDbLine
 10
2.2944566929
 20
-1.2960433079
 30
0.0
 11
2.2944566929
 21
-1.3110433078
 31
0.0
  0
LINE
  5
13B5
330
1F
100
AcDbEntity
  8
0
  6
Continuous
 62
     7
370
    25
100
AcDbLine
 10
2.2944566929
 20
-1.3110433071
 30
0.0
 11
2.3694566929
 21
-1.3110433067
 31
0.0
  0
LINE
  5
13B6
330
1F
100
AcDbEntity
  8
0
  6
Continuous
 62
     7
370
    25
100
AcDbLine
 10
2.3614566929
 20
-1.3110433078
 30
0.0
 11
2.3614566929
 21
-1.3460433076
 31
0.0
  0
LINE
  5
13B7
330
1F
100
AcDbEntity
  8
0
  6
Continuous
 62
     7
370
    25
100
AcDbLine
 10
2.3694566929
 20
-1.3460433072
 30
0.0
 11
2.2944566929
 21
-1.3460433071
 31
0.0
  0
LINE
  5
13B8
330
1F
100
AcDbEntity
  8
0
  6
Continuous
 62
     7
370
    25
100
AcDbLine
 10
2.2944566929
 20
-1.3460433076
 30
0.0
 11
2.2944566929
 21
-1.3610433075
 31
0.0
  0
LINE
  5
13B9
330
1F
100
AcDbEntity
  8
0
  6
Continuous
 62
     7
370
    25
100
AcDbLine
 10
2.2944566929
 20
-1.3610433071
 30
0.0
 11
2.3694566929
 21
-1.3610433073
 31
0.0
  0
LINE
  5
13BA
330
1F
100
AcDbEntity
  8
0
  6
Continuous
 62
     7
370
    25
100
AcDbLine
 10
2.3614566929
 20
-1.3610433075
 30
0.0
 11
2.3614566929
 21
-1.3960433074
 31
0.0
  0
LINE
  5
13BB
330
1F
100
AcDbEntity
  8
0
  6
Continuous
 62
     7
370
    25
100
AcDbLine
 10
2.3694566929
 20
-1.3960433068
 30
0.0
 11
2.2944566929
 21
-1.3960433071
 31
0.0
  0
LINE
  5
13BC
330
1F
100
AcDbEntity
  8
0
  6
Continuous
 62
     7
370
    25
100
AcDbLine
 10
2.2944566929
 20
-1.3960433074
 30
0.0
 11
2.2944566929
 21
-1.4110433073
 31
0.0
  0
LINE
  5
13BD
330
1F
100
AcDbEntity
  8
0
  6
Continuous
 62
     7
370
    25
100
AcDbLine
 10
2.2944566929
 20
-1.4110433071
 30
0.0
 11
2.3694566929
 21
-1.4110433068
 31
0.0
  0
LINE
  5
13BE
330
1F
100
AcDbEntity
  8
0
  6
Continuous
 62
     7
370
    25
100
AcDbLine
 10
2.3614566929
 20
-1.4110433073
 30
0.0
 11
2.3614566929
 21
-1.4460433071
 31
0.0
  0
LINE
  5
13BF
330
1F
100
AcDbEntity
  8
0
  6
Continuous
 62
     7
370
    25
100
AcDbLine
 10
2.3694566929
 20
-1.4460433074
 30
0.0
 11
2.2944566929
 21
-1.4460433071
 31
0.0
  0
LINE
  5
13C0
330
1F
100
AcDbEntity
  8
0
  6
Continuous
 62
     7
370
    25
100
AcDbLine
 10
2.2944566929
 20
-1.4460433071
 30
0.0
 11
2.2944566929
 21
-1.461043307
 31
0.0
  0
LINE
  5
13C1
330
1F
100
AcDbEntity
  8
0
  6
Continuous
 62
     7
370
    25
100
AcDbLine
 10
2.2944566929
 20
-1.4610433071
 30
0.0
 11
2.3694566929
 21
-1.4610433075
 31
0.0
  0
LINE
  5
13C2
330
1F
100
AcDbEntity
  8
0
  6
Continuous
 62
     7
370
    25
100
AcDbLine
 10
2.3614566929
 20
-1.461043307
 30
0.0
 11
2.3614566929
 21
-1.4960433068
 31
0.0
  0
LINE
  5
13C3
330
1F
100
AcDbEntity
  8
0
  6
Continuous
 62
     7
370
    25
100
AcDbLine
 10
2.3694566929
 20
-1.4960433069
 30
0.0
 11
2.2944566929
 21
-1.4960433071
 31
0.0
  0
LINE
  5
13C4
330
1F
100
AcDbEntity
  8
0
  6
Continuous
 62
     7
370
    25
100
AcDbLine
 10
2.2944566929
 20
-1.4960433068
 30
0.0
 11
2.2944566929
 21
-1.5110433068
 31
0.0
  0
LINE
  5
13C5
330
1F
100
AcDbEntity
  8
0
  6
Continuous
 62
     7
370
    25
100
AcDbLine
 10
2.2944566929
 20
-1.5110433071
 30
0.0
 11
2.3694566929
 21
-1.511043307
 31
0.0
  0
LINE
  5
13C6
330
1F
100
AcDbEntity
  8
0
  6
Continuous
 62
     7
370
    25
100
AcDbLine
 10
2.3614566929
 20
-1.5110433068
 30
0.0
 11
2.3614566929
 21
-1.5460433066
 31
0.0
  0
LINE
  5
13C7
330
1F
100
AcDbEntity
  8
0
  6
Continuous
 62
     7
370
    25
100
AcDbLine
 10
2.3694566929
 20
-1.5460433076
 30
0.0
 11
2.2944566929
 21
-1.5460433071
 31
0.0
  0
LINE
  5
13C8
330
1F
100
AcDbEntity
  8
0
  6
Continuous
 62
     7
370
    25
100
AcDbLine
 10
2.2944566929
 20
-1.5460433066
 30
0.0
 11
2.2944566929
 21
-1.5610433065
 31
0.0
  0
LINE
  5
13C9
330
1F
100
AcDbEntity
  8
0
  6
Continuous
 62
     7
370
    25
100
AcDbLine
 10
2.2944566929
 20
-1.5610433071
 30
0.0
 11
2.3694566929
 21
-1.5610433066
 31
0.0
  0
LINE
  5
13CA
330
1F
100
AcDbEntity
  8
0
  6
Continuous
 62
     7
370
    25
100
AcDbLine
 10
2.3614566929
 20
-1.5610433065
 30
0.0
 11
2.3614566929
 21
-1.5960433063
 31
0.0
  0
LINE
  5
13CB
330
1F
100
AcDbEntity
  8
0
  6
Continuous
 62
     7
370
    25
100
AcDbLine
 10
2.3694566929
 20
-1.5960433071
 30
0.0
 11
2.2944566929
 21
-1.5960433071
 31
0.0
  0
LINE
  5
13CC
330
1F
100
AcDbEntity
  8
0
  6
Continuous
 62
     7
370
    25
100
AcDbLine
 10
2.2944566929
 20
-1.5960433063
 30
0.0
 11
2.2944566929
 21
-1.6110433062
 31
0.0
  0
LINE
  5
13CD
330
1F
100
AcDbEntity
  8
0
  6
Continuous
 62
     7
370
    25
100
AcDbLine
 10
2.2944566929
 20
-1.6110433071
 30
0.0
 11
2.3694566929
 21
-1.6110433072
 31
0.0
  0
LINE
  5
13CE
330
1F
100
AcDbEntity
  8
0
  6
Continuous
 62
     7
370
    25
100
AcDbLine
 10
2.3614566929
 20
-1.6110433062
 30
0.0
 11
2.3614566929
 21
-1.646043306
 31
0.0
  0
LINE
  5
13CF
330
1F
100
AcDbEntity
  8
0
  6
Continuous
 62
     7
370
    25
100
AcDbLine
 10
2.3694566929
 20
-1.6460433067
 30
0.0
 11
2.2944566929
 21
-1.6460433071
 31
0.0
  0
LINE
  5
13D0
330
1F
100
AcDbEntity
  8
0
  6
Continuous
 62
     7
370
    25
100
AcDbLine
 10
2.2944566929
 20
-1.646043306
 30
0.0
 11
2.2944566929
 21
-1.6610433081
 31
0.0
  0
LINE
  5
13D1
330
1F
100
AcDbEntity
  8
0
  6
Continuous
 62
     7
370
    25
100
AcDbLine
 10
2.2944566929
 20
-1.6610433071
 30
0.0
 11
2.3694566929
 21
-1.6610433067
 31
0.0
  0
LINE
  5
13D2
330
1F
100
AcDbEntity
  8
0
  6
Continuous
 62
     7
370
    25
100
AcDbLine
 10
2.3614566929
 20
-1.6610433081
 30
0.0
 11
2.3614566929
 21
-1.6960433079
 31
0.0
  0
LINE
  5
13D3
330
1F
100
AcDbEntity
  8
0
  6
Continuous
 62
     7
370
    25
100
AcDbLine
 10
2.3694566929
 20
-1.6960433073
 30
0.0
 11
2.2944566929
 21
-1.6960433071
 31
0.0
  0
LINE
  5
13D4
330
1F
100
AcDbEntity
  8
0
  6
Continuous
 62
     7
370
    25
100
AcDbLine
 10
2.2944566929
 20
-1.6960433079
 30
0.0
 11
2.2944566929
 21
-1.7110433078
 31
0.0
  0
LINE
  5
13D5
330
1F
100
AcDbEntity
  8
0
  6
Continuous
 62
     7
370
    25
100
AcDbLine
 10
2.2944566929
 20
-1.7110433071
 30
0.0
 11
2.3694566929
 21
-1.7110433074
 31
0.0
  0
LINE
  5
13D6
330
1F
100
AcDbEntity
  8
0
  6
Continuous
 62
     7
370
    25
100
AcDbLine
 10
2.3614566929
 20
-1.7110433078
 30
0.0
 11
2.3614566929
 21
-1.7460433076
 31
0.0
  0
LINE
  5
13D7
330
1F
100
AcDbEntity
  8
0
  6
Continuous
 62
     7
370
    25
100
AcDbLine
 10
2.3694566929
 20
-1.7460433068
 30
0.0
 11
2.2944566929
 21
-1.7460433071
 31
0.0
  0
LINE
  5
13D8
330
1F
100
AcDbEntity
  8
0
  6
Continuous
 62
     7
370
    25
100
AcDbLine
 10
2.2944566929
 20
-1.7460433076
 30
0.0
 11
2.2944566929
 21
-1.7610433076
 31
0.0
  0
LINE
  5
13D9
330
1F
100
AcDbEntity
  8
0
  6
Continuous
 62
     7
370
    25
100
AcDbLine
 10
2.2944566929
 20
-1.7610433071
 30
0.0
 11
2.3694566929
 21
-1.7610433069
 31
0.0
  0
LINE
  5
13DA
330
1F
100
AcDbEntity
  8
0
  6
Continuous
 62
     7
370
    25
100
AcDbLine
 10
2.3614566929
 20
-1.7610433076
 30
0.0
 11
2.3614566929
 21
-1.7960433074
 31
0.0
  0
LINE
  5
13DB
330
1F
100
AcDbEntity
  8
0
  6
Continuous
 62
     7
370
    25
100
AcDbLine
 10
2.3694566929
 20
-1.7960433075
 30
0.0
 11
2.2944566929
 21
-1.7960433071
 31
0.0
  0
LINE
  5
13DC
330
1F
100
AcDbEntity
  8
0
  6
Continuous
 62
     7
370
    25
100
AcDbLine
 10
2.2944566929
 20
-1.7960433074
 30
0.0
 11
2.2944566929
 21
-1.8110433073
 31
0.0
  0
LINE
  5
13DD
330
1F
100
AcDbEntity
  8
0
  6
Continuous
 62
     7
370
    25
100
AcDbLine
 10
2.2944566929
 20
-1.8110433071
 30
0.0
 11
2.3694566929
 21
-1.8110433075
 31
0.0
  0
LINE
  5
13DE
330
1F
100
AcDbEntity
  8
0
  6
Continuous
 62
     7
370
    25
100
AcDbLine
 10
2.3614566929
 20
-1.8110433073
 30
0.0
 11
2.3614566929
 21
-1.8460433071
 31
0.0
  0
LINE
  5
13DF
330
1F
100
AcDbEntity
  8
0
  6
Continuous
 62
     7
370
    25
100
AcDbLine
 10
2.3694566929
 20
-1.846043307
 30
0.0
 11
2.2944566929
 21
-1.8460433071
 31
0.0
  0
LINE
  5
13E0
330
1F
100
AcDbEntity
  8
0
  6
Continuous
 62
     7
370
    25
100
AcDbLine
 10
2.2944566929
 20
-1.8460433071
 30
0.0
 11
2.2944566929
 21
-1.861043307
 31
0.0
  0
LINE
  5
13E1
330
1F
100
AcDbEntity
  8
0
  6
Continuous
 62
     7
370
    25
100
AcDbLine
 10
2.2944566929
 20
-1.8610433071
 30
0.0
 11
2.3694566929
 21
-1.8610433071
 31
0.0
  0
LINE
  5
13E2
330
1F
100
AcDbEntity
  8
0
  6
Continuous
 62
     7
370
    25
100
AcDbLine
 10
2.3614566929
 20
-1.861043307
 30
0.0
 11
2.3614566929
 21
-1.8960433068
 31
0.0
  0
LINE
  5
13E3
330
1F
100
AcDbEntity
  8
0
  6
Continuous
 62
     7
370
    25
100
AcDbLine
 10
2.3694566929
 20
-1.8960433066
 30
0.0
 11
2.2944566929
 21
-1.8960433071
 31
0.0
  0
LINE
  5
13E4
330
1F
100
AcDbEntity
  8
0
  6
Continuous
 62
     7
370
    25
100
AcDbLine
 10
2.2944566929
 20
-1.8960433068
 30
0.0
 11
2.2944566929
 21
-1.9110433068
 31
0.0
  0
LINE
  5
13E5
330
1F
100
AcDbEntity
  8
0
  6
Continuous
 62
     7
370
    25
100
AcDbLine
 10
2.2944566929
 20
-1.9110433071
 30
0.0
 11
2.3694566929
 21
-1.9110433066
 31
0.0
  0
LINE
  5
13E6
330
1F
100
AcDbEntity
  8
0
  6
Continuous
 62
     7
370
    25
100
AcDbLine
 10
2.3614566929
 20
-1.9110433068
 30
0.0
 11
2.3614566929
 21
-1.9460433066
 31
0.0
  0
LINE
  5
13E7
330
1F
100
AcDbEntity
  8
0
  6
Continuous
 62
     7
370
    25
100
AcDbLine
 10
2.3694566929
 20
-1.9460433072
 30
0.0
 11
2.2944566929
 21
-1.9460433071
 31
0.0
  0
LINE
  5
13E8
330
1F
100
AcDbEntity
  8
0
  6
Continuous
 62
     7
370
    25
100
AcDbLine
 10
2.2944566929
 20
-1.9460433066
 30
0.0
 11
2.2944566929
 21
-1.9610433065
 31
0.0
  0
LINE
  5
13E9
330
1F
100
AcDbEntity
  8
0
  6
Continuous
 62
     7
370
    25
100
AcDbLine
 10
2.2944566929
 20
-1.9610433071
 30
0.0
 11
2.3694566929
 21
-1.9610433073
 31
0.0
  0
LINE
  5
13EA
330
1F
100
AcDbEntity
  8
0
  6
Continuous
 62
     7
370
    25
100
AcDbLine
 10
2.3614566929
 20
-1.9610433065
 30
0.0
 11
2.3614566929
 21
-2.0285433061
 31
0.0
  0
LINE
  5
13EB
330
1F
100
AcDbEntity
  8
0
  6
Continuous
 62
     7
370
    25
100
AcDbLine
 10
2.3014566929
 20
-2.0285433061
 30
0.0
 11
2.3014566929
 21
-2.0785433079
 31
0.0
  0
LINE
  5
13EC
330
1F
100
AcDbEntity
  8
0
  6
Continuous
 62
     7
370
    25
100
AcDbLine
 10
2.2564566929
 20
-2.2535433071
 30
0.0
 11
2.2764566929
 21
-2.2535433071
 31
0.0
  0
LINE
  5
13ED
330
1F
100
AcDbEntity
  8
0
  6
Continuous
 62
     7
370
    25
100
AcDbLine
 10
2.2564566929
 20
0.6764566929
 30
0.0
 11
2.2764566929
 21
0.6764566929
 31
0.0
  0
LINE
  5
13EE
330
1F
100
AcDbEntity
  8
0
  6
Continuous
 62
     7
370
    25
100
AcDbLine
 10
2.2764566929
 20
0.6764566929
 30
0.0
 11
2.2764566929
 21
0.7664566929
 31
0.0
  0
LINE
  5
13EF
330
1F
100
AcDbEntity
  8
0
  6
Continuous
 62
     7
370
    25
100
AcDbLine
 10
2.2764566929
 20
0.7664566929
 30
0.0
 11
2.2564566929
 21
0.7664566929
 31
0.0
  0
LINE
  5
13F0
330
1F
100
AcDbEntity
  8
0
  6
Continuous
 62
     7
370
    25
100
AcDbLine
 10
2.2564566929
 20
-2.2535433071
 30
0.0
 11
2.2564566929
 21
3.0914434519
 31
0.0
  0
LINE
  5
13F1
330
1F
100
AcDbEntity
  8
0
  6
Continuous
 62
     7
370
    25
100
AcDbLine
 10
2.2564566929
 20
3.0914434519
 30
0.0
 11
2.2764566929
 21
3.0914434519
 31
0.0
  0
LINE
  5
13F2
330
1F
100
AcDbEntity
  8
0
  6
Continuous
 62
     7
370
    25
100
AcDbLine
 10
2.3009566929
 20
2.9214566932
 30
0.0
 11
2.3009566929
 21
2.8714566935
 31
0.0
  0
LINE
  5
13F3
330
1F
100
AcDbEntity
  8
0
  6
Continuous
 62
     7
370
    25
100
AcDbLine
 10
2.2564566929
 20
0.7564566929
 30
0.0
 11
2.2764566929
 21
0.7564566929
 31
0.0
  0
LINE
  5
13F4
330
1F
100
AcDbEntity
  8
0
  6
Continuous
 62
     7
370
    25
100
AcDbLine
 10
2.5019566929
 20
2.8714566935
 30
0.0
 11
2.5019566929
 21
2.9214566932
 31
0.0
  0
LINE
  5
13F5
330
1F
100
AcDbEntity
  8
0
  6
Continuous
 62
     7
370
    25
100
AcDbLine
 10
2.5264566929
 20
3.0914434519
 30
0.0
 11
2.5464566929
 21
3.0914434519
 31
0.0
  0
LINE
  5
13F6
330
1F
100
AcDbEntity
  8
0
  6
Continuous
 62
     7
370
    25
100
AcDbLine
 10
2.5264566929
 20
0.7664566929
 30
0.0
 11
2.5464566929
 21
0.7664566929
 31
0.0
  0
LINE
  5
13F7
330
1F
100
AcDbEntity
  8
0
  6
Continuous
 62
     7
370
    25
100
AcDbLine
 10
2.5264566929
 20
0.7664566929
 30
0.0
 11
2.5264566929
 21
0.6764566929
 31
0.0
  0
LINE
  5
13F8
330
1F
100
AcDbEntity
  8
0
  6
Continuous
 62
     7
370
    25
100
AcDbLine
 10
2.5464566929
 20
0.6764566929
 30
0.0
 11
2.5264566929
 21
0.6764566929
 31
0.0
  0
LINE
  5
13F9
330
1F
100
AcDbEntity
  8
0
  6
Continuous
 62
     7
370
    25
100
AcDbLine
 10
2.5464566929
 20
-1.9535433064
 30
0.0
 11
2.5464566929
 21
3.0914434519
 31
0.0
  0
LINE
  5
13FA
330
1F
100
AcDbEntity
  8
0
  6
Continuous
 62
     7
370
    25
100
AcDbLine
 10
2.5464566929
 20
-1.9535433071
 30
0.0
 11
2.5414566929
 21
-1.9535433071
 31
0.0
  0
LINE
  5
13FB
330
1F
100
AcDbEntity
  8
0
  6
Continuous
 62
     7
370
    25
100
AcDbLine
 10
2.5414566929
 20
-1.9535433071
 30
0.0
 11
2.5414566929
 21
-1.9785433071
 31
0.0
  0
LINE
  5
13FC
330
1F
100
AcDbEntity
  8
0
  6
Continuous
 62
     7
370
    25
100
AcDbLine
 10
2.5414566929
 20
-1.9785433071
 30
0.0
 11
2.5464566929
 21
-1.9785433071
 31
0.0
  0
LINE
  5
13FD
330
1F
100
AcDbEntity
  8
0
  6
Continuous
 62
     7
370
    25
100
AcDbLine
 10
2.5464566929
 20
-2.2535433071
 30
0.0
 11
2.5464566929
 21
-1.9785433062
 31
0.0
  0
LINE
  5
13FE
330
1F
100
AcDbEntity
  8
0
  6
Continuous
 62
     7
370
    25
100
AcDbLine
 10
2.5464566929
 20
-2.2535433071
 30
0.0
 11
2.5264566929
 21
-2.2535433071
 31
0.0
  0
LINE
  5
13FF
330
1F
100
AcDbEntity
  8
0
  6
Continuous
 62
     7
370
    25
100
AcDbLine
 10
2.5014566929
 20
-2.0285433061
 30
0.0
 11
2.5014566929
 21
-2.0785433079
 31
0.0
  0
LINE
  5
1400
330
1F
100
AcDbEntity
  8
0
  6
Continuous
 62
     7
370
    25
100
AcDbLine
 10
2.5014566929
 20
-2.0285433061
 30
0.0
 11
2.3014566929
 21
-2.0285433071
 31
0.0
  0
LINE
  5
1401
330
1F
100
AcDbEntity
  8
0
  6
Continuous
 62
     7
370
    25
100
AcDbLine
 10
2.4414566929
 20
-1.9610433065
 30
0.0
 11
2.4414566929
 21
-2.0285433061
 31
0.0
  0
LINE
  5
1402
330
1F
100
AcDbEntity
  8
0
  6
Continuous
 62
     7
370
    25
100
AcDbLine
 10
2.5084566929
 20
-1.9610433065
 30
0.0
 11
2.4334566929
 21
-1.9610433073
 31
0.0
  0
LINE
  5
1403
330
1F
100
AcDbEntity
  8
0
  6
Continuous
 62
     7
370
    25
100
AcDbLine
 10
2.5084566929
 20
-1.9610433065
 30
0.0
 11
2.5084566929
 21
-1.9460433066
 31
0.0
  0
LINE
  5
1404
330
1F
100
AcDbEntity
  8
0
  6
Continuous
 62
     7
370
    25
100
AcDbLine
 10
2.4334566929
 20
-1.9460433072
 30
0.0
 11
2.5084566929
 21
-1.9460433066
 31
0.0
  0
LINE
  5
1405
330
1F
100
AcDbEntity
  8
0
  6
Continuous
 62
     7
370
    25
100
AcDbLine
 10
2.4414566929
 20
-1.9110433068
 30
0.0
 11
2.4414566929
 21
-1.9460433066
 31
0.0
  0
LINE
  5
1406
330
1F
100
AcDbEntity
  8
0
  6
Continuous
 62
     7
370
    25
100
AcDbLine
 10
2.5084566929
 20
-1.9110433068
 30
0.0
 11
2.4334566929
 21
-1.9110433066
 31
0.0
  0
LINE
  5
1407
330
1F
100
AcDbEntity
  8
0
  6
Continuous
 62
     7
370
    25
100
AcDbLine
 10
2.5084566929
 20
-1.9110433068
 30
0.0
 11
2.5084566929
 21
-1.8960433068
 31
0.0
  0
LINE
  5
1408
330
1F
100
AcDbEntity
  8
0
  6
Continuous
 62
     7
370
    25
100
AcDbLine
 10
2.4334566929
 20
-1.8960433066
 30
0.0
 11
2.5084566929
 21
-1.8960433068
 31
0.0
  0
LINE
  5
1409
330
1F
100
AcDbEntity
  8
0
  6
Continuous
 62
     7
370
    25
100
AcDbLine
 10
2.4414566929
 20
-1.861043307
 30
0.0
 11
2.4414566929
 21
-1.8960433068
 31
0.0
  0
LINE
  5
140A
330
1F
100
AcDbEntity
  8
0
  6
Continuous
 62
     7
370
    25
100
AcDbLine
 10
2.5084566929
 20
-1.861043307
 30
0.0
 11
2.4334566929
 21
-1.8610433071
 31
0.0
  0
LINE
  5
140B
330
1F
100
AcDbEntity
  8
0
  6
Continuous
 62
     7
370
    25
100
AcDbLine
 10
2.5084566929
 20
-1.861043307
 30
0.0
 11
2.5084566929
 21
-1.8460433071
 31
0.0
  0
LINE
  5
140C
330
1F
100
AcDbEntity
  8
0
  6
Continuous
 62
     7
370
    25
100
AcDbLine
 10
2.4334566929
 20
-1.846043307
 30
0.0
 11
2.5084566929
 21
-1.8460433071
 31
0.0
  0
LINE
  5
140D
330
1F
100
AcDbEntity
  8
0
  6
Continuous
 62
     7
370
    25
100
AcDbLine
 10
2.4414566929
 20
-1.8110433073
 30
0.0
 11
2.4414566929
 21
-1.8460433071
 31
0.0
  0
LINE
  5
140E
330
1F
100
AcDbEntity
  8
0
  6
Continuous
 62
     7
370
    25
100
AcDbLine
 10
2.5084566929
 20
-1.8110433073
 30
0.0
 11
2.4334566929
 21
-1.8110433075
 31
0.0
  0
LINE
  5
140F
330
1F
100
AcDbEntity
  8
0
  6
Continuous
 62
     7
370
    25
100
AcDbLine
 10
2.5084566929
 20
-1.8110433073
 30
0.0
 11
2.5084566929
 21
-1.7960433074
 31
0.0
  0
LINE
  5
1410
330
1F
100
AcDbEntity
  8
0
  6
Continuous
 62
     7
370
    25
100
AcDbLine
 10
2.4334566929
 20
-1.7960433075
 30
0.0
 11
2.5084566929
 21
-1.7960433074
 31
0.0
  0
LINE
  5
1411
330
1F
100
AcDbEntity
  8
0
  6
Continuous
 62
     7
370
    25
100
AcDbLine
 10
2.4414566929
 20
-1.7610433076
 30
0.0
 11
2.4414566929
 21
-1.7960433074
 31
0.0
  0
LINE
  5
1412
330
1F
100
AcDbEntity
  8
0
  6
Continuous
 62
     7
370
    25
100
AcDbLine
 10
2.5084566929
 20
-1.7610433076
 30
0.0
 11
2.4334566929
 21
-1.7610433069
 31
0.0
  0
LINE
  5
1413
330
1F
100
AcDbEntity
  8
0
  6
Continuous
 62
     7
370
    25
100
AcDbLine
 10
2.5084566929
 20
-1.7610433076
 30
0.0
 11
2.5084566929
 21
-1.7460433076
 31
0.0
  0
LINE
  5
1414
330
1F
100
AcDbEntity
  8
0
  6
Continuous
 62
     7
370
    25
100
AcDbLine
 10
2.4334566929
 20
-1.7460433068
 30
0.0
 11
2.5084566929
 21
-1.7460433076
 31
0.0
  0
LINE
  5
1415
330
1F
100
AcDbEntity
  8
0
  6
Continuous
 62
     7
370
    25
100
AcDbLine
 10
2.4414566929
 20
-1.7110433078
 30
0.0
 11
2.4414566929
 21
-1.7460433076
 31
0.0
  0
LINE
  5
1416
330
1F
100
AcDbEntity
  8
0
  6
Continuous
 62
     7
370
    25
100
AcDbLine
 10
2.5084566929
 20
-1.7110433078
 30
0.0
 11
2.4334566929
 21
-1.7110433074
 31
0.0
  0
LINE
  5
1417
330
1F
100
AcDbEntity
  8
0
  6
Continuous
 62
     7
370
    25
100
AcDbLine
 10
2.5084566929
 20
-1.7110433078
 30
0.0
 11
2.5084566929
 21
-1.6960433079
 31
0.0
  0
LINE
  5
1418
330
1F
100
AcDbEntity
  8
0
  6
Continuous
 62
     7
370
    25
100
AcDbLine
 10
2.4334566929
 20
-1.6960433073
 30
0.0
 11
2.5084566929
 21
-1.6960433079
 31
0.0
  0
LINE
  5
1419
330
1F
100
AcDbEntity
  8
0
  6
Continuous
 62
     7
370
    25
100
AcDbLine
 10
2.4414566929
 20
-1.6610433081
 30
0.0
 11
2.4414566929
 21
-1.6960433079
 31
0.0
  0
LINE
  5
141A
330
1F
100
AcDbEntity
  8
0
  6
Continuous
 62
     7
370
    25
100
AcDbLine
 10
2.5084566929
 20
-1.6610433081
 30
0.0
 11
2.4334566929
 21
-1.6610433067
 31
0.0
  0
LINE
  5
141B
330
1F
100
AcDbEntity
  8
0
  6
Continuous
 62
     7
370
    25
100
AcDbLine
 10
2.5084566929
 20
-1.6610433081
 30
0.0
 11
2.5084566929
 21
-1.646043306
 31
0.0
  0
LINE
  5
141C
330
1F
100
AcDbEntity
  8
0
  6
Continuous
 62
     7
370
    25
100
AcDbLine
 10
2.4334566929
 20
-1.6460433067
 30
0.0
 11
2.5084566929
 21
-1.646043306
 31
0.0
  0
LINE
  5
141D
330
1F
100
AcDbEntity
  8
0
  6
Continuous
 62
     7
370
    25
100
AcDbLine
 10
2.4414566929
 20
-1.6110433062
 30
0.0
 11
2.4414566929
 21
-1.646043306
 31
0.0
  0
LINE
  5
141E
330
1F
100
AcDbEntity
  8
0
  6
Continuous
 62
     7
370
    25
100
AcDbLine
 10
2.5084566929
 20
-1.6110433062
 30
0.0
 11
2.4334566929
 21
-1.6110433072
 31
0.0
  0
LINE
  5
141F
330
1F
100
AcDbEntity
  8
0
  6
Continuous
 62
     7
370
    25
100
AcDbLine
 10
2.5084566929
 20
-1.6110433062
 30
0.0
 11
2.5084566929
 21
-1.5960433063
 31
0.0
  0
LINE
  5
1420
330
1F
100
AcDbEntity
  8
0
  6
Continuous
 62
     7
370
    25
100
AcDbLine
 10
2.4334566929
 20
-1.5960433071
 30
0.0
 11
2.5084566929
 21
-1.5960433063
 31
0.0
  0
LINE
  5
1421
330
1F
100
AcDbEntity
  8
0
  6
Continuous
 62
     7
370
    25
100
AcDbLine
 10
2.4414566929
 20
-1.5610433065
 30
0.0
 11
2.4414566929
 21
-1.5960433063
 31
0.0
  0
LINE
  5
1422
330
1F
100
AcDbEntity
  8
0
  6
Continuous
 62
     7
370
    25
100
AcDbLine
 10
2.5084566929
 20
-1.5610433065
 30
0.0
 11
2.4334566929
 21
-1.5610433066
 31
0.0
  0
LINE
  5
1423
330
1F
100
AcDbEntity
  8
0
  6
Continuous
 62
     7
370
    25
100
AcDbLine
 10
2.5084566929
 20
-1.5610433065
 30
0.0
 11
2.5084566929
 21
-1.5460433066
 31
0.0
  0
LINE
  5
1424
330
1F
100
AcDbEntity
  8
0
  6
Continuous
 62
     7
370
    25
100
AcDbLine
 10
2.4334566929
 20
-1.5460433076
 30
0.0
 11
2.5084566929
 21
-1.5460433066
 31
0.0
  0
LINE
  5
1425
330
1F
100
AcDbEntity
  8
0
  6
Continuous
 62
     7
370
    25
100
AcDbLine
 10
2.4414566929
 20
-1.5110433068
 30
0.0
 11
2.4414566929
 21
-1.5460433066
 31
0.0
  0
LINE
  5
1426
330
1F
100
AcDbEntity
  8
0
  6
Continuous
 62
     7
370
    25
100
AcDbLine
 10
2.5084566929
 20
-1.5110433068
 30
0.0
 11
2.4334566929
 21
-1.511043307
 31
0.0
  0
LINE
  5
1427
330
1F
100
AcDbEntity
  8
0
  6
Continuous
 62
     7
370
    25
100
AcDbLine
 10
2.5084566929
 20
-1.5110433068
 30
0.0
 11
2.5084566929
 21
-1.4960433068
 31
0.0
  0
LINE
  5
1428
330
1F
100
AcDbEntity
  8
0
  6
Continuous
 62
     7
370
    25
100
AcDbLine
 10
2.4334566929
 20
-1.4960433069
 30
0.0
 11
2.5084566929
 21
-1.4960433068
 31
0.0
  0
LINE
  5
1429
330
1F
100
AcDbEntity
  8
0
  6
Continuous
 62
     7
370
    25
100
AcDbLine
 10
2.4414566929
 20
-1.461043307
 30
0.0
 11
2.4414566929
 21
-1.4960433068
 31
0.0
  0
LINE
  5
142A
330
1F
100
AcDbEntity
  8
0
  6
Continuous
 62
     7
370
    25
100
AcDbLine
 10
2.5084566929
 20
-1.461043307
 30
0.0
 11
2.4334566929
 21
-1.4610433075
 31
0.0
  0
LINE
  5
142B
330
1F
100
AcDbEntity
  8
0
  6
Continuous
 62
     7
370
    25
100
AcDbLine
 10
2.5084566929
 20
-1.461043307
 30
0.0
 11
2.5084566929
 21
-1.4460433071
 31
0.0
  0
LINE
  5
142C
330
1F
100
AcDbEntity
  8
0
  6
Continuous
 62
     7
370
    25
100
AcDbLine
 10
2.4334566929
 20
-1.4460433074
 30
0.0
 11
2.5084566929
 21
-1.4460433071
 31
0.0
  0
LINE
  5
142D
330
1F
100
AcDbEntity
  8
0
  6
Continuous
 62
     7
370
    25
100
AcDbLine
 10
2.4414566929
 20
-1.4110433073
 30
0.0
 11
2.4414566929
 21
-1.4460433071
 31
0.0
  0
LINE
  5
142E
330
1F
100
AcDbEntity
  8
0
  6
Continuous
 62
     7
370
    25
100
AcDbLine
 10
2.5084566929
 20
-1.4110433073
 30
0.0
 11
2.4334566929
 21
-1.4110433068
 31
0.0
  0
LINE
  5
142F
330
1F
100
AcDbEntity
  8
0
  6
Continuous
 62
     7
370
    25
100
AcDbLine
 10
2.5084566929
 20
-1.4110433073
 30
0.0
 11
2.5084566929
 21
-1.3960433074
 31
0.0
  0
LINE
  5
1430
330
1F
100
AcDbEntity
  8
0
  6
Continuous
 62
     7
370
    25
100
AcDbLine
 10
2.4334566929
 20
-1.3960433068
 30
0.0
 11
2.5084566929
 21
-1.3960433074
 31
0.0
  0
LINE
  5
1431
330
1F
100
AcDbEntity
  8
0
  6
Continuous
 62
     7
370
    25
100
AcDbLine
 10
2.4414566929
 20
-1.3610433075
 30
0.0
 11
2.4414566929
 21
-1.3960433074
 31
0.0
  0
LINE
  5
1432
330
1F
100
AcDbEntity
  8
0
  6
Continuous
 62
     7
370
    25
100
AcDbLine
 10
2.5084566929
 20
-1.3610433075
 30
0.0
 11
2.4334566929
 21
-1.3610433073
 31
0.0
  0
LINE
  5
1433
330
1F
100
AcDbEntity
  8
0
  6
Continuous
 62
     7
370
    25
100
AcDbLine
 10
2.5084566929
 20
-1.3610433075
 30
0.0
 11
2.5084566929
 21
-1.3460433076
 31
0.0
  0
LINE
  5
1434
330
1F
100
AcDbEntity
  8
0
  6
Continuous
 62
     7
370
    25
100
AcDbLine
 10
2.4334566929
 20
-1.3460433072
 30
0.0
 11
2.5084566929
 21
-1.3460433076
 31
0.0
  0
LINE
  5
1435
330
1F
100
AcDbEntity
  8
0
  6
Continuous
 62
     7
370
    25
100
AcDbLine
 10
2.4414566929
 20
-1.3110433078
 30
0.0
 11
2.4414566929
 21
-1.3460433076
 31
0.0
  0
LINE
  5
1436
330
1F
100
AcDbEntity
  8
0
  6
Continuous
 62
     7
370
    25
100
AcDbLine
 10
2.5084566929
 20
-1.3110433078
 30
0.0
 11
2.4334566929
 21
-1.3110433067
 31
0.0
  0
LINE
  5
1437
330
1F
100
AcDbEntity
  8
0
  6
Continuous
 62
     7
370
    25
100
AcDbLine
 10
2.5084566929
 20
-1.3110433078
 30
0.0
 11
2.5084566929
 21
-1.2960433079
 31
0.0
  0
LINE
  5
1438
330
1F
100
AcDbEntity
  8
0
  6
Continuous
 62
     7
370
    25
100
AcDbLine
 10
2.4334566929
 20
-1.2960433066
 30
0.0
 11
2.5084566929
 21
-1.2960433079
 31
0.0
  0
LINE
  5
1439
330
1F
100
AcDbEntity
  8
0
  6
Continuous
 62
     7
370
    25
100
AcDbLine
 10
2.4414566929
 20
-1.2610433081
 30
0.0
 11
2.4414566929
 21
-1.2960433079
 31
0.0
  0
LINE
  5
143A
330
1F
100
AcDbEntity
  8
0
  6
Continuous
 62
     7
370
    25
100
AcDbLine
 10
2.5084566929
 20
-1.2610433081
 30
0.0
 11
2.4334566929
 21
-1.2610433071
 31
0.0
  0
LINE
  5
143B
330
1F
100
AcDbEntity
  8
0
  6
Continuous
 62
     7
370
    25
100
AcDbLine
 10
2.5084566929
 20
-1.2610433081
 30
0.0
 11
2.5084566929
 21
-1.246043306
 31
0.0
  0
LINE
  5
143C
330
1F
100
AcDbEntity
  8
0
  6
Continuous
 62
     7
370
    25
100
AcDbLine
 10
2.4334566929
 20
-1.246043307
 30
0.0
 11
2.5084566929
 21
-1.246043306
 31
0.0
  0
LINE
  5
143D
330
1F
100
AcDbEntity
  8
0
  6
Continuous
 62
     7
370
    25
100
AcDbLine
 10
2.4414566929
 20
-1.2110433062
 30
0.0
 11
2.4414566929
 21
-1.246043306
 31
0.0
  0
LINE
  5
143E
330
1F
100
AcDbEntity
  8
0
  6
Continuous
 62
     7
370
    25
100
AcDbLine
 10
2.5084566929
 20
-1.2110433062
 30
0.0
 11
2.4334566929
 21
-1.2110433076
 31
0.0
  0
LINE
  5
143F
330
1F
100
AcDbEntity
  8
0
  6
Continuous
 62
     7
370
    25
100
AcDbLine
 10
2.5084566929
 20
-1.2110433062
 30
0.0
 11
2.5084566929
 21
-1.1960433063
 31
0.0
  0
LINE
  5
1440
330
1F
100
AcDbEntity
  8
0
  6
Continuous
 62
     7
370
    25
100
AcDbLine
 10
2.4334566929
 20
-1.1960433075
 30
0.0
 11
2.5084566929
 21
-1.1960433063
 31
0.0
  0
LINE
  5
1441
330
1F
100
AcDbEntity
  8
0
  6
Continuous
 62
     7
370
    25
100
AcDbLine
 10
2.4414566929
 20
-1.1610433065
 30
0.0
 11
2.4414566929
 21
-1.1960433063
 31
0.0
  0
LINE
  5
1442
330
1F
100
AcDbEntity
  8
0
  6
Continuous
 62
     7
370
    25
100
AcDbLine
 10
2.5084566929
 20
-1.1610433065
 30
0.0
 11
2.4334566929
 21
-1.1610433069
 31
0.0
  0
LINE
  5
1443
330
1F
100
AcDbEntity
  8
0
  6
Continuous
 62
     7
370
    25
100
AcDbLine
 10
2.5084566929
 20
-1.1610433065
 30
0.0
 11
2.5084566929
 21
-1.1460433066
 31
0.0
  0
LINE
  5
1444
330
1F
100
AcDbEntity
  8
0
  6
Continuous
 62
     7
370
    25
100
AcDbLine
 10
2.4334566929
 20
-1.1460433068
 30
0.0
 11
2.5084566929
 21
-1.1460433066
 31
0.0
  0
LINE
  5
1445
330
1F
100
AcDbEntity
  8
0
  6
Continuous
 62
     7
370
    25
100
AcDbLine
 10
2.4414566929
 20
-1.1110433067
 30
0.0
 11
2.4414566929
 21
-1.1460433066
 31
0.0
  0
LINE
  5
1446
330
1F
100
AcDbEntity
  8
0
  6
Continuous
 62
     7
370
    25
100
AcDbLine
 10
2.5084566929
 20
-1.1110433067
 30
0.0
 11
2.4334566929
 21
-1.1110433074
 31
0.0
  0
LINE
  5
1447
330
1F
100
AcDbEntity
  8
0
  6
Continuous
 62
     7
370
    25
100
AcDbLine
 10
2.5084566929
 20
-1.1110433067
 30
0.0
 11
2.5084566929
 21
-1.0960433068
 31
0.0
  0
LINE
  5
1448
330
1F
100
AcDbEntity
  8
0
  6
Continuous
 62
     7
370
    25
100
AcDbLine
 10
2.4334566929
 20
-1.0960433073
 30
0.0
 11
2.5084566929
 21
-1.0960433068
 31
0.0
  0
LINE
  5
1449
330
1F
100
AcDbEntity
  8
0
  6
Continuous
 62
     7
370
    25
100
AcDbLine
 10
2.4414566929
 20
-1.061043307
 30
0.0
 11
2.4414566929
 21
-1.0960433068
 31
0.0
  0
LINE
  5
144A
330
1F
100
AcDbEntity
  8
0
  6
Continuous
 62
     7
370
    25
100
AcDbLine
 10
2.5084566929
 20
-1.061043307
 30
0.0
 11
2.4334566929
 21
-1.0610433068
 31
0.0
  0
LINE
  5
144B
330
1F
100
AcDbEntity
  8
0
  6
Continuous
 62
     7
370
    25
100
AcDbLine
 10
2.5084566929
 20
-1.061043307
 30
0.0
 11
2.5084566929
 21
-1.0460433071
 31
0.0
  0
LINE
  5
144C
330
1F
100
AcDbEntity
  8
0
  6
Continuous
 62
     7
370
    25
100
AcDbLine
 10
2.4334566929
 20
-1.0460433067
 30
0.0
 11
2.5084566929
 21
-1.0460433071
 31
0.0
  0
LINE
  5
144D
330
1F
100
AcDbEntity
  8
0
  6
Continuous
 62
     7
370
    25
100
AcDbLine
 10
2.4414566929
 20
-1.0110433073
 30
0.0
 11
2.4414566929
 21
-1.0460433071
 31
0.0
  0
LINE
  5
144E
330
1F
100
AcDbEntity
  8
0
  6
Continuous
 62
     7
370
    25
100
AcDbLine
 10
2.5084566929
 20
-1.0110433073
 30
0.0
 11
2.4334566929
 21
-1.0110433072
 31
0.0
  0
LINE
  5
144F
330
1F
100
AcDbEntity
  8
0
  6
Continuous
 62
     7
370
    25
100
AcDbLine
 10
2.5084566929
 20
-1.0110433073
 30
0.0
 11
2.5084566929
 21
-0.9960433073
 31
0.0
  0
LINE
  5
1450
330
1F
100
AcDbEntity
  8
0
  6
Continuous
 62
     7
370
    25
100
AcDbLine
 10
2.4334566929
 20
-0.9960433071
 30
0.0
 11
2.5084566929
 21
-0.9960433073
 31
0.0
  0
LINE
  5
1451
330
1F
100
AcDbEntity
  8
0
  6
Continuous
 62
     7
370
    25
100
AcDbLine
 10
2.4414566929
 20
-0.9610433075
 30
0.0
 11
2.4414566929
 21
-0.9960433073
 31
0.0
  0
LINE
  5
1452
330
1F
100
AcDbEntity
  8
0
  6
Continuous
 62
     7
370
    25
100
AcDbLine
 10
2.5084566929
 20
-0.9610433075
 30
0.0
 11
2.4334566929
 21
-0.9610433066
 31
0.0
  0
LINE
  5
1453
330
1F
100
AcDbEntity
  8
0
  6
Continuous
 62
     7
370
    25
100
AcDbLine
 10
2.5084566929
 20
-0.9610433075
 30
0.0
 11
2.5084566929
 21
-0.9460433076
 31
0.0
  0
LINE
  5
1454
330
1F
100
AcDbEntity
  8
0
  6
Continuous
 62
     7
370
    25
100
AcDbLine
 10
2.4334566929
 20
-0.9460433076
 30
0.0
 11
2.5084566929
 21
-0.9460433076
 31
0.0
  0
LINE
  5
1455
330
1F
100
AcDbEntity
  8
0
  6
Continuous
 62
     7
370
    25
100
AcDbLine
 10
2.4414566929
 20
-0.9110433078
 30
0.0
 11
2.4414566929
 21
-0.9460433076
 31
0.0
  0
LINE
  5
1456
330
1F
100
AcDbEntity
  8
0
  6
Continuous
 62
     7
370
    25
100
AcDbLine
 10
2.5084566929
 20
-0.9110433078
 30
0.0
 11
2.4334566929
 21
-0.911043307
 31
0.0
  0
LINE
  5
1457
330
1F
100
AcDbEntity
  8
0
  6
Continuous
 62
     7
370
    25
100
AcDbLine
 10
2.5084566929
 20
-0.9110433078
 30
0.0
 11
2.5084566929
 21
-0.8960433079
 31
0.0
  0
LINE
  5
1458
330
1F
100
AcDbEntity
  8
0
  6
Continuous
 62
     7
370
    25
100
AcDbLine
 10
2.4334566929
 20
-0.8960433069
 30
0.0
 11
2.5084566929
 21
-0.8960433079
 31
0.0
  0
LINE
  5
1459
330
1F
100
AcDbEntity
  8
0
  6
Continuous
 62
     7
370
    25
100
AcDbLine
 10
2.4414566929
 20
-0.8610433081
 30
0.0
 11
2.4414566929
 21
-0.8960433079
 31
0.0
  0
LINE
  5
145A
330
1F
100
AcDbEntity
  8
0
  6
Continuous
 62
     7
370
    25
100
AcDbLine
 10
2.5084566929
 20
-0.8610433081
 30
0.0
 11
2.4334566929
 21
-0.8610433075
 31
0.0
  0
LINE
  5
145B
330
1F
100
AcDbEntity
  8
0
  6
Continuous
 62
     7
370
    25
100
AcDbLine
 10
2.5084566929
 20
-0.8610433081
 30
0.0
 11
2.5084566929
 21
-0.846043306
 31
0.0
  0
LINE
  5
145C
330
1F
100
AcDbEntity
  8
0
  6
Continuous
 62
     7
370
    25
100
AcDbLine
 10
2.4334566929
 20
-0.8460433074
 30
0.0
 11
2.5084566929
 21
-0.846043306
 31
0.0
  0
LINE
  5
145D
330
1F
100
AcDbEntity
  8
0
  6
Continuous
 62
     7
370
    25
100
AcDbLine
 10
2.4414566929
 20
-0.8110433062
 30
0.0
 11
2.4414566929
 21
-0.846043306
 31
0.0
  0
LINE
  5
145E
330
1F
100
AcDbEntity
  8
0
  6
Continuous
 62
     7
370
    25
100
AcDbLine
 10
2.5084566929
 20
-0.8110433062
 30
0.0
 11
2.4334566929
 21
-0.8110433068
 31
0.0
  0
LINE
  5
145F
330
1F
100
AcDbEntity
  8
0
  6
Continuous
 62
     7
370
    25
100
AcDbLine
 10
2.5084566929
 20
-0.8110433062
 30
0.0
 11
2.5084566929
 21
-0.7960433063
 31
0.0
  0
LINE
  5
1460
330
1F
100
AcDbEntity
  8
0
  6
Continuous
 62
     7
370
    25
100
AcDbLine
 10
2.4334566929
 20
-0.7960433068
 30
0.0
 11
2.5084566929
 21
-0.7960433063
 31
0.0
  0
LINE
  5
1461
330
1F
100
AcDbEntity
  8
0
  6
Continuous
 62
     7
370
    25
100
AcDbLine
 10
2.4414566929
 20
-0.7610433065
 30
0.0
 11
2.4414566929
 21
-0.7960433063
 31
0.0
  0
LINE
  5
1462
330
1F
100
AcDbEntity
  8
0
  6
Continuous
 62
     7
370
    25
100
AcDbLine
 10
2.5084566929
 20
-0.7610433065
 30
0.0
 11
2.4334566929
 21
-0.7610433073
 31
0.0
  0
LINE
  5
1463
330
1F
100
AcDbEntity
  8
0
  6
Continuous
 62
     7
370
    25
100
AcDbLine
 10
2.5084566929
 20
-0.7610433065
 30
0.0
 11
2.5084566929
 21
-0.7460433065
 31
0.0
  0
LINE
  5
1464
330
1F
100
AcDbEntity
  8
0
  6
Continuous
 62
     7
370
    25
100
AcDbLine
 10
2.4334566929
 20
-0.7460433072
 30
0.0
 11
2.5084566929
 21
-0.7460433065
 31
0.0
  0
LINE
  5
1465
330
1F
100
AcDbEntity
  8
0
  6
Continuous
 62
     7
370
    25
100
AcDbLine
 10
2.4414566929
 20
-0.7110433067
 30
0.0
 11
2.4414566929
 21
-0.7460433065
 31
0.0
  0
LINE
  5
1466
330
1F
100
AcDbEntity
  8
0
  6
Continuous
 62
     7
370
    25
100
AcDbLine
 10
2.5084566929
 20
-0.7110433067
 30
0.0
 11
2.4334566929
 21
-0.7110433067
 31
0.0
  0
LINE
  5
1467
330
1F
100
AcDbEntity
  8
0
  6
Continuous
 62
     7
370
    25
100
AcDbLine
 10
2.5084566929
 20
-0.7110433067
 30
0.0
 11
2.5084566929
 21
-0.6960433068
 31
0.0
  0
LINE
  5
1468
330
1F
100
AcDbEntity
  8
0
  6
Continuous
 62
     7
370
    25
100
AcDbLine
 10
2.4334566929
 20
-0.6960433066
 30
0.0
 11
2.5084566929
 21
-0.6960433068
 31
0.0
  0
LINE
  5
1469
330
1F
100
AcDbEntity
  8
0
  6
Continuous
 62
     7
370
    25
100
AcDbLine
 10
2.4414566929
 20
-0.661043307
 30
0.0
 11
2.4414566929
 21
-0.6960433068
 31
0.0
  0
LINE
  5
146A
330
1F
100
AcDbEntity
  8
0
  6
Continuous
 62
     7
370
    25
100
AcDbLine
 10
2.5084566929
 20
-0.661043307
 30
0.0
 11
2.4334566929
 21
-0.6610433071
 31
0.0
  0
LINE
  5
146B
330
1F
100
AcDbEntity
  8
0
  6
Continuous
 62
     7
370
    25
100
AcDbLine
 10
2.5084566929
 20
-0.661043307
 30
0.0
 11
2.5084566929
 21
-0.6460433071
 31
0.0
  0
LINE
  5
146C
330
1F
100
AcDbEntity
  8
0
  6
Continuous
 62
     7
370
    25
100
AcDbLine
 10
2.4334566929
 20
-0.646043307
 30
0.0
 11
2.5084566929
 21
-0.6460433071
 31
0.0
  0
LINE
  5
146D
330
1F
100
AcDbEntity
  8
0
  6
Continuous
 62
     7
370
    25
100
AcDbLine
 10
2.4414566929
 20
-0.6110433073
 30
0.0
 11
2.4414566929
 21
-0.6460433071
 31
0.0
  0
LINE
  5
146E
330
1F
100
AcDbEntity
  8
0
  6
Continuous
 62
     7
370
    25
100
AcDbLine
 10
2.5084566929
 20
-0.6110433073
 30
0.0
 11
2.4334566929
 21
-0.6110433076
 31
0.0
  0
LINE
  5
146F
330
1F
100
AcDbEntity
  8
0
  6
Continuous
 62
     7
370
    25
100
AcDbLine
 10
2.5084566929
 20
-0.6110433073
 30
0.0
 11
2.5084566929
 21
-0.5960433073
 31
0.0
  0
LINE
  5
1470
330
1F
100
AcDbEntity
  8
0
  6
Continuous
 62
     7
370
    25
100
AcDbLine
 10
2.4334566929
 20
-0.5960433075
 30
0.0
 11
2.5084566929
 21
-0.5960433073
 31
0.0
  0
LINE
  5
1471
330
1F
100
AcDbEntity
  8
0
  6
Continuous
 62
     7
370
    25
100
AcDbLine
 10
2.4414566929
 20
-0.5610433075
 30
0.0
 11
2.4414566929
 21
-0.5960433073
 31
0.0
  0
LINE
  5
1472
330
1F
100
AcDbEntity
  8
0
  6
Continuous
 62
     7
370
    25
100
AcDbLine
 10
2.5084566929
 20
-0.5610433075
 30
0.0
 11
2.4334566929
 21
-0.5610433069
 31
0.0
  0
LINE
  5
1473
330
1F
100
AcDbEntity
  8
0
  6
Continuous
 62
     7
370
    25
100
AcDbLine
 10
2.5084566929
 20
-0.5610433075
 30
0.0
 11
2.5084566929
 21
-0.5460433076
 31
0.0
  0
LINE
  5
1474
330
1F
100
AcDbEntity
  8
0
  6
Continuous
 62
     7
370
    25
100
AcDbLine
 10
2.4334566929
 20
-0.5460433069
 30
0.0
 11
2.5084566929
 21
-0.5460433076
 31
0.0
  0
LINE
  5
1475
330
1F
100
AcDbEntity
  8
0
  6
Continuous
 62
     7
370
    25
100
AcDbLine
 10
2.4414566929
 20
-0.5110433078
 30
0.0
 11
2.4414566929
 21
-0.5460433076
 31
0.0
  0
LINE
  5
1476
330
1F
100
AcDbEntity
  8
0
  6
Continuous
 62
     7
370
    25
100
AcDbLine
 10
2.5084566929
 20
-0.5110433078
 30
0.0
 11
2.4334566929
 21
-0.5110433074
 31
0.0
  0
LINE
  5
1477
330
1F
100
AcDbEntity
  8
0
  6
Continuous
 62
     7
370
    25
100
AcDbLine
 10
2.5084566929
 20
-0.5110433078
 30
0.0
 11
2.5084566929
 21
-0.4960433079
 31
0.0
  0
LINE
  5
1478
330
1F
100
AcDbEntity
  8
0
  6
Continuous
 62
     7
370
    25
100
AcDbLine
 10
2.4334566929
 20
-0.4960433073
 30
0.0
 11
2.5084566929
 21
-0.4960433079
 31
0.0
  0
LINE
  5
1479
330
1F
100
AcDbEntity
  8
0
  6
Continuous
 62
     7
370
    25
100
AcDbLine
 10
2.4414566929
 20
-0.4610433081
 30
0.0
 11
2.4414566929
 21
-0.4960433079
 31
0.0
  0
LINE
  5
147A
330
1F
100
AcDbEntity
  8
0
  6
Continuous
 62
     7
370
    25
100
AcDbLine
 10
2.5084566929
 20
-0.4610433081
 30
0.0
 11
2.4334566929
 21
-0.4610433068
 31
0.0
  0
LINE
  5
147B
330
1F
100
AcDbEntity
  8
0
  6
Continuous
 62
     7
370
    25
100
AcDbLine
 10
2.5084566929
 20
-0.4610433081
 30
0.0
 11
2.5084566929
 21
-0.446043306
 31
0.0
  0
LINE
  5
147C
330
1F
100
AcDbEntity
  8
0
  6
Continuous
 62
     7
370
    25
100
AcDbLine
 10
2.4334566929
 20
-0.4460433067
 30
0.0
 11
2.5084566929
 21
-0.446043306
 31
0.0
  0
LINE
  5
147D
330
1F
100
AcDbEntity
  8
0
  6
Continuous
 62
     7
370
    25
100
AcDbLine
 10
2.4414566929
 20
-0.4110433062
 30
0.0
 11
2.4414566929
 21
-0.446043306
 31
0.0
  0
LINE
  5
147E
330
1F
100
AcDbEntity
  8
0
  6
Continuous
 62
     7
370
    25
100
AcDbLine
 10
2.5084566929
 20
-0.4110433062
 30
0.0
 11
2.4334566929
 21
-0.4110433072
 31
0.0
  0
LINE
  5
147F
330
1F
100
AcDbEntity
  8
0
  6
Continuous
 62
     7
370
    25
100
AcDbLine
 10
2.5084566929
 20
-0.4110433062
 30
0.0
 11
2.5084566929
 21
-0.3960433063
 31
0.0
  0
LINE
  5
1480
330
1F
100
AcDbEntity
  8
0
  6
Continuous
 62
     7
370
    25
100
AcDbLine
 10
2.4334566929
 20
-0.3960433071
 30
0.0
 11
2.5084566929
 21
-0.3960433063
 31
0.0
  0
LINE
  5
1481
330
1F
100
AcDbEntity
  8
0
  6
Continuous
 62
     7
370
    25
100
AcDbLine
 10
2.4414566929
 20
-0.3610433064
 30
0.0
 11
2.4414566929
 21
-0.3960433063
 31
0.0
  0
LINE
  5
1482
330
1F
100
AcDbEntity
  8
0
  6
Continuous
 62
     7
370
    25
100
AcDbLine
 10
2.5084566929
 20
-0.3610433064
 30
0.0
 11
2.4334566929
 21
-0.3610433066
 31
0.0
  0
LINE
  5
1483
330
1F
100
AcDbEntity
  8
0
  6
Continuous
 62
     7
370
    25
100
AcDbLine
 10
2.5084566929
 20
-0.3610433064
 30
0.0
 11
2.5084566929
 21
-0.3460433065
 31
0.0
  0
LINE
  5
1484
330
1F
100
AcDbEntity
  8
0
  6
Continuous
 62
     7
370
    25
100
AcDbLine
 10
2.4334566929
 20
-0.3460433076
 30
0.0
 11
2.5084566929
 21
-0.3460433065
 31
0.0
  0
LINE
  5
1485
330
1F
100
AcDbEntity
  8
0
  6
Continuous
 62
     7
370
    25
100
AcDbLine
 10
2.4414566929
 20
-0.3110433067
 30
0.0
 11
2.4414566929
 21
-0.3460433065
 31
0.0
  0
LINE
  5
1486
330
1F
100
AcDbEntity
  8
0
  6
Continuous
 62
     7
370
    25
100
AcDbLine
 10
2.5084566929
 20
-0.3110433067
 30
0.0
 11
2.4334566929
 21
-0.311043307
 31
0.0
  0
LINE
  5
1487
330
1F
100
AcDbEntity
  8
0
  6
Continuous
 62
     7
370
    25
100
AcDbLine
 10
2.5084566929
 20
-0.3110433067
 30
0.0
 11
2.5084566929
 21
-0.2960433068
 31
0.0
  0
LINE
  5
1488
330
1F
100
AcDbEntity
  8
0
  6
Continuous
 62
     7
370
    25
100
AcDbLine
 10
2.4334566929
 20
-0.296043307
 30
0.0
 11
2.5084566929
 21
-0.2960433068
 31
0.0
  0
LINE
  5
1489
330
1F
100
AcDbEntity
  8
0
  6
Continuous
 62
     7
370
    25
100
AcDbLine
 10
2.4414566929
 20
-0.261043307
 30
0.0
 11
2.4414566929
 21
-0.2960433068
 31
0.0
  0
LINE
  5
148A
330
1F
100
AcDbEntity
  8
0
  6
Continuous
 62
     7
370
    25
100
AcDbLine
 10
2.5084566929
 20
-0.261043307
 30
0.0
 11
2.4334566929
 21
-0.2610433075
 31
0.0
  0
LINE
  5
148B
330
1F
100
AcDbEntity
  8
0
  6
Continuous
 62
     7
370
    25
100
AcDbLine
 10
2.5084566929
 20
-0.261043307
 30
0.0
 11
2.5084566929
 21
-0.2460433071
 31
0.0
  0
LINE
  5
148C
330
1F
100
AcDbEntity
  8
0
  6
Continuous
 62
     7
370
    25
100
AcDbLine
 10
2.4334566929
 20
-0.2460433074
 30
0.0
 11
2.5084566929
 21
-0.2460433071
 31
0.0
  0
LINE
  5
148D
330
1F
100
AcDbEntity
  8
0
  6
Continuous
 62
     7
370
    25
100
AcDbLine
 10
2.4414566929
 20
-0.2110433072
 30
0.0
 11
2.4414566929
 21
-0.2460433071
 31
0.0
  0
LINE
  5
148E
330
1F
100
AcDbEntity
  8
0
  6
Continuous
 62
     7
370
    25
100
AcDbLine
 10
2.5084566929
 20
-0.2110433072
 30
0.0
 11
2.4334566929
 21
-0.2110433069
 31
0.0
  0
LINE
  5
148F
330
1F
100
AcDbEntity
  8
0
  6
Continuous
 62
     7
370
    25
100
AcDbLine
 10
2.5084566929
 20
-0.2110433072
 30
0.0
 11
2.5084566929
 21
-0.1960433073
 31
0.0
  0
LINE
  5
1490
330
1F
100
AcDbEntity
  8
0
  6
Continuous
 62
     7
370
    25
100
AcDbLine
 10
2.4334566929
 20
-0.1960433068
 30
0.0
 11
2.5084566929
 21
-0.1960433073
 31
0.0
  0
LINE
  5
1491
330
1F
100
AcDbEntity
  8
0
  6
Continuous
 62
     7
370
    25
100
AcDbLine
 10
2.4414566929
 20
-0.1610433075
 30
0.0
 11
2.4414566929
 21
-0.1960433073
 31
0.0
  0
LINE
  5
1492
330
1F
100
AcDbEntity
  8
0
  6
Continuous
 62
     7
370
    25
100
AcDbLine
 10
2.5084566929
 20
-0.1610433075
 30
0.0
 11
2.4334566929
 21
-0.1610433073
 31
0.0
  0
LINE
  5
1493
330
1F
100
AcDbEntity
  8
0
  6
Continuous
 62
     7
370
    25
100
AcDbLine
 10
2.5084566929
 20
-0.1610433075
 30
0.0
 11
2.5084566929
 21
-0.1460433076
 31
0.0
  0
LINE
  5
1494
330
1F
100
AcDbEntity
  8
0
  6
Continuous
 62
     7
370
    25
100
AcDbLine
 10
2.4334566929
 20
-0.1460433072
 30
0.0
 11
2.5084566929
 21
-0.1460433076
 31
0.0
  0
LINE
  5
1495
330
1F
100
AcDbEntity
  8
0
  6
Continuous
 62
     7
370
    25
100
AcDbLine
 10
2.4414566929
 20
-0.1110433078
 30
0.0
 11
2.4414566929
 21
-0.1460433076
 31
0.0
  0
LINE
  5
1496
330
1F
100
AcDbEntity
  8
0
  6
Continuous
 62
     7
370
    25
100
AcDbLine
 10
2.5084566929
 20
-0.1110433078
 30
0.0
 11
2.4334566929
 21
-0.1110433067
 31
0.0
  0
LINE
  5
1497
330
1F
100
AcDbEntity
  8
0
  6
Continuous
 62
     7
370
    25
100
AcDbLine
 10
2.5084566929
 20
-0.1110433078
 30
0.0
 11
2.5084566929
 21
-0.0960433079
 31
0.0
  0
LINE
  5
1498
330
1F
100
AcDbEntity
  8
0
  6
Continuous
 62
     7
370
    25
100
AcDbLine
 10
2.4334566929
 20
-0.0960433066
 30
0.0
 11
2.5084566929
 21
-0.0960433079
 31
0.0
  0
LINE
  5
1499
330
1F
100
AcDbEntity
  8
0
  6
Continuous
 62
     7
370
    25
100
AcDbLine
 10
2.4414566929
 20
-0.061043308
 30
0.0
 11
2.4414566929
 21
-0.0960433079
 31
0.0
  0
LINE
  5
149A
330
1F
100
AcDbEntity
  8
0
  6
Continuous
 62
     7
370
    25
100
AcDbLine
 10
2.5084566929
 20
-0.061043308
 30
0.0
 11
2.4334566929
 21
-0.0610433071
 31
0.0
  0
LINE
  5
149B
330
1F
100
AcDbEntity
  8
0
  6
Continuous
 62
     7
370
    25
100
AcDbLine
 10
2.5084566929
 20
-0.061043308
 30
0.0
 11
2.5084566929
 21
-0.0460433081
 31
0.0
  0
LINE
  5
149C
330
1F
100
AcDbEntity
  8
0
  6
Continuous
 62
     7
370
    25
100
AcDbLine
 10
2.4334566929
 20
-0.0460433071
 30
0.0
 11
2.5084566929
 21
-0.0460433081
 31
0.0
  0
LINE
  5
149D
330
1F
100
AcDbEntity
  8
0
  6
Continuous
 62
     7
370
    25
100
AcDbLine
 10
2.4414566929
 20
-0.0110433062
 30
0.0
 11
2.4414566929
 21
-0.0460433081
 31
0.0
  0
LINE
  5
149E
330
1F
100
AcDbEntity
  8
0
  6
Continuous
 62
     7
370
    25
100
AcDbLine
 10
2.5084566929
 20
-0.0110433062
 30
0.0
 11
2.4334566929
 21
-0.0110433076
 31
0.0
  0
LINE
  5
149F
330
1F
100
AcDbEntity
  8
0
  6
Continuous
 62
     7
370
    25
100
AcDbLine
 10
2.5084566929
 20
-0.0110433062
 30
0.0
 11
2.5084566929
 21
0.0039566938
 31
0.0
  0
LINE
  5
14A0
330
1F
100
AcDbEntity
  8
0
  6
Continuous
 62
     7
370
    25
100
AcDbLine
 10
2.4334566929
 20
0.0039566925
 30
0.0
 11
2.5084566929
 21
0.0039566938
 31
0.0
  0
LINE
  5
14A1
330
1F
100
AcDbEntity
  8
0
  6
Continuous
 62
     7
370
    25
100
AcDbLine
 10
2.4414566929
 20
0.0389566936
 30
0.0
 11
2.4414566929
 21
0.0039566938
 31
0.0
  0
LINE
  5
14A2
330
1F
100
AcDbEntity
  8
0
  6
Continuous
 62
     7
370
    25
100
AcDbLine
 10
2.5084566929
 20
0.0389566936
 30
0.0
 11
2.4334566929
 21
0.038956693
 31
0.0
  0
LINE
  5
14A3
330
1F
100
AcDbEntity
  8
0
  6
Continuous
 62
     7
370
    25
100
AcDbLine
 10
2.5084566929
 20
0.0389566936
 30
0.0
 11
2.5084566929
 21
0.0539566935
 31
0.0
  0
LINE
  5
14A4
330
1F
100
AcDbEntity
  8
0
  6
Continuous
 62
     7
370
    25
100
AcDbLine
 10
2.4334566929
 20
0.0539566931
 30
0.0
 11
2.5084566929
 21
0.0539566935
 31
0.0
  0
LINE
  5
14A5
330
1F
100
AcDbEntity
  8
0
  6
Continuous
 62
     7
370
    25
100
AcDbLine
 10
2.4414566929
 20
0.0889566933
 30
0.0
 11
2.4414566929
 21
0.0539566935
 31
0.0
  0
LINE
  5
14A6
330
1F
100
AcDbEntity
  8
0
  6
Continuous
 62
     7
370
    25
100
AcDbLine
 10
2.5084566929
 20
0.0889566933
 30
0.0
 11
2.4334566929
 21
0.0889566926
 31
0.0
  0
LINE
  5
14A7
330
1F
100
AcDbEntity
  8
0
  6
Continuous
 62
     7
370
    25
100
AcDbLine
 10
2.5084566929
 20
0.0889566933
 30
0.0
 11
2.5084566929
 21
0.1039566932
 31
0.0
  0
LINE
  5
14A8
330
1F
100
AcDbEntity
  8
0
  6
Continuous
 62
     7
370
    25
100
AcDbLine
 10
2.4334566929
 20
0.1039566927
 30
0.0
 11
2.5084566929
 21
0.1039566932
 31
0.0
  0
LINE
  5
14A9
330
1F
100
AcDbEntity
  8
0
  6
Continuous
 62
     7
370
    25
100
AcDbLine
 10
2.4414566929
 20
0.138956693
 30
0.0
 11
2.4414566929
 21
0.1039566932
 31
0.0
  0
LINE
  5
14AA
330
1F
100
AcDbEntity
  8
0
  6
Continuous
 62
     7
370
    25
100
AcDbLine
 10
2.5084566929
 20
0.138956693
 30
0.0
 11
2.4334566929
 21
0.1389566932
 31
0.0
  0
LINE
  5
14AB
330
1F
100
AcDbEntity
  8
0
  6
Continuous
 62
     7
370
    25
100
AcDbLine
 10
2.5084566929
 20
0.138956693
 30
0.0
 11
2.5084566929
 21
0.153956693
 31
0.0
  0
LINE
  5
14AC
330
1F
100
AcDbEntity
  8
0
  6
Continuous
 62
     7
370
    25
100
AcDbLine
 10
2.4334566929
 20
0.1539566933
 30
0.0
 11
2.5084566929
 21
0.153956693
 31
0.0
  0
LINE
  5
14AD
330
1F
100
AcDbEntity
  8
0
  6
Continuous
 62
     7
370
    25
100
AcDbLine
 10
2.4414566929
 20
0.1889566928
 30
0.0
 11
2.4414566929
 21
0.153956693
 31
0.0
  0
LINE
  5
14AE
330
1F
100
AcDbEntity
  8
0
  6
Continuous
 62
     7
370
    25
100
AcDbLine
 10
2.5084566929
 20
0.1889566928
 30
0.0
 11
2.4334566929
 21
0.1889566928
 31
0.0
  0
LINE
  5
14AF
330
1F
100
AcDbEntity
  8
0
  6
Continuous
 62
     7
370
    25
100
AcDbLine
 10
2.5084566929
 20
0.1889566928
 30
0.0
 11
2.5084566929
 21
0.2039566927
 31
0.0
  0
LINE
  5
14B0
330
1F
100
AcDbEntity
  8
0
  6
Continuous
 62
     7
370
    25
100
AcDbLine
 10
2.4334566929
 20
0.2039566928
 30
0.0
 11
2.5084566929
 21
0.2039566927
 31
0.0
  0
LINE
  5
14B1
330
1F
100
AcDbEntity
  8
0
  6
Continuous
 62
     7
370
    25
100
AcDbLine
 10
2.4414566929
 20
0.2389566925
 30
0.0
 11
2.4414566929
 21
0.2039566927
 31
0.0
  0
LINE
  5
14B2
330
1F
100
AcDbEntity
  8
0
  6
Continuous
 62
     7
370
    25
100
AcDbLine
 10
2.5084566929
 20
0.2389566925
 30
0.0
 11
2.4334566929
 21
0.2389566934
 31
0.0
  0
LINE
  5
14B3
330
1F
100
AcDbEntity
  8
0
  6
Continuous
 62
     7
370
    25
100
AcDbLine
 10
2.5084566929
 20
0.2389566925
 30
0.0
 11
2.5084566929
 21
0.2539566924
 31
0.0
  0
LINE
  5
14B4
330
1F
100
AcDbEntity
  8
0
  6
Continuous
 62
     7
370
    25
100
AcDbLine
 10
2.4334566929
 20
0.2539566924
 30
0.0
 11
2.5084566929
 21
0.2539566924
 31
0.0
  0
LINE
  5
14B5
330
1F
100
AcDbEntity
  8
0
  6
Continuous
 62
     7
370
    25
100
AcDbLine
 10
2.4414566929
 20
0.2889566922
 30
0.0
 11
2.4414566929
 21
0.2539566924
 31
0.0
  0
LINE
  5
14B6
330
1F
100
AcDbEntity
  8
0
  6
Continuous
 62
     7
370
    25
100
AcDbLine
 10
2.5084566929
 20
0.2889566922
 30
0.0
 11
2.4334566929
 21
0.2889566929
 31
0.0
  0
LINE
  5
14B7
330
1F
100
AcDbEntity
  8
0
  6
Continuous
 62
     7
370
    25
100
AcDbLine
 10
2.5084566929
 20
0.2889566922
 30
0.0
 11
2.5084566929
 21
0.3039566922
 31
0.0
  0
LINE
  5
14B8
330
1F
100
AcDbEntity
  8
0
  6
Continuous
 62
     7
370
    25
100
AcDbLine
 10
2.4334566929
 20
0.303956693
 30
0.0
 11
2.5084566929
 21
0.3039566922
 31
0.0
  0
LINE
  5
14B9
330
1F
100
AcDbEntity
  8
0
  6
Continuous
 62
     7
370
    25
100
AcDbLine
 10
2.4414566929
 20
0.338956692
 30
0.0
 11
2.4414566929
 21
0.3039566922
 31
0.0
  0
LINE
  5
14BA
330
1F
100
AcDbEntity
  8
0
  6
Continuous
 62
     7
370
    25
100
AcDbLine
 10
2.5084566929
 20
0.338956692
 30
0.0
 11
2.4334566929
 21
0.3389566925
 31
0.0
  0
LINE
  5
14BB
330
1F
100
AcDbEntity
  8
0
  6
Continuous
 62
     7
370
    25
100
AcDbLine
 10
2.5084566929
 20
0.338956692
 30
0.0
 11
2.5084566929
 21
0.3539566919
 31
0.0
  0
LINE
  5
14BC
330
1F
100
AcDbEntity
  8
0
  6
Continuous
 62
     7
370
    25
100
AcDbLine
 10
2.4334566929
 20
0.3539566926
 30
0.0
 11
2.5084566929
 21
0.3539566919
 31
0.0
  0
LINE
  5
14BD
330
1F
100
AcDbEntity
  8
0
  6
Continuous
 62
     7
370
    25
100
AcDbLine
 10
2.4414566929
 20
0.3889566938
 30
0.0
 11
2.4414566929
 21
0.3539566919
 31
0.0
  0
LINE
  5
14BE
330
1F
100
AcDbEntity
  8
0
  6
Continuous
 62
     7
370
    25
100
AcDbLine
 10
2.5084566929
 20
0.3889566938
 30
0.0
 11
2.4334566929
 21
0.3889566931
 31
0.0
  0
LINE
  5
14BF
330
1F
100
AcDbEntity
  8
0
  6
Continuous
 62
     7
370
    25
100
AcDbLine
 10
2.5084566929
 20
0.3889566938
 30
0.0
 11
2.5084566929
 21
0.4039566938
 31
0.0
  0
LINE
  5
14C0
330
1F
100
AcDbEntity
  8
0
  6
Continuous
 62
     7
370
    25
100
AcDbLine
 10
2.4334566929
 20
0.4039566932
 30
0.0
 11
2.5084566929
 21
0.4039566938
 31
0.0
  0
LINE
  5
14C1
330
1F
100
AcDbEntity
  8
0
  6
Continuous
 62
     7
370
    25
100
AcDbLine
 10
2.4414566929
 20
0.4389566936
 30
0.0
 11
2.4414566929
 21
0.4039566938
 31
0.0
  0
LINE
  5
14C2
330
1F
100
AcDbEntity
  8
0
  6
Continuous
 62
     7
370
    25
100
AcDbLine
 10
2.5084566929
 20
0.4389566936
 30
0.0
 11
2.4334566929
 21
0.4389566927
 31
0.0
  0
LINE
  5
14C3
330
1F
100
AcDbEntity
  8
0
  6
Continuous
 62
     7
370
    25
100
AcDbLine
 10
2.5084566929
 20
0.4389566936
 30
0.0
 11
2.5084566929
 21
0.4539566935
 31
0.0
  0
LINE
  5
14C4
330
1F
100
AcDbEntity
  8
0
  6
Continuous
 62
     7
370
    25
100
AcDbLine
 10
2.4334566929
 20
0.4539566928
 30
0.0
 11
2.5084566929
 21
0.4539566935
 31
0.0
  0
LINE
  5
14C5
330
1F
100
AcDbEntity
  8
0
  6
Continuous
 62
     7
370
    25
100
AcDbLine
 10
2.4414566929
 20
0.4889566933
 30
0.0
 11
2.4414566929
 21
0.4539566935
 31
0.0
  0
LINE
  5
14C6
330
1F
100
AcDbEntity
  8
0
  6
Continuous
 62
     7
370
    25
100
AcDbLine
 10
2.5084566929
 20
0.4889566933
 30
0.0
 11
2.4334566929
 21
0.4889566933
 31
0.0
  0
LINE
  5
14C7
330
1F
100
AcDbEntity
  8
0
  6
Continuous
 62
     7
370
    25
100
AcDbLine
 10
2.5084566929
 20
0.4889566933
 30
0.0
 11
2.5084566929
 21
0.5039566932
 31
0.0
  0
LINE
  5
14C8
330
1F
100
AcDbEntity
  8
0
  6
Continuous
 62
     7
370
    25
100
AcDbLine
 10
2.4334566929
 20
0.5039566934
 30
0.0
 11
2.5084566929
 21
0.5039566932
 31
0.0
  0
LINE
  5
14C9
330
1F
100
AcDbEntity
  8
0
  6
Continuous
 62
     7
370
    25
100
AcDbLine
 10
2.4414566929
 20
0.5389566931
 30
0.0
 11
2.4414566929
 21
0.5039566932
 31
0.0
  0
LINE
  5
14CA
330
1F
100
AcDbEntity
  8
0
  6
Continuous
 62
     7
370
    25
100
AcDbLine
 10
2.4734566929
 20
0.5389566931
 30
0.0
 11
2.4334566929
 21
0.5389566928
 31
0.0
  0
LINE
  5
14CB
330
1F
100
AcDbEntity
  8
0
  6
Continuous
 62
     7
370
    25
100
AcDbLine
 10
2.4734566929
 20
0.5389566931
 30
0.0
 11
2.4734566929
 21
0.553956693
 31
0.0
  0
LINE
  5
14CC
330
1F
100
AcDbEntity
  8
0
  6
Continuous
 62
     7
370
    25
100
AcDbLine
 10
2.4334566929
 20
0.5539566929
 30
0.0
 11
2.4734566929
 21
0.553956693
 31
0.0
  0
LINE
  5
14CD
330
1F
100
AcDbEntity
  8
0
  6
Continuous
 62
     7
370
    25
100
AcDbLine
 10
2.4414566929
 20
0.5889566928
 30
0.0
 11
2.4414566929
 21
0.553956693
 31
0.0
  0
LINE
  5
14CE
330
1F
100
AcDbEntity
  8
0
  6
Continuous
 62
     7
370
    25
100
AcDbLine
 10
2.4734566929
 20
0.5889566929
 30
0.0
 11
2.4334566929
 21
0.5889566929
 31
0.0
  0
LINE
  5
14CF
330
1F
100
AcDbEntity
  8
0
  6
Continuous
 62
     7
370
    25
100
AcDbLine
 10
2.4734566929
 20
0.5889566929
 30
0.0
 11
2.4734566929
 21
0.6039566929
 31
0.0
  0
LINE
  5
14D0
330
1F
100
AcDbEntity
  8
0
  6
Continuous
 62
     7
370
    25
100
AcDbLine
 10
2.4334566929
 20
0.6039566929
 30
0.0
 11
2.4734566929
 21
0.6039566929
 31
0.0
  0
LINE
  5
14D1
330
1F
100
AcDbEntity
  8
0
  6
Continuous
 62
     7
370
    25
100
AcDbLine
 10
2.4414566929
 20
0.8389566929
 30
0.0
 11
2.4414566929
 21
0.6039566929
 31
0.0
  0
LINE
  5
14D2
330
1F
100
AcDbEntity
  8
0
  6
Continuous
 62
     7
370
    25
100
AcDbLine
 10
2.4734566929
 20
0.8389566929
 30
0.0
 11
2.4334566929
 21
0.8389566929
 31
0.0
  0
LINE
  5
14D3
330
1F
100
AcDbEntity
  8
0
  6
Continuous
 62
     7
370
    25
100
AcDbLine
 10
2.4734566929
 20
0.8389566929
 30
0.0
 11
2.4734566929
 21
0.8539566929
 31
0.0
  0
LINE
  5
14D4
330
1F
100
AcDbEntity
  8
0
  6
Continuous
 62
     7
370
    25
100
AcDbLine
 10
2.4334566929
 20
0.8539566929
 30
0.0
 11
2.4734566929
 21
0.8539566929
 31
0.0
  0
LINE
  5
14D5
330
1F
100
AcDbEntity
  8
0
  6
Continuous
 62
     7
370
    25
100
AcDbLine
 10
2.4414566929
 20
0.8889566933
 30
0.0
 11
2.4414566929
 21
0.8539566935
 31
0.0
  0
LINE
  5
14D6
330
1F
100
AcDbEntity
  8
0
  6
Continuous
 62
     7
370
    25
100
AcDbLine
 10
2.4734566929
 20
0.8889566933
 30
0.0
 11
2.4334566929
 21
0.8889566927
 31
0.0
  0
LINE
  5
14D7
330
1F
100
AcDbEntity
  8
0
  6
Continuous
 62
     7
370
    25
100
AcDbLine
 10
2.4734566929
 20
0.8889566933
 30
0.0
 11
2.4734566929
 21
0.9039566933
 31
0.0
  0
LINE
  5
14D8
330
1F
100
AcDbEntity
  8
0
  6
Continuous
 62
     7
370
    25
100
AcDbLine
 10
2.4334566929
 20
0.9039566932
 30
0.0
 11
2.4734566929
 21
0.9039566933
 31
0.0
  0
LINE
  5
14D9
330
1F
100
AcDbEntity
  8
0
  6
Continuous
 62
     7
370
    25
100
AcDbLine
 10
2.4414566929
 20
0.9389566931
 30
0.0
 11
2.4414566929
 21
0.9039566933
 31
0.0
  0
LINE
  5
14DA
330
1F
100
AcDbEntity
  8
0
  6
Continuous
 62
     7
370
    25
100
AcDbLine
 10
2.5084566929
 20
0.9389566931
 30
0.0
 11
2.4334566929
 21
0.9389566932
 31
0.0
  0
LINE
  5
14DB
330
1F
100
AcDbEntity
  8
0
  6
Continuous
 62
     7
370
    25
100
AcDbLine
 10
2.5084566929
 20
0.9389566931
 30
0.0
 11
2.5084566929
 21
0.953956693
 31
0.0
  0
LINE
  5
14DC
330
1F
100
AcDbEntity
  8
0
  6
Continuous
 62
     7
370
    25
100
AcDbLine
 10
2.4334566929
 20
0.9539566928
 30
0.0
 11
2.5084566929
 21
0.953956693
 31
0.0
  0
LINE
  5
14DD
330
1F
100
AcDbEntity
  8
0
  6
Continuous
 62
     7
370
    25
100
AcDbLine
 10
2.4414566929
 20
0.9889566928
 30
0.0
 11
2.4414566929
 21
0.953956693
 31
0.0
  0
LINE
  5
14DE
330
1F
100
AcDbEntity
  8
0
  6
Continuous
 62
     7
370
    25
100
AcDbLine
 10
2.5084566929
 20
0.9889566928
 30
0.0
 11
2.4334566929
 21
0.9889566928
 31
0.0
  0
LINE
  5
14DF
330
1F
100
AcDbEntity
  8
0
  6
Continuous
 62
     7
370
    25
100
AcDbLine
 10
2.5084566929
 20
0.9889566928
 30
0.0
 11
2.5084566929
 21
1.0039566927
 31
0.0
  0
LINE
  5
14E0
330
1F
100
AcDbEntity
  8
0
  6
Continuous
 62
     7
370
    25
100
AcDbLine
 10
2.4334566929
 20
1.0039566932
 30
0.0
 11
2.5084566929
 21
1.0039566927
 31
0.0
  0
LINE
  5
14E1
330
1F
100
AcDbEntity
  8
0
  6
Continuous
 62
     7
370
    25
100
AcDbLine
 10
2.4414566929
 20
1.0389566925
 30
0.0
 11
2.4414566929
 21
1.0039566927
 31
0.0
  0
LINE
  5
14E2
330
1F
100
AcDbEntity
  8
0
  6
Continuous
 62
     7
370
    25
100
AcDbLine
 10
2.5084566929
 20
1.0389566925
 30
0.0
 11
2.4334566929
 21
1.0389566932
 31
0.0
  0
LINE
  5
14E3
330
1F
100
AcDbEntity
  8
0
  6
Continuous
 62
     7
370
    25
100
AcDbLine
 10
2.5084566929
 20
1.0389566925
 30
0.0
 11
2.5084566929
 21
1.0539566925
 31
0.0
  0
LINE
  5
14E4
330
1F
100
AcDbEntity
  8
0
  6
Continuous
 62
     7
370
    25
100
AcDbLine
 10
2.4334566929
 20
1.0539566928
 30
0.0
 11
2.5084566929
 21
1.0539566925
 31
0.0
  0
LINE
  5
14E5
330
1F
100
AcDbEntity
  8
0
  6
Continuous
 62
     7
370
    25
100
AcDbLine
 10
2.4414566929
 20
1.0889566923
 30
0.0
 11
2.4414566929
 21
1.0539566925
 31
0.0
  0
LINE
  5
14E6
330
1F
100
AcDbEntity
  8
0
  6
Continuous
 62
     7
370
    25
100
AcDbLine
 10
2.5084566929
 20
1.0889566923
 30
0.0
 11
2.4334566929
 21
1.0889566928
 31
0.0
  0
LINE
  5
14E7
330
1F
100
AcDbEntity
  8
0
  6
Continuous
 62
     7
370
    25
100
AcDbLine
 10
2.5084566929
 20
1.0889566923
 30
0.0
 11
2.5084566929
 21
1.1039566922
 31
0.0
  0
LINE
  5
14E8
330
1F
100
AcDbEntity
  8
0
  6
Continuous
 62
     7
370
    25
100
AcDbLine
 10
2.4334566929
 20
1.1039566933
 30
0.0
 11
2.5084566929
 21
1.1039566922
 31
0.0
  0
LINE
  5
14E9
330
1F
100
AcDbEntity
  8
0
  6
Continuous
 62
     7
370
    25
100
AcDbLine
 10
2.4414566929
 20
1.138956692
 30
0.0
 11
2.4414566929
 21
1.1039566922
 31
0.0
  0
LINE
  5
14EA
330
1F
100
AcDbEntity
  8
0
  6
Continuous
 62
     7
370
    25
100
AcDbLine
 10
2.5084566929
 20
1.138956692
 30
0.0
 11
2.4334566929
 21
1.1389566932
 31
0.0
  0
LINE
  5
14EB
330
1F
100
AcDbEntity
  8
0
  6
Continuous
 62
     7
370
    25
100
AcDbLine
 10
2.5084566929
 20
1.138956692
 30
0.0
 11
2.5084566929
 21
1.1539566919
 31
0.0
  0
LINE
  5
14EC
330
1F
100
AcDbEntity
  8
0
  6
Continuous
 62
     7
370
    25
100
AcDbLine
 10
2.4334566929
 20
1.1539566929
 30
0.0
 11
2.5084566929
 21
1.1539566919
 31
0.0
  0
LINE
  5
14ED
330
1F
100
AcDbEntity
  8
0
  6
Continuous
 62
     7
370
    25
100
AcDbLine
 10
2.4414566929
 20
1.1889566939
 30
0.0
 11
2.4414566929
 21
1.1539566919
 31
0.0
  0
LINE
  5
14EE
330
1F
100
AcDbEntity
  8
0
  6
Continuous
 62
     7
370
    25
100
AcDbLine
 10
2.5084566929
 20
1.1889566939
 30
0.0
 11
2.4334566929
 21
1.1889566928
 31
0.0
  0
LINE
  5
14EF
330
1F
100
AcDbEntity
  8
0
  6
Continuous
 62
     7
370
    25
100
AcDbLine
 10
2.5084566929
 20
1.1889566939
 30
0.0
 11
2.5084566929
 21
1.2039566938
 31
0.0
  0
LINE
  5
14F0
330
1F
100
AcDbEntity
  8
0
  6
Continuous
 62
     7
370
    25
100
AcDbLine
 10
2.4334566929
 20
1.2039566933
 30
0.0
 11
2.5084566929
 21
1.2039566938
 31
0.0
  0
LINE
  5
14F1
330
1F
100
AcDbEntity
  8
0
  6
Continuous
 62
     7
370
    25
100
AcDbLine
 10
2.4414566929
 20
1.2389566936
 30
0.0
 11
2.4414566929
 21
1.2039566938
 31
0.0
  0
LINE
  5
14F2
330
1F
100
AcDbEntity
  8
0
  6
Continuous
 62
     7
370
    25
100
AcDbLine
 10
2.5084566929
 20
1.2389566936
 30
0.0
 11
2.4334566929
 21
1.2389566933
 31
0.0
  0
LINE
  5
14F3
330
1F
100
AcDbEntity
  8
0
  6
Continuous
 62
     7
370
    25
100
AcDbLine
 10
2.5084566929
 20
1.2389566936
 30
0.0
 11
2.5084566929
 21
1.2539566935
 31
0.0
  0
LINE
  5
14F4
330
1F
100
AcDbEntity
  8
0
  6
Continuous
 62
     7
370
    25
100
AcDbLine
 10
2.4334566929
 20
1.2539566929
 30
0.0
 11
2.5084566929
 21
1.2539566935
 31
0.0
  0
LINE
  5
14F5
330
1F
100
AcDbEntity
  8
0
  6
Continuous
 62
     7
370
    25
100
AcDbLine
 10
2.4414566929
 20
1.2889566933
 30
0.0
 11
2.4414566929
 21
1.2539566935
 31
0.0
  0
LINE
  5
14F6
330
1F
100
AcDbEntity
  8
0
  6
Continuous
 62
     7
370
    25
100
AcDbLine
 10
2.5084566929
 20
1.2889566933
 30
0.0
 11
2.4334566929
 21
1.2889566929
 31
0.0
  0
LINE
  5
14F7
330
1F
100
AcDbEntity
  8
0
  6
Continuous
 62
     7
370
    25
100
AcDbLine
 10
2.5084566929
 20
1.2889566933
 30
0.0
 11
2.5084566929
 21
1.3039566933
 31
0.0
  0
LINE
  5
14F8
330
1F
100
AcDbEntity
  8
0
  6
Continuous
 62
     7
370
    25
100
AcDbLine
 10
2.4334566929
 20
1.3039566933
 30
0.0
 11
2.5084566929
 21
1.3039566933
 31
0.0
  0
LINE
  5
14F9
330
1F
100
AcDbEntity
  8
0
  6
Continuous
 62
     7
370
    25
100
AcDbLine
 10
2.4414566929
 20
1.3389566931
 30
0.0
 11
2.4414566929
 21
1.3039566933
 31
0.0
  0
LINE
  5
14FA
330
1F
100
AcDbEntity
  8
0
  6
Continuous
 62
     7
370
    25
100
AcDbLine
 10
2.5084566929
 20
1.3389566931
 30
0.0
 11
2.4334566929
 21
1.3389566933
 31
0.0
  0
LINE
  5
14FB
330
1F
100
AcDbEntity
  8
0
  6
Continuous
 62
     7
370
    25
100
AcDbLine
 10
2.5084566929
 20
1.3389566931
 30
0.0
 11
2.5084566929
 21
1.353956693
 31
0.0
  0
LINE
  5
14FC
330
1F
100
AcDbEntity
  8
0
  6
Continuous
 62
     7
370
    25
100
AcDbLine
 10
2.4334566929
 20
1.3539566929
 30
0.0
 11
2.5084566929
 21
1.353956693
 31
0.0
  0
LINE
  5
14FD
330
1F
100
AcDbEntity
  8
0
  6
Continuous
 62
     7
370
    25
100
AcDbLine
 10
2.4414566929
 20
1.3889566928
 30
0.0
 11
2.4414566929
 21
1.353956693
 31
0.0
  0
LINE
  5
14FE
330
1F
100
AcDbEntity
  8
0
  6
Continuous
 62
     7
370
    25
100
AcDbLine
 10
2.5084566929
 20
1.3889566928
 30
0.0
 11
2.4334566929
 21
1.3889566929
 31
0.0
  0
LINE
  5
14FF
330
1F
100
AcDbEntity
  8
0
  6
Continuous
 62
     7
370
    25
100
AcDbLine
 10
2.5084566929
 20
1.3889566928
 30
0.0
 11
2.5084566929
 21
1.4039566927
 31
0.0
  0
LINE
  5
1500
330
1F
100
AcDbEntity
  8
0
  6
Continuous
 62
     7
370
    25
100
AcDbLine
 10
2.4334566929
 20
1.4039566925
 30
0.0
 11
2.5084566929
 21
1.4039566927
 31
0.0
  0
LINE
  5
1501
330
1F
100
AcDbEntity
  8
0
  6
Continuous
 62
     7
370
    25
100
AcDbLine
 10
2.4414566929
 20
1.4389566925
 30
0.0
 11
2.4414566929
 21
1.4039566927
 31
0.0
  0
LINE
  5
1502
330
1F
100
AcDbEntity
  8
0
  6
Continuous
 62
     7
370
    25
100
AcDbLine
 10
2.5084566929
 20
1.4389566925
 30
0.0
 11
2.4334566929
 21
1.4389566933
 31
0.0
  0
LINE
  5
1503
330
1F
100
AcDbEntity
  8
0
  6
Continuous
 62
     7
370
    25
100
AcDbLine
 10
2.5084566929
 20
1.4389566925
 30
0.0
 11
2.5084566929
 21
1.4539566925
 31
0.0
  0
LINE
  5
1504
330
1F
100
AcDbEntity
  8
0
  6
Continuous
 62
     7
370
    25
100
AcDbLine
 10
2.4334566929
 20
1.4539566929
 30
0.0
 11
2.5084566929
 21
1.4539566925
 31
0.0
  0
LINE
  5
1505
330
1F
100
AcDbEntity
  8
0
  6
Continuous
 62
     7
370
    25
100
AcDbLine
 10
2.4414566929
 20
1.4889566923
 30
0.0
 11
2.4414566929
 21
1.4539566925
 31
0.0
  0
LINE
  5
1506
330
1F
100
AcDbEntity
  8
0
  6
Continuous
 62
     7
370
    25
100
AcDbLine
 10
2.5084566929
 20
1.4889566923
 30
0.0
 11
2.4334566929
 21
1.4889566929
 31
0.0
  0
LINE
  5
1507
330
1F
100
AcDbEntity
  8
0
  6
Continuous
 62
     7
370
    25
100
AcDbLine
 10
2.5084566929
 20
1.4889566923
 30
0.0
 11
2.5084566929
 21
1.5039566922
 31
0.0
  0
LINE
  5
1508
330
1F
100
AcDbEntity
  8
0
  6
Continuous
 62
     7
370
    25
100
AcDbLine
 10
2.4334566929
 20
1.5039566925
 30
0.0
 11
2.5084566929
 21
1.5039566922
 31
0.0
  0
LINE
  5
1509
330
1F
100
AcDbEntity
  8
0
  6
Continuous
 62
     7
370
    25
100
AcDbLine
 10
2.4414566929
 20
1.538956692
 30
0.0
 11
2.4414566929
 21
1.5039566922
 31
0.0
  0
LINE
  5
150A
330
1F
100
AcDbEntity
  8
0
  6
Continuous
 62
     7
370
    25
100
AcDbLine
 10
2.5084566929
 20
1.538956692
 30
0.0
 11
2.4334566929
 21
1.5389566925
 31
0.0
  0
LINE
  5
150B
330
1F
100
AcDbEntity
  8
0
  6
Continuous
 62
     7
370
    25
100
AcDbLine
 10
2.5084566929
 20
1.538956692
 30
0.0
 11
2.5084566929
 21
1.5539566919
 31
0.0
  0
LINE
  5
150C
330
1F
100
AcDbEntity
  8
0
  6
Continuous
 62
     7
370
    25
100
AcDbLine
 10
2.4334566929
 20
1.553956693
 30
0.0
 11
2.5084566929
 21
1.5539566919
 31
0.0
  0
LINE
  5
150D
330
1F
100
AcDbEntity
  8
0
  6
Continuous
 62
     7
370
    25
100
AcDbLine
 10
2.4414566929
 20
1.5889566939
 30
0.0
 11
2.4414566929
 21
1.5539566919
 31
0.0
  0
LINE
  5
150E
330
1F
100
AcDbEntity
  8
0
  6
Continuous
 62
     7
370
    25
100
AcDbLine
 10
2.5084566929
 20
1.5889566939
 30
0.0
 11
2.4334566929
 21
1.5889566929
 31
0.0
  0
LINE
  5
150F
330
1F
100
AcDbEntity
  8
0
  6
Continuous
 62
     7
370
    25
100
AcDbLine
 10
2.5084566929
 20
1.5889566939
 30
0.0
 11
2.5084566929
 21
1.6039566938
 31
0.0
  0
LINE
  5
1510
330
1F
100
AcDbEntity
  8
0
  6
Continuous
 62
     7
370
    25
100
AcDbLine
 10
2.4334566929
 20
1.6039566926
 30
0.0
 11
2.5084566929
 21
1.6039566938
 31
0.0
  0
LINE
  5
1511
330
1F
100
AcDbEntity
  8
0
  6
Continuous
 62
     7
370
    25
100
AcDbLine
 10
2.4414566929
 20
1.6389566936
 30
0.0
 11
2.4414566929
 21
1.6039566938
 31
0.0
  0
LINE
  5
1512
330
1F
100
AcDbEntity
  8
0
  6
Continuous
 62
     7
370
    25
100
AcDbLine
 10
2.5084566929
 20
1.6389566936
 30
0.0
 11
2.4334566929
 21
1.6389566925
 31
0.0
  0
LINE
  5
1513
330
1F
100
AcDbEntity
  8
0
  6
Continuous
 62
     7
370
    25
100
AcDbLine
 10
2.5084566929
 20
1.6389566936
 30
0.0
 11
2.5084566929
 21
1.6539566935
 31
0.0
  0
LINE
  5
1514
330
1F
100
AcDbEntity
  8
0
  6
Continuous
 62
     7
370
    25
100
AcDbLine
 10
2.4334566929
 20
1.653956693
 30
0.0
 11
2.5084566929
 21
1.6539566935
 31
0.0
  0
LINE
  5
1515
330
1F
100
AcDbEntity
  8
0
  6
Continuous
 62
     7
370
    25
100
AcDbLine
 10
2.4414566929
 20
1.6889566934
 30
0.0
 11
2.4414566929
 21
1.6539566935
 31
0.0
  0
LINE
  5
1516
330
1F
100
AcDbEntity
  8
0
  6
Continuous
 62
     7
370
    25
100
AcDbLine
 10
2.5084566929
 20
1.6889566934
 30
0.0
 11
2.4334566929
 21
1.688956693
 31
0.0
  0
LINE
  5
1517
330
1F
100
AcDbEntity
  8
0
  6
Continuous
 62
     7
370
    25
100
AcDbLine
 10
2.5084566929
 20
1.6889566934
 30
0.0
 11
2.5084566929
 21
1.7039566933
 31
0.0
  0
LINE
  5
1518
330
1F
100
AcDbEntity
  8
0
  6
Continuous
 62
     7
370
    25
100
AcDbLine
 10
2.4334566929
 20
1.7039566926
 30
0.0
 11
2.5084566929
 21
1.7039566933
 31
0.0
  0
LINE
  5
1519
330
1F
100
AcDbEntity
  8
0
  6
Continuous
 62
     7
370
    25
100
AcDbLine
 10
2.4414566929
 20
1.7389566931
 30
0.0
 11
2.4414566929
 21
1.7039566933
 31
0.0
  0
LINE
  5
151A
330
1F
100
AcDbEntity
  8
0
  6
Continuous
 62
     7
370
    25
100
AcDbLine
 10
2.5084566929
 20
1.7389566931
 30
0.0
 11
2.4334566929
 21
1.7389566926
 31
0.0
  0
LINE
  5
151B
330
1F
100
AcDbEntity
  8
0
  6
Continuous
 62
     7
370
    25
100
AcDbLine
 10
2.5084566929
 20
1.7389566931
 30
0.0
 11
2.5084566929
 21
1.753956693
 31
0.0
  0
LINE
  5
151C
330
1F
100
AcDbEntity
  8
0
  6
Continuous
 62
     7
370
    25
100
AcDbLine
 10
2.4334566929
 20
1.753956693
 30
0.0
 11
2.5084566929
 21
1.753956693
 31
0.0
  0
LINE
  5
151D
330
1F
100
AcDbEntity
  8
0
  6
Continuous
 62
     7
370
    25
100
AcDbLine
 10
2.4414566929
 20
1.7889566928
 30
0.0
 11
2.4414566929
 21
1.753956693
 31
0.0
  0
LINE
  5
151E
330
1F
100
AcDbEntity
  8
0
  6
Continuous
 62
     7
370
    25
100
AcDbLine
 10
2.5084566929
 20
1.7889566928
 30
0.0
 11
2.4334566929
 21
1.788956693
 31
0.0
  0
LINE
  5
151F
330
1F
100
AcDbEntity
  8
0
  6
Continuous
 62
     7
370
    25
100
AcDbLine
 10
2.5084566929
 20
1.7889566928
 30
0.0
 11
2.5084566929
 21
1.8039566927
 31
0.0
  0
LINE
  5
1520
330
1F
100
AcDbEntity
  8
0
  6
Continuous
 62
     7
370
    25
100
AcDbLine
 10
2.4334566929
 20
1.8039566926
 30
0.0
 11
2.5084566929
 21
1.8039566927
 31
0.0
  0
LINE
  5
1521
330
1F
100
AcDbEntity
  8
0
  6
Continuous
 62
     7
370
    25
100
AcDbLine
 10
2.4414566929
 20
1.8389566926
 30
0.0
 11
2.4414566929
 21
1.8039566927
 31
0.0
  0
LINE
  5
1522
330
1F
100
AcDbEntity
  8
0
  6
Continuous
 62
     7
370
    25
100
AcDbLine
 10
2.5084566929
 20
1.8389566926
 30
0.0
 11
2.4334566929
 21
1.8389566926
 31
0.0
  0
LINE
  5
1523
330
1F
100
AcDbEntity
  8
0
  6
Continuous
 62
     7
370
    25
100
AcDbLine
 10
2.5084566929
 20
1.8389566926
 30
0.0
 11
2.5084566929
 21
1.8539566925
 31
0.0
  0
LINE
  5
1524
330
1F
100
AcDbEntity
  8
0
  6
Continuous
 62
     7
370
    25
100
AcDbLine
 10
2.4334566929
 20
1.8539566931
 30
0.0
 11
2.5084566929
 21
1.8539566925
 31
0.0
  0
LINE
  5
1525
330
1F
100
AcDbEntity
  8
0
  6
Continuous
 62
     7
370
    25
100
AcDbLine
 10
2.4414566929
 20
1.8889566923
 30
0.0
 11
2.4414566929
 21
1.8539566925
 31
0.0
  0
LINE
  5
1526
330
1F
100
AcDbEntity
  8
0
  6
Continuous
 62
     7
370
    25
100
AcDbLine
 10
2.5084566929
 20
1.8889566923
 30
0.0
 11
2.4334566929
 21
1.888956693
 31
0.0
  0
LINE
  5
1527
330
1F
100
AcDbEntity
  8
0
  6
Continuous
 62
     7
370
    25
100
AcDbLine
 10
2.5084566929
 20
1.8889566923
 30
0.0
 11
2.5084566929
 21
1.9039566922
 31
0.0
  0
LINE
  5
1528
330
1F
100
AcDbEntity
  8
0
  6
Continuous
 62
     7
370
    25
100
AcDbLine
 10
2.4334566929
 20
1.9039566926
 30
0.0
 11
2.5084566929
 21
1.9039566922
 31
0.0
  0
LINE
  5
1529
330
1F
100
AcDbEntity
  8
0
  6
Continuous
 62
     7
370
    25
100
AcDbLine
 10
2.4414566929
 20
1.938956692
 30
0.0
 11
2.4414566929
 21
1.9039566922
 31
0.0
  0
LINE
  5
152A
330
1F
100
AcDbEntity
  8
0
  6
Continuous
 62
     7
370
    25
100
AcDbLine
 10
2.5084566929
 20
1.938956692
 30
0.0
 11
2.4334566929
 21
1.9389566926
 31
0.0
  0
LINE
  5
152B
330
1F
100
AcDbEntity
  8
0
  6
Continuous
 62
     7
370
    25
100
AcDbLine
 10
2.5084566929
 20
1.938956692
 30
0.0
 11
2.5084566929
 21
1.953956692
 31
0.0
  0
LINE
  5
152C
330
1F
100
AcDbEntity
  8
0
  6
Continuous
 62
     7
370
    25
100
AcDbLine
 10
2.4334566929
 20
1.9539566931
 30
0.0
 11
2.5084566929
 21
1.953956692
 31
0.0
  0
LINE
  5
152D
330
1F
100
AcDbEntity
  8
0
  6
Continuous
 62
     7
370
    25
100
AcDbLine
 10
2.4414566929
 20
1.9889566939
 30
0.0
 11
2.4414566929
 21
1.953956692
 31
0.0
  0
LINE
  5
152E
330
1F
100
AcDbEntity
  8
0
  6
Continuous
 62
     7
370
    25
100
AcDbLine
 10
2.5084566929
 20
1.9889566939
 30
0.0
 11
2.4334566929
 21
1.9889566931
 31
0.0
  0
LINE
  5
152F
330
1F
100
AcDbEntity
  8
0
  6
Continuous
 62
     7
370
    25
100
AcDbLine
 10
2.5084566929
 20
1.9889566939
 30
0.0
 11
2.5084566929
 21
2.0039566938
 31
0.0
  0
LINE
  5
1530
330
1F
100
AcDbEntity
  8
0
  6
Continuous
 62
     7
370
    25
100
AcDbLine
 10
2.4334566929
 20
2.0039566927
 30
0.0
 11
2.5084566929
 21
2.0039566938
 31
0.0
  0
LINE
  5
1531
330
1F
100
AcDbEntity
  8
0
  6
Continuous
 62
     7
370
    25
100
AcDbLine
 10
2.4414566929
 20
2.0389566936
 30
0.0
 11
2.4414566929
 21
2.0039566938
 31
0.0
  0
LINE
  5
1532
330
1F
100
AcDbEntity
  8
0
  6
Continuous
 62
     7
370
    25
100
AcDbLine
 10
2.5084566929
 20
2.0389566936
 30
0.0
 11
2.4334566929
 21
2.0389566926
 31
0.0
  0
LINE
  5
1533
330
1F
100
AcDbEntity
  8
0
  6
Continuous
 62
     7
370
    25
100
AcDbLine
 10
2.5084566929
 20
2.0389566936
 30
0.0
 11
2.5084566929
 21
2.0539566936
 31
0.0
  0
LINE
  5
1534
330
1F
100
AcDbEntity
  8
0
  6
Continuous
 62
     7
370
    25
100
AcDbLine
 10
2.4334566929
 20
2.0539566931
 30
0.0
 11
2.5084566929
 21
2.0539566936
 31
0.0
  0
LINE
  5
1535
330
1F
100
AcDbEntity
  8
0
  6
Continuous
 62
     7
370
    25
100
AcDbLine
 10
2.4414566929
 20
2.0889566934
 30
0.0
 11
2.4414566929
 21
2.0539566936
 31
0.0
  0
LINE
  5
1536
330
1F
100
AcDbEntity
  8
0
  6
Continuous
 62
     7
370
    25
100
AcDbLine
 10
2.5084566929
 20
2.0889566934
 30
0.0
 11
2.4334566929
 21
2.0889566931
 31
0.0
  0
LINE
  5
1537
330
1F
100
AcDbEntity
  8
0
  6
Continuous
 62
     7
370
    25
100
AcDbLine
 10
2.5084566929
 20
2.0889566934
 30
0.0
 11
2.5084566929
 21
2.1039566933
 31
0.0
  0
LINE
  5
1538
330
1F
100
AcDbEntity
  8
0
  6
Continuous
 62
     7
370
    25
100
AcDbLine
 10
2.4334566929
 20
2.1039566927
 30
0.0
 11
2.5084566929
 21
2.1039566933
 31
0.0
  0
LINE
  5
1539
330
1F
100
AcDbEntity
  8
0
  6
Continuous
 62
     7
370
    25
100
AcDbLine
 10
2.4414566929
 20
2.1389566931
 30
0.0
 11
2.4414566929
 21
2.1039566933
 31
0.0
  0
LINE
  5
153A
330
1F
100
AcDbEntity
  8
0
  6
Continuous
 62
     7
370
    25
100
AcDbLine
 10
2.5084566929
 20
2.1389566931
 30
0.0
 11
2.4334566929
 21
2.1389566927
 31
0.0
  0
LINE
  5
153B
330
1F
100
AcDbEntity
  8
0
  6
Continuous
 62
     7
370
    25
100
AcDbLine
 10
2.5084566929
 20
2.1389566931
 30
0.0
 11
2.5084566929
 21
2.153956693
 31
0.0
  0
LINE
  5
153C
330
1F
100
AcDbEntity
  8
0
  6
Continuous
 62
     7
370
    25
100
AcDbLine
 10
2.4334566929
 20
2.1539566932
 30
0.0
 11
2.5084566929
 21
2.153956693
 31
0.0
  0
LINE
  5
153D
330
1F
100
AcDbEntity
  8
0
  6
Continuous
 62
     7
370
    25
100
AcDbLine
 10
2.4414566929
 20
2.1889566928
 30
0.0
 11
2.4414566929
 21
2.153956693
 31
0.0
  0
LINE
  5
153E
330
1F
100
AcDbEntity
  8
0
  6
Continuous
 62
     7
370
    25
100
AcDbLine
 10
2.5084566929
 20
2.1889566928
 30
0.0
 11
2.4334566929
 21
2.1889566931
 31
0.0
  0
LINE
  5
153F
330
1F
100
AcDbEntity
  8
0
  6
Continuous
 62
     7
370
    25
100
AcDbLine
 10
2.5084566929
 20
2.1889566928
 30
0.0
 11
2.5084566929
 21
2.2039566928
 31
0.0
  0
LINE
  5
1540
330
1F
100
AcDbEntity
  8
0
  6
Continuous
 62
     7
370
    25
100
AcDbLine
 10
2.4334566929
 20
2.2039566927
 30
0.0
 11
2.5084566929
 21
2.2039566928
 31
0.0
  0
LINE
  5
1541
330
1F
100
AcDbEntity
  8
0
  6
Continuous
 62
     7
370
    25
100
AcDbLine
 10
2.4414566929
 20
2.2389566926
 30
0.0
 11
2.4414566929
 21
2.2039566928
 31
0.0
  0
LINE
  5
1542
330
1F
100
AcDbEntity
  8
0
  6
Continuous
 62
     7
370
    25
100
AcDbLine
 10
2.5084566929
 20
2.2389566926
 30
0.0
 11
2.4334566929
 21
2.2389566927
 31
0.0
  0
LINE
  5
1543
330
1F
100
AcDbEntity
  8
0
  6
Continuous
 62
     7
370
    25
100
AcDbLine
 10
2.5084566929
 20
2.2389566926
 30
0.0
 11
2.5084566929
 21
2.2539566925
 31
0.0
  0
LINE
  5
1544
330
1F
100
AcDbEntity
  8
0
  6
Continuous
 62
     7
370
    25
100
AcDbLine
 10
2.4334566929
 20
2.2539566932
 30
0.0
 11
2.5084566929
 21
2.2539566925
 31
0.0
  0
LINE
  5
1545
330
1F
100
AcDbEntity
  8
0
  6
Continuous
 62
     7
370
    25
100
AcDbLine
 10
2.4414566929
 20
2.2889566923
 30
0.0
 11
2.4414566929
 21
2.2539566925
 31
0.0
  0
LINE
  5
1546
330
1F
100
AcDbEntity
  8
0
  6
Continuous
 62
     7
370
    25
100
AcDbLine
 10
2.5084566929
 20
2.2889566923
 30
0.0
 11
2.4334566929
 21
2.2889566932
 31
0.0
  0
LINE
  5
1547
330
1F
100
AcDbEntity
  8
0
  6
Continuous
 62
     7
370
    25
100
AcDbLine
 10
2.5084566929
 20
2.2889566923
 30
0.0
 11
2.5084566929
 21
2.3039566922
 31
0.0
  0
LINE
  5
1548
330
1F
100
AcDbEntity
  8
0
  6
Continuous
 62
     7
370
    25
100
AcDbLine
 10
2.4334566929
 20
2.3039566928
 30
0.0
 11
2.5084566929
 21
2.3039566922
 31
0.0
  0
LINE
  5
1549
330
1F
100
AcDbEntity
  8
0
  6
Continuous
 62
     7
370
    25
100
AcDbLine
 10
2.4414566929
 20
2.338956692
 30
0.0
 11
2.4414566929
 21
2.3039566922
 31
0.0
  0
LINE
  5
154A
330
1F
100
AcDbEntity
  8
0
  6
Continuous
 62
     7
370
    25
100
AcDbLine
 10
2.5084566929
 20
2.338956692
 30
0.0
 11
2.4334566929
 21
2.3389566927
 31
0.0
  0
LINE
  5
154B
330
1F
100
AcDbEntity
  8
0
  6
Continuous
 62
     7
370
    25
100
AcDbLine
 10
2.5084566929
 20
2.338956692
 30
0.0
 11
2.5084566929
 21
2.353956692
 31
0.0
  0
LINE
  5
154C
330
1F
100
AcDbEntity
  8
0
  6
Continuous
 62
     7
370
    25
100
AcDbLine
 10
2.4334566929
 20
2.3539566932
 30
0.0
 11
2.5084566929
 21
2.353956692
 31
0.0
  0
LINE
  5
154D
330
1F
100
AcDbEntity
  8
0
  6
Continuous
 62
     7
370
    25
100
AcDbLine
 10
2.4414566929
 20
2.3889566939
 30
0.0
 11
2.4414566929
 21
2.353956692
 31
0.0
  0
LINE
  5
154E
330
1F
100
AcDbEntity
  8
0
  6
Continuous
 62
     7
370
    25
100
AcDbLine
 10
2.5084566929
 20
2.3889566939
 30
0.0
 11
2.4334566929
 21
2.3889566932
 31
0.0
  0
LINE
  5
154F
330
1F
100
AcDbEntity
  8
0
  6
Continuous
 62
     7
370
    25
100
AcDbLine
 10
2.5084566929
 20
2.3889566939
 30
0.0
 11
2.5084566929
 21
2.4039566938
 31
0.0
  0
LINE
  5
1550
330
1F
100
AcDbEntity
  8
0
  6
Continuous
 62
     7
370
    25
100
AcDbLine
 10
2.4334566929
 20
2.4039566928
 30
0.0
 11
2.5084566929
 21
2.4039566938
 31
0.0
  0
LINE
  5
1551
330
1F
100
AcDbEntity
  8
0
  6
Continuous
 62
     7
370
    25
100
AcDbLine
 10
2.4414566929
 20
2.4389566937
 30
0.0
 11
2.4414566929
 21
2.4039566938
 31
0.0
  0
LINE
  5
1552
330
1F
100
AcDbEntity
  8
0
  6
Continuous
 62
     7
370
    25
100
AcDbLine
 10
2.5084566929
 20
2.4389566937
 30
0.0
 11
2.4334566929
 21
2.4389566928
 31
0.0
  0
LINE
  5
1553
330
1F
100
AcDbEntity
  8
0
  6
Continuous
 62
     7
370
    25
100
AcDbLine
 10
2.5084566929
 20
2.4389566937
 30
0.0
 11
2.5084566929
 21
2.4539566936
 31
0.0
  0
LINE
  5
1554
330
1F
100
AcDbEntity
  8
0
  6
Continuous
 62
     7
370
    25
100
AcDbLine
 10
2.4334566929
 20
2.4539566932
 30
0.0
 11
2.5084566929
 21
2.4539566936
 31
0.0
  0
LINE
  5
1555
330
1F
100
AcDbEntity
  8
0
  6
Continuous
 62
     7
370
    25
100
AcDbLine
 10
2.4414566929
 20
2.4889566934
 30
0.0
 11
2.4414566929
 21
2.4539566936
 31
0.0
  0
LINE
  5
1556
330
1F
100
AcDbEntity
  8
0
  6
Continuous
 62
     7
370
    25
100
AcDbLine
 10
2.5084566929
 20
2.4889566934
 30
0.0
 11
2.4334566929
 21
2.4889566932
 31
0.0
  0
LINE
  5
1557
330
1F
100
AcDbEntity
  8
0
  6
Continuous
 62
     7
370
    25
100
AcDbLine
 10
2.5084566929
 20
2.4889566934
 30
0.0
 11
2.5084566929
 21
2.5039566933
 31
0.0
  0
LINE
  5
1558
330
1F
100
AcDbEntity
  8
0
  6
Continuous
 62
     7
370
    25
100
AcDbLine
 10
2.4334566929
 20
2.5039566928
 30
0.0
 11
2.5084566929
 21
2.5039566933
 31
0.0
  0
LINE
  5
1559
330
1F
100
AcDbEntity
  8
0
  6
Continuous
 62
     7
370
    25
100
AcDbLine
 10
2.4414566929
 20
2.5389566931
 30
0.0
 11
2.4414566929
 21
2.5039566933
 31
0.0
  0
LINE
  5
155A
330
1F
100
AcDbEntity
  8
0
  6
Continuous
 62
     7
370
    25
100
AcDbLine
 10
2.5084566929
 20
2.5389566931
 30
0.0
 11
2.4334566929
 21
2.5389566928
 31
0.0
  0
LINE
  5
155B
330
1F
100
AcDbEntity
  8
0
  6
Continuous
 62
     7
370
    25
100
AcDbLine
 10
2.5084566929
 20
2.5389566931
 30
0.0
 11
2.5084566929
 21
2.553956693
 31
0.0
  0
LINE
  5
155C
330
1F
100
AcDbEntity
  8
0
  6
Continuous
 62
     7
370
    25
100
AcDbLine
 10
2.4334566929
 20
2.5539566933
 30
0.0
 11
2.5084566929
 21
2.553956693
 31
0.0
  0
LINE
  5
155D
330
1F
100
AcDbEntity
  8
0
  6
Continuous
 62
     7
370
    25
100
AcDbLine
 10
2.4414566929
 20
2.5889566929
 30
0.0
 11
2.4414566929
 21
2.553956693
 31
0.0
  0
LINE
  5
155E
330
1F
100
AcDbEntity
  8
0
  6
Continuous
 62
     7
370
    25
100
AcDbLine
 10
2.5084566929
 20
2.5889566929
 30
0.0
 11
2.4334566929
 21
2.5889566932
 31
0.0
  0
LINE
  5
155F
330
1F
100
AcDbEntity
  8
0
  6
Continuous
 62
     7
370
    25
100
AcDbLine
 10
2.5084566929
 20
2.5889566929
 30
0.0
 11
2.5084566929
 21
2.6039566928
 31
0.0
  0
LINE
  5
1560
330
1F
100
AcDbEntity
  8
0
  6
Continuous
 62
     7
370
    25
100
AcDbLine
 10
2.4334566929
 20
2.6039566929
 30
0.0
 11
2.5084566929
 21
2.6039566928
 31
0.0
  0
LINE
  5
1561
330
1F
100
AcDbEntity
  8
0
  6
Continuous
 62
     7
370
    25
100
AcDbLine
 10
2.4414566929
 20
2.6389566926
 30
0.0
 11
2.4414566929
 21
2.6039566928
 31
0.0
  0
LINE
  5
1562
330
1F
100
AcDbEntity
  8
0
  6
Continuous
 62
     7
370
    25
100
AcDbLine
 10
2.5084566929
 20
2.6389566926
 30
0.0
 11
2.4334566929
 21
2.6389566928
 31
0.0
  0
LINE
  5
1563
330
1F
100
AcDbEntity
  8
0
  6
Continuous
 62
     7
370
    25
100
AcDbLine
 10
2.5084566929
 20
2.6389566926
 30
0.0
 11
2.5084566929
 21
2.6539566925
 31
0.0
  0
LINE
  5
1564
330
1F
100
AcDbEntity
  8
0
  6
Continuous
 62
     7
370
    25
100
AcDbLine
 10
2.4334566929
 20
2.6539566933
 30
0.0
 11
2.5084566929
 21
2.6539566925
 31
0.0
  0
LINE
  5
1565
330
1F
100
AcDbEntity
  8
0
  6
Continuous
 62
     7
370
    25
100
AcDbLine
 10
2.4414566929
 20
2.6889566923
 30
0.0
 11
2.4414566929
 21
2.6539566925
 31
0.0
  0
LINE
  5
1566
330
1F
100
AcDbEntity
  8
0
  6
Continuous
 62
     7
370
    25
100
AcDbLine
 10
2.5084566929
 20
2.6889566923
 30
0.0
 11
2.4334566929
 21
2.6889566933
 31
0.0
  0
LINE
  5
1567
330
1F
100
AcDbEntity
  8
0
  6
Continuous
 62
     7
370
    25
100
AcDbLine
 10
2.5084566929
 20
2.6889566923
 30
0.0
 11
2.5084566929
 21
2.7039566922
 31
0.0
  0
LINE
  5
1568
330
1F
100
AcDbEntity
  8
0
  6
Continuous
 62
     7
370
    25
100
AcDbLine
 10
2.4334566929
 20
2.7039566929
 30
0.0
 11
2.5084566929
 21
2.7039566922
 31
0.0
  0
LINE
  5
1569
330
1F
100
AcDbEntity
  8
0
  6
Continuous
 62
     7
370
    25
100
AcDbLine
 10
2.4414566929
 20
2.7389566921
 30
0.0
 11
2.4414566929
 21
2.7039566922
 31
0.0
  0
LINE
  5
156A
330
1F
100
AcDbEntity
  8
0
  6
Continuous
 62
     7
370
    25
100
AcDbLine
 10
2.5084566929
 20
2.7389566921
 30
0.0
 11
2.4334566929
 21
2.7389566929
 31
0.0
  0
LINE
  5
156B
330
1F
100
AcDbEntity
  8
0
  6
Continuous
 62
     7
370
    25
100
AcDbLine
 10
2.5084566929
 20
2.7389566921
 30
0.0
 11
2.5084566929
 21
2.753956692
 31
0.0
  0
LINE
  5
156C
330
1F
100
AcDbEntity
  8
0
  6
Continuous
 62
     7
370
    25
100
AcDbLine
 10
2.4334566929
 20
2.7539566933
 30
0.0
 11
2.5084566929
 21
2.753956692
 31
0.0
  0
LINE
  5
156D
330
1F
100
AcDbEntity
  8
0
  6
Continuous
 62
     7
370
    25
100
AcDbLine
 10
2.4414566929
 20
2.7889566939
 30
0.0
 11
2.4414566929
 21
2.753956692
 31
0.0
  0
LINE
  5
156E
330
1F
100
AcDbEntity
  8
0
  6
Continuous
 62
     7
370
    25
100
AcDbLine
 10
2.5084566929
 20
2.7889566939
 30
0.0
 11
2.4334566929
 21
2.7889566933
 31
0.0
  0
LINE
  5
156F
330
1F
100
AcDbEntity
  8
0
  6
Continuous
 62
     7
370
    25
100
AcDbLine
 10
2.5084566929
 20
2.7889566939
 30
0.0
 11
2.5084566929
 21
2.8039566939
 31
0.0
  0
LINE
  5
1570
330
1F
100
AcDbEntity
  8
0
  6
Continuous
 62
     7
370
    25
100
AcDbLine
 10
2.4334566929
 20
2.8039566929
 30
0.0
 11
2.5084566929
 21
2.8039566939
 31
0.0
  0
LINE
  5
1571
330
1F
100
AcDbEntity
  8
0
  6
Continuous
 62
     7
370
    25
100
AcDbLine
 10
2.4414566929
 20
2.8714566935
 30
0.0
 11
2.4414566929
 21
2.8039566939
 31
0.0
  0
LINE
  5
1572
330
1F
100
AcDbEntity
  8
0
  6
Continuous
 62
     7
370
    25
100
AcDbLine
 10
2.5019566929
 20
2.8714566929
 30
0.0
 11
2.3009566929
 21
2.8714566929
 31
0.0
  0
LINE
  5
1573
330
1F
100
AcDbEntity
  8
0
  6
Continuous
 62
     7
370
    25
100
AcDbLine
 10
2.2764566929
 20
0.6864566929
 30
0.0
 11
2.2564566929
 21
0.6864566929
 31
0.0
  0
LINE
  5
1574
330
1F
100
AcDbEntity
  8
0
  6
Continuous
 62
     7
370
    25
100
AcDbLine
 10
2.5464566929
 20
0.7564566929
 30
0.0
 11
2.5264566929
 21
0.7564566929
 31
0.0
  0
LINE
  5
1575
330
1F
100
AcDbEntity
  8
0
  6
Continuous
 62
     7
370
    25
100
AcDbLine
 10
2.5464566929
 20
0.6864566929
 30
0.0
 11
2.5264566929
 21
0.6864566929
 31
0.0
  0
LINE
  5
1576
330
1F
100
AcDbEntity
  8
0
  6
Continuous
 62
     7
370
    25
100
AcDbLine
 10
2.2764566929
 20
3.1414699339
 30
0.0
 11
2.2564566929
 21
3.1414699339
 31
0.0
  0
LINE
  5
1577
330
1F
100
AcDbEntity
  8
0
  6
Continuous
 62
     7
370
    25
100
AcDbLine
 10
2.2564566929
 20
3.1414699341
 30
0.0
 11
2.2564566929
 21
3.1964566929
 31
0.0
  0
LINE
  5
1578
330
1F
100
AcDbEntity
  8
0
  6
Continuous
 62
     7
370
    25
100
AcDbLine
 10
2.5464566929
 20
3.1964566929
 30
0.0
 11
2.5464566929
 21
3.1414699339
 31
0.0
  0
LINE
  5
1579
330
1F
100
AcDbEntity
  8
0
  6
Continuous
 62
     7
370
    25
100
AcDbLine
 10
2.5264566929
 20
3.1414699339
 30
0.0
 11
2.5464566929
 21
3.1414699339
 31
0.0
  0
LINE
  5
157A
330
1F
100
AcDbEntity
  8
0
  6
Continuous
 62
     7
370
    25
100
AcDbLine
 10
2.5464566929
 20
-2.3035433071
 30
0.0
 11
2.5264566929
 21
-2.3035433071
 31
0.0
  0
LINE
  5
157B
330
1F
100
AcDbEntity
  8
0
  6
Continuous
 62
     7
370
    25
100
AcDbLine
 10
2.5464566929
 20
-2.3035433071
 30
0.0
 11
2.5464566929
 21
-2.3535433071
 31
0.0
  0
LINE
  5
157C
330
1F
100
AcDbEntity
  8
0
  6
Continuous
 62
     7
370
    25
100
AcDbLine
 10
2.2564566929
 20
-2.3535433071
 30
0.0
 11
2.2564566929
 21
-2.3035433071
 31
0.0
  0
LINE
  5
157D
330
1F
100
AcDbEntity
  8
0
  6
Continuous
 62
     7
370
    25
100
AcDbLine
 10
2.2764566929
 20
-2.3035433071
 30
0.0
 11
2.2564566929
 21
-2.3035433071
 31
0.0
  0
LINE
  5
157E
330
1F
100
AcDbEntity
  8
0
  6
Continuous
 62
     7
370
    25
100
AcDbLine
 10
2.4414566929
 20
0.7134566929
 30
0.0
 11
2.3614566929
 21
0.7134566929
 31
0.0
  0
LINE
  5
157F
330
1F
100
AcDbEntity
  8
0
  6
Continuous
 62
     7
370
    25
100
AcDbLine
 10
2.3614566929
 20
0.6514566929
 30
0.0
 11
2.4414566929
 21
0.6514566929
 31
0.0
  0
LINE
  5
1580
330
1F
100
AcDbEntity
  8
0
  6
Continuous
 62
     7
370
    25
100
AcDbLine
 10
2.3694566929
 20
0.6039566929
 30
0.0
 11
2.3694566929
 21
0.5889566929
 31
0.0
  0
LINE
  5
1581
330
1F
100
AcDbEntity
  8
0
  6
Continuous
 62
     7
370
    25
100
AcDbLine
 10
2.4334566929
 20
0.5889566929
 30
0.0
 11
2.4334566929
 21
0.6039566929
 31
0.0
  0
LINE
  5
1582
330
1F
100
AcDbEntity
  8
0
  6
Continuous
 62
     7
370
    25
100
AcDbLine
 10
2.4334566929
 20
0.5389566928
 30
0.0
 11
2.4334566929
 21
0.5539566929
 31
0.0
  0
LINE
  5
1583
330
1F
100
AcDbEntity
  8
0
  6
Continuous
 62
     7
370
    25
100
AcDbLine
 10
2.4334566929
 20
0.4889566933
 30
0.0
 11
2.4334566929
 21
0.5039566934
 31
0.0
  0
LINE
  5
1584
330
1F
100
AcDbEntity
  8
0
  6
Continuous
 62
     7
370
    25
100
AcDbLine
 10
2.4334566929
 20
0.4389566927
 30
0.0
 11
2.4334566929
 21
0.4539566928
 31
0.0
  0
LINE
  5
1585
330
1F
100
AcDbEntity
  8
0
  6
Continuous
 62
     7
370
    25
100
AcDbLine
 10
2.4334566929
 20
0.3889566931
 30
0.0
 11
2.4334566929
 21
0.4039566932
 31
0.0
  0
LINE
  5
1586
330
1F
100
AcDbEntity
  8
0
  6
Continuous
 62
     7
370
    25
100
AcDbLine
 10
2.4334566929
 20
0.3389566925
 30
0.0
 11
2.4334566929
 21
0.3539566926
 31
0.0
  0
LINE
  5
1587
330
1F
100
AcDbEntity
  8
0
  6
Continuous
 62
     7
370
    25
100
AcDbLine
 10
2.4334566929
 20
0.2889566929
 30
0.0
 11
2.4334566929
 21
0.303956693
 31
0.0
  0
LINE
  5
1588
330
1F
100
AcDbEntity
  8
0
  6
Continuous
 62
     7
370
    25
100
AcDbLine
 10
2.4334566929
 20
0.2389566934
 30
0.0
 11
2.4334566929
 21
0.2539566924
 31
0.0
  0
LINE
  5
1589
330
1F
100
AcDbEntity
  8
0
  6
Continuous
 62
     7
370
    25
100
AcDbLine
 10
2.4334566929
 20
0.1889566928
 30
0.0
 11
2.4334566929
 21
0.2039566928
 31
0.0
  0
LINE
  5
158A
330
1F
100
AcDbEntity
  8
0
  6
Continuous
 62
     7
370
    25
100
AcDbLine
 10
2.4334566929
 20
0.1389566932
 30
0.0
 11
2.4334566929
 21
0.1539566933
 31
0.0
  0
LINE
  5
158B
330
1F
100
AcDbEntity
  8
0
  6
Continuous
 62
     7
370
    25
100
AcDbLine
 10
2.4334566929
 20
0.0889566926
 30
0.0
 11
2.4334566929
 21
0.1039566927
 31
0.0
  0
LINE
  5
158C
330
1F
100
AcDbEntity
  8
0
  6
Continuous
 62
     7
370
    25
100
AcDbLine
 10
2.4334566929
 20
0.038956693
 30
0.0
 11
2.4334566929
 21
0.0539566931
 31
0.0
  0
LINE
  5
158D
330
1F
100
AcDbEntity
  8
0
  6
Continuous
 62
     7
370
    25
100
AcDbLine
 10
2.4334566929
 20
-0.0110433076
 30
0.0
 11
2.4334566929
 21
0.0039566925
 31
0.0
  0
LINE
  5
158E
330
1F
100
AcDbEntity
  8
0
  6
Continuous
 62
     7
370
    25
100
AcDbLine
 10
2.4334566929
 20
-0.0610433071
 30
0.0
 11
2.4334566929
 21
-0.0460433071
 31
0.0
  0
LINE
  5
158F
330
1F
100
AcDbEntity
  8
0
  6
Continuous
 62
     7
370
    25
100
AcDbLine
 10
2.4334566929
 20
-0.1110433067
 30
0.0
 11
2.4334566929
 21
-0.0960433066
 31
0.0
  0
LINE
  5
1590
330
1F
100
AcDbEntity
  8
0
  6
Continuous
 62
     7
370
    25
100
AcDbLine
 10
2.4334566929
 20
-0.1610433073
 30
0.0
 11
2.4334566929
 21
-0.1460433072
 31
0.0
  0
LINE
  5
1591
330
1F
100
AcDbEntity
  8
0
  6
Continuous
 62
     7
370
    25
100
AcDbLine
 10
2.4334566929
 20
-0.2110433069
 30
0.0
 11
2.4334566929
 21
-0.1960433068
 31
0.0
  0
LINE
  5
1592
330
1F
100
AcDbEntity
  8
0
  6
Continuous
 62
     7
370
    25
100
AcDbLine
 10
2.4334566929
 20
-0.2610433075
 30
0.0
 11
2.4334566929
 21
-0.2460433074
 31
0.0
  0
LINE
  5
1593
330
1F
100
AcDbEntity
  8
0
  6
Continuous
 62
     7
370
    25
100
AcDbLine
 10
2.4334566929
 20
-0.311043307
 30
0.0
 11
2.4334566929
 21
-0.296043307
 31
0.0
  0
LINE
  5
1594
330
1F
100
AcDbEntity
  8
0
  6
Continuous
 62
     7
370
    25
100
AcDbLine
 10
2.4334566929
 20
-0.3610433066
 30
0.0
 11
2.4334566929
 21
-0.3460433076
 31
0.0
  0
LINE
  5
1595
330
1F
100
AcDbEntity
  8
0
  6
Continuous
 62
     7
370
    25
100
AcDbLine
 10
2.4334566929
 20
-0.4110433072
 30
0.0
 11
2.4334566929
 21
-0.3960433071
 31
0.0
  0
LINE
  5
1596
330
1F
100
AcDbEntity
  8
0
  6
Continuous
 62
     7
370
    25
100
AcDbLine
 10
2.4334566929
 20
-0.4610433068
 30
0.0
 11
2.4334566929
 21
-0.4460433067
 31
0.0
  0
LINE
  5
1597
330
1F
100
AcDbEntity
  8
0
  6
Continuous
 62
     7
370
    25
100
AcDbLine
 10
2.4334566929
 20
-0.5110433074
 30
0.0
 11
2.4334566929
 21
-0.4960433073
 31
0.0
  0
LINE
  5
1598
330
1F
100
AcDbEntity
  8
0
  6
Continuous
 62
     7
370
    25
100
AcDbLine
 10
2.4334566929
 20
-0.5610433069
 30
0.0
 11
2.4334566929
 21
-0.5460433069
 31
0.0
  0
LINE
  5
1599
330
1F
100
AcDbEntity
  8
0
  6
Continuous
 62
     7
370
    25
100
AcDbLine
 10
2.4334566929
 20
-0.6110433076
 30
0.0
 11
2.4334566929
 21
-0.5960433075
 31
0.0
  0
LINE
  5
159A
330
1F
100
AcDbEntity
  8
0
  6
Continuous
 62
     7
370
    25
100
AcDbLine
 10
2.4334566929
 20
-0.6610433071
 30
0.0
 11
2.4334566929
 21
-0.646043307
 31
0.0
  0
LINE
  5
159B
330
1F
100
AcDbEntity
  8
0
  6
Continuous
 62
     7
370
    25
100
AcDbLine
 10
2.4334566929
 20
-0.7110433067
 30
0.0
 11
2.4334566929
 21
-0.6960433066
 31
0.0
  0
LINE
  5
159C
330
1F
100
AcDbEntity
  8
0
  6
Continuous
 62
     7
370
    25
100
AcDbLine
 10
2.4334566929
 20
-0.7610433073
 30
0.0
 11
2.4334566929
 21
-0.7460433072
 31
0.0
  0
LINE
  5
159D
330
1F
100
AcDbEntity
  8
0
  6
Continuous
 62
     7
370
    25
100
AcDbLine
 10
2.4334566929
 20
-0.8110433068
 30
0.0
 11
2.4334566929
 21
-0.7960433068
 31
0.0
  0
LINE
  5
159E
330
1F
100
AcDbEntity
  8
0
  6
Continuous
 62
     7
370
    25
100
AcDbLine
 10
2.4334566929
 20
-0.8610433075
 30
0.0
 11
2.4334566929
 21
-0.8460433074
 31
0.0
  0
LINE
  5
159F
330
1F
100
AcDbEntity
  8
0
  6
Continuous
 62
     7
370
    25
100
AcDbLine
 10
2.4334566929
 20
-0.911043307
 30
0.0
 11
2.4334566929
 21
-0.8960433069
 31
0.0
  0
LINE
  5
15A0
330
1F
100
AcDbEntity
  8
0
  6
Continuous
 62
     7
370
    25
100
AcDbLine
 10
2.4334566929
 20
-0.9610433066
 30
0.0
 11
2.4334566929
 21
-0.9460433076
 31
0.0
  0
LINE
  5
15A1
330
1F
100
AcDbEntity
  8
0
  6
Continuous
 62
     7
370
    25
100
AcDbLine
 10
2.4334566929
 20
-1.0110433072
 30
0.0
 11
2.4334566929
 21
-0.9960433071
 31
0.0
  0
LINE
  5
15A2
330
1F
100
AcDbEntity
  8
0
  6
Continuous
 62
     7
370
    25
100
AcDbLine
 10
2.4334566929
 20
-1.0610433068
 30
0.0
 11
2.4334566929
 21
-1.0460433067
 31
0.0
  0
LINE
  5
15A3
330
1F
100
AcDbEntity
  8
0
  6
Continuous
 62
     7
370
    25
100
AcDbLine
 10
2.4334566929
 20
-1.1110433074
 30
0.0
 11
2.4334566929
 21
-1.0960433073
 31
0.0
  0
LINE
  5
15A4
330
1F
100
AcDbEntity
  8
0
  6
Continuous
 62
     7
370
    25
100
AcDbLine
 10
2.4334566929
 20
-1.1610433069
 30
0.0
 11
2.4334566929
 21
-1.1460433068
 31
0.0
  0
LINE
  5
15A5
330
1F
100
AcDbEntity
  8
0
  6
Continuous
 62
     7
370
    25
100
AcDbLine
 10
2.4334566929
 20
-1.2110433076
 30
0.0
 11
2.4334566929
 21
-1.1960433075
 31
0.0
  0
LINE
  5
15A6
330
1F
100
AcDbEntity
  8
0
  6
Continuous
 62
     7
370
    25
100
AcDbLine
 10
2.4334566929
 20
-1.2610433071
 30
0.0
 11
2.4334566929
 21
-1.246043307
 31
0.0
  0
LINE
  5
15A7
330
1F
100
AcDbEntity
  8
0
  6
Continuous
 62
     7
370
    25
100
AcDbLine
 10
2.4334566929
 20
-1.3110433067
 30
0.0
 11
2.4334566929
 21
-1.2960433066
 31
0.0
  0
LINE
  5
15A8
330
1F
100
AcDbEntity
  8
0
  6
Continuous
 62
     7
370
    25
100
AcDbLine
 10
2.4334566929
 20
-1.3610433073
 30
0.0
 11
2.4334566929
 21
-1.3460433072
 31
0.0
  0
LINE
  5
15A9
330
1F
100
AcDbEntity
  8
0
  6
Continuous
 62
     7
370
    25
100
AcDbLine
 10
2.4334566929
 20
-1.4110433068
 30
0.0
 11
2.4334566929
 21
-1.3960433068
 31
0.0
  0
LINE
  5
15AA
330
1F
100
AcDbEntity
  8
0
  6
Continuous
 62
     7
370
    25
100
AcDbLine
 10
2.4334566929
 20
-1.4610433075
 30
0.0
 11
2.4334566929
 21
-1.4460433074
 31
0.0
  0
LINE
  5
15AB
330
1F
100
AcDbEntity
  8
0
  6
Continuous
 62
     7
370
    25
100
AcDbLine
 10
2.4334566929
 20
-1.511043307
 30
0.0
 11
2.4334566929
 21
-1.4960433069
 31
0.0
  0
LINE
  5
15AC
330
1F
100
AcDbEntity
  8
0
  6
Continuous
 62
     7
370
    25
100
AcDbLine
 10
2.4334566929
 20
-1.5610433066
 30
0.0
 11
2.4334566929
 21
-1.5460433076
 31
0.0
  0
LINE
  5
15AD
330
1F
100
AcDbEntity
  8
0
  6
Continuous
 62
     7
370
    25
100
AcDbLine
 10
2.4334566929
 20
-1.6110433072
 30
0.0
 11
2.4334566929
 21
-1.5960433071
 31
0.0
  0
LINE
  5
15AE
330
1F
100
AcDbEntity
  8
0
  6
Continuous
 62
     7
370
    25
100
AcDbLine
 10
2.4334566929
 20
-1.6610433067
 30
0.0
 11
2.4334566929
 21
-1.6460433067
 31
0.0
  0
LINE
  5
15AF
330
1F
100
AcDbEntity
  8
0
  6
Continuous
 62
     7
370
    25
100
AcDbLine
 10
2.4334566929
 20
-1.7110433074
 30
0.0
 11
2.4334566929
 21
-1.6960433073
 31
0.0
  0
LINE
  5
15B0
330
1F
100
AcDbEntity
  8
0
  6
Continuous
 62
     7
370
    25
100
AcDbLine
 10
2.4334566929
 20
-1.7610433069
 30
0.0
 11
2.4334566929
 21
-1.7460433068
 31
0.0
  0
LINE
  5
15B1
330
1F
100
AcDbEntity
  8
0
  6
Continuous
 62
     7
370
    25
100
AcDbLine
 10
2.4334566929
 20
-1.8110433075
 30
0.0
 11
2.4334566929
 21
-1.7960433075
 31
0.0
  0
LINE
  5
15B2
330
1F
100
AcDbEntity
  8
0
  6
Continuous
 62
     7
370
    25
100
AcDbLine
 10
2.4334566929
 20
-1.8610433071
 30
0.0
 11
2.4334566929
 21
-1.846043307
 31
0.0
  0
LINE
  5
15B3
330
1F
100
AcDbEntity
  8
0
  6
Continuous
 62
     7
370
    25
100
AcDbLine
 10
2.4334566929
 20
-1.9110433066
 30
0.0
 11
2.4334566929
 21
-1.8960433066
 31
0.0
  0
LINE
  5
15B4
330
1F
100
AcDbEntity
  8
0
  6
Continuous
 62
     7
370
    25
100
AcDbLine
 10
2.4334566929
 20
-1.9610433073
 30
0.0
 11
2.4334566929
 21
-1.9460433072
 31
0.0
  0
LINE
  5
15B5
330
1F
100
AcDbEntity
  8
0
  6
Continuous
 62
     7
370
    25
100
AcDbLine
 10
2.3694566929
 20
-1.9460433072
 30
0.0
 11
2.3694566929
 21
-1.9610433073
 31
0.0
  0
LINE
  5
15B6
330
1F
100
AcDbEntity
  8
0
  6
Continuous
 62
     7
370
    25
100
AcDbLine
 10
2.3694566929
 20
-1.8960433066
 30
0.0
 11
2.3694566929
 21
-1.9110433066
 31
0.0
  0
LINE
  5
15B7
330
1F
100
AcDbEntity
  8
0
  6
Continuous
 62
     7
370
    25
100
AcDbLine
 10
2.3694566929
 20
-1.846043307
 30
0.0
 11
2.3694566929
 21
-1.8610433071
 31
0.0
  0
LINE
  5
15B8
330
1F
100
AcDbEntity
  8
0
  6
Continuous
 62
     7
370
    25
100
AcDbLine
 10
2.3694566929
 20
-1.7960433075
 30
0.0
 11
2.3694566929
 21
-1.8110433075
 31
0.0
  0
LINE
  5
15B9
330
1F
100
AcDbEntity
  8
0
  6
Continuous
 62
     7
370
    25
100
AcDbLine
 10
2.3694566929
 20
-1.7460433068
 30
0.0
 11
2.3694566929
 21
-1.7610433069
 31
0.0
  0
LINE
  5
15BA
330
1F
100
AcDbEntity
  8
0
  6
Continuous
 62
     7
370
    25
100
AcDbLine
 10
2.3694566929
 20
-1.6960433073
 30
0.0
 11
2.3694566929
 21
-1.7110433074
 31
0.0
  0
LINE
  5
15BB
330
1F
100
AcDbEntity
  8
0
  6
Continuous
 62
     7
370
    25
100
AcDbLine
 10
2.3694566929
 20
-1.6460433067
 30
0.0
 11
2.3694566929
 21
-1.6610433067
 31
0.0
  0
LINE
  5
15BC
330
1F
100
AcDbEntity
  8
0
  6
Continuous
 62
     7
370
    25
100
AcDbLine
 10
2.3694566929
 20
-1.5960433071
 30
0.0
 11
2.3694566929
 21
-1.6110433072
 31
0.0
  0
LINE
  5
15BD
330
1F
100
AcDbEntity
  8
0
  6
Continuous
 62
     7
370
    25
100
AcDbLine
 10
2.3694566929
 20
-1.5460433076
 30
0.0
 11
2.3694566929
 21
-1.5610433066
 31
0.0
  0
LINE
  5
15BE
330
1F
100
AcDbEntity
  8
0
  6
Continuous
 62
     7
370
    25
100
AcDbLine
 10
2.3694566929
 20
-1.4960433069
 30
0.0
 11
2.3694566929
 21
-1.511043307
 31
0.0
  0
LINE
  5
15BF
330
1F
100
AcDbEntity
  8
0
  6
Continuous
 62
     7
370
    25
100
AcDbLine
 10
2.3694566929
 20
-1.4460433074
 30
0.0
 11
2.3694566929
 21
-1.4610433075
 31
0.0
  0
LINE
  5
15C0
330
1F
100
AcDbEntity
  8
0
  6
Continuous
 62
     7
370
    25
100
AcDbLine
 10
2.3694566929
 20
-1.3960433068
 30
0.0
 11
2.3694566929
 21
-1.4110433068
 31
0.0
  0
LINE
  5
15C1
330
1F
100
AcDbEntity
  8
0
  6
Continuous
 62
     7
370
    25
100
AcDbLine
 10
2.3694566929
 20
-1.3460433072
 30
0.0
 11
2.3694566929
 21
-1.3610433073
 31
0.0
  0
LINE
  5
15C2
330
1F
100
AcDbEntity
  8
0
  6
Continuous
 62
     7
370
    25
100
AcDbLine
 10
2.3694566929
 20
-1.2960433066
 30
0.0
 11
2.3694566929
 21
-1.3110433067
 31
0.0
  0
LINE
  5
15C3
330
1F
100
AcDbEntity
  8
0
  6
Continuous
 62
     7
370
    25
100
AcDbLine
 10
2.3694566929
 20
-1.246043307
 30
0.0
 11
2.3694566929
 21
-1.2610433071
 31
0.0
  0
LINE
  5
15C4
330
1F
100
AcDbEntity
  8
0
  6
Continuous
 62
     7
370
    25
100
AcDbLine
 10
2.3694566929
 20
-1.1960433075
 30
0.0
 11
2.3694566929
 21
-1.2110433076
 31
0.0
  0
LINE
  5
15C5
330
1F
100
AcDbEntity
  8
0
  6
Continuous
 62
     7
370
    25
100
AcDbLine
 10
2.3694566929
 20
-1.1460433068
 30
0.0
 11
2.3694566929
 21
-1.1610433069
 31
0.0
  0
LINE
  5
15C6
330
1F
100
AcDbEntity
  8
0
  6
Continuous
 62
     7
370
    25
100
AcDbLine
 10
2.3694566929
 20
-1.0960433073
 30
0.0
 11
2.3694566929
 21
-1.1110433074
 31
0.0
  0
LINE
  5
15C7
330
1F
100
AcDbEntity
  8
0
  6
Continuous
 62
     7
370
    25
100
AcDbLine
 10
2.3694566929
 20
-1.0460433067
 30
0.0
 11
2.3694566929
 21
-1.0610433068
 31
0.0
  0
LINE
  5
15C8
330
1F
100
AcDbEntity
  8
0
  6
Continuous
 62
     7
370
    25
100
AcDbLine
 10
2.3694566929
 20
-0.9960433071
 30
0.0
 11
2.3694566929
 21
-1.0110433072
 31
0.0
  0
LINE
  5
15C9
330
1F
100
AcDbEntity
  8
0
  6
Continuous
 62
     7
370
    25
100
AcDbLine
 10
2.3694566929
 20
-0.9460433076
 30
0.0
 11
2.3694566929
 21
-0.9610433066
 31
0.0
  0
LINE
  5
15CA
330
1F
100
AcDbEntity
  8
0
  6
Continuous
 62
     7
370
    25
100
AcDbLine
 10
2.3694566929
 20
-0.8960433069
 30
0.0
 11
2.3694566929
 21
-0.911043307
 31
0.0
  0
LINE
  5
15CB
330
1F
100
AcDbEntity
  8
0
  6
Continuous
 62
     7
370
    25
100
AcDbLine
 10
2.3694566929
 20
-0.8460433074
 30
0.0
 11
2.3694566929
 21
-0.8610433075
 31
0.0
  0
LINE
  5
15CC
330
1F
100
AcDbEntity
  8
0
  6
Continuous
 62
     7
370
    25
100
AcDbLine
 10
2.3694566929
 20
-0.7960433068
 30
0.0
 11
2.3694566929
 21
-0.8110433068
 31
0.0
  0
LINE
  5
15CD
330
1F
100
AcDbEntity
  8
0
  6
Continuous
 62
     7
370
    25
100
AcDbLine
 10
2.3694566929
 20
-0.7460433072
 30
0.0
 11
2.3694566929
 21
-0.7610433073
 31
0.0
  0
LINE
  5
15CE
330
1F
100
AcDbEntity
  8
0
  6
Continuous
 62
     7
370
    25
100
AcDbLine
 10
2.3694566929
 20
-0.6960433066
 30
0.0
 11
2.3694566929
 21
-0.7110433067
 31
0.0
  0
LINE
  5
15CF
330
1F
100
AcDbEntity
  8
0
  6
Continuous
 62
     7
370
    25
100
AcDbLine
 10
2.3694566929
 20
-0.646043307
 30
0.0
 11
2.3694566929
 21
-0.6610433071
 31
0.0
  0
LINE
  5
15D0
330
1F
100
AcDbEntity
  8
0
  6
Continuous
 62
     7
370
    25
100
AcDbLine
 10
2.3694566929
 20
-0.5960433075
 30
0.0
 11
2.3694566929
 21
-0.6110433076
 31
0.0
  0
LINE
  5
15D1
330
1F
100
AcDbEntity
  8
0
  6
Continuous
 62
     7
370
    25
100
AcDbLine
 10
2.3694566929
 20
-0.5460433069
 30
0.0
 11
2.3694566929
 21
-0.5610433069
 31
0.0
  0
LINE
  5
15D2
330
1F
100
AcDbEntity
  8
0
  6
Continuous
 62
     7
370
    25
100
AcDbLine
 10
2.3694566929
 20
-0.4960433073
 30
0.0
 11
2.3694566929
 21
-0.5110433074
 31
0.0
  0
LINE
  5
15D3
330
1F
100
AcDbEntity
  8
0
  6
Continuous
 62
     7
370
    25
100
AcDbLine
 10
2.3694566929
 20
-0.4460433067
 30
0.0
 11
2.3694566929
 21
-0.4610433068
 31
0.0
  0
LINE
  5
15D4
330
1F
100
AcDbEntity
  8
0
  6
Continuous
 62
     7
370
    25
100
AcDbLine
 10
2.3694566929
 20
-0.3960433071
 30
0.0
 11
2.3694566929
 21
-0.4110433072
 31
0.0
  0
LINE
  5
15D5
330
1F
100
AcDbEntity
  8
0
  6
Continuous
 62
     7
370
    25
100
AcDbLine
 10
2.3694566929
 20
-0.3460433076
 30
0.0
 11
2.3694566929
 21
-0.3610433066
 31
0.0
  0
LINE
  5
15D6
330
1F
100
AcDbEntity
  8
0
  6
Continuous
 62
     7
370
    25
100
AcDbLine
 10
2.3694566929
 20
-0.296043307
 30
0.0
 11
2.3694566929
 21
-0.311043307
 31
0.0
  0
LINE
  5
15D7
330
1F
100
AcDbEntity
  8
0
  6
Continuous
 62
     7
370
    25
100
AcDbLine
 10
2.3694566929
 20
-0.2460433074
 30
0.0
 11
2.3694566929
 21
-0.2610433075
 31
0.0
  0
LINE
  5
15D8
330
1F
100
AcDbEntity
  8
0
  6
Continuous
 62
     7
370
    25
100
AcDbLine
 10
2.3694566929
 20
-0.1960433068
 30
0.0
 11
2.3694566929
 21
-0.2110433069
 31
0.0
  0
LINE
  5
15D9
330
1F
100
AcDbEntity
  8
0
  6
Continuous
 62
     7
370
    25
100
AcDbLine
 10
2.3694566929
 20
-0.1460433072
 30
0.0
 11
2.3694566929
 21
-0.1610433073
 31
0.0
  0
LINE
  5
15DA
330
1F
100
AcDbEntity
  8
0
  6
Continuous
 62
     7
370
    25
100
AcDbLine
 10
2.3694566929
 20
-0.0960433066
 30
0.0
 11
2.3694566929
 21
-0.1110433067
 31
0.0
  0
LINE
  5
15DB
330
1F
100
AcDbEntity
  8
0
  6
Continuous
 62
     7
370
    25
100
AcDbLine
 10
2.3694566929
 20
-0.0460433071
 30
0.0
 11
2.3694566929
 21
-0.0610433071
 31
0.0
  0
LINE
  5
15DC
330
1F
100
AcDbEntity
  8
0
  6
Continuous
 62
     7
370
    25
100
AcDbLine
 10
2.3694566929
 20
0.0039566925
 30
0.0
 11
2.3694566929
 21
-0.0110433076
 31
0.0
  0
LINE
  5
15DD
330
1F
100
AcDbEntity
  8
0
  6
Continuous
 62
     7
370
    25
100
AcDbLine
 10
2.3694566929
 20
0.0539566931
 30
0.0
 11
2.3694566929
 21
0.038956693
 31
0.0
  0
LINE
  5
15DE
330
1F
100
AcDbEntity
  8
0
  6
Continuous
 62
     7
370
    25
100
AcDbLine
 10
2.3694566929
 20
0.1039566927
 30
0.0
 11
2.3694566929
 21
0.0889566926
 31
0.0
  0
LINE
  5
15DF
330
1F
100
AcDbEntity
  8
0
  6
Continuous
 62
     7
370
    25
100
AcDbLine
 10
2.3694566929
 20
0.1539566933
 30
0.0
 11
2.3694566929
 21
0.1389566932
 31
0.0
  0
LINE
  5
15E0
330
1F
100
AcDbEntity
  8
0
  6
Continuous
 62
     7
370
    25
100
AcDbLine
 10
2.3694566929
 20
0.2039566928
 30
0.0
 11
2.3694566929
 21
0.1889566928
 31
0.0
  0
LINE
  5
15E1
330
1F
100
AcDbEntity
  8
0
  6
Continuous
 62
     7
370
    25
100
AcDbLine
 10
2.3694566929
 20
0.2539566924
 30
0.0
 11
2.3694566929
 21
0.2389566934
 31
0.0
  0
LINE
  5
15E2
330
1F
100
AcDbEntity
  8
0
  6
Continuous
 62
     7
370
    25
100
AcDbLine
 10
2.3694566929
 20
0.303956693
 30
0.0
 11
2.3694566929
 21
0.2889566929
 31
0.0
  0
LINE
  5
15E3
330
1F
100
AcDbEntity
  8
0
  6
Continuous
 62
     7
370
    25
100
AcDbLine
 10
2.3694566929
 20
0.3539566926
 30
0.0
 11
2.3694566929
 21
0.3389566925
 31
0.0
  0
LINE
  5
15E4
330
1F
100
AcDbEntity
  8
0
  6
Continuous
 62
     7
370
    25
100
AcDbLine
 10
2.3694566929
 20
0.4039566932
 30
0.0
 11
2.3694566929
 21
0.3889566931
 31
0.0
  0
LINE
  5
15E5
330
1F
100
AcDbEntity
  8
0
  6
Continuous
 62
     7
370
    25
100
AcDbLine
 10
2.3694566929
 20
0.4539566928
 30
0.0
 11
2.3694566929
 21
0.4389566927
 31
0.0
  0
LINE
  5
15E6
330
1F
100
AcDbEntity
  8
0
  6
Continuous
 62
     7
370
    25
100
AcDbLine
 10
2.3694566929
 20
0.5039566934
 30
0.0
 11
2.3694566929
 21
0.4889566933
 31
0.0
  0
LINE
  5
15E7
330
1F
100
AcDbEntity
  8
0
  6
Continuous
 62
     7
370
    25
100
AcDbLine
 10
2.3694566929
 20
0.5539566929
 30
0.0
 11
2.3694566929
 21
0.5389566928
 31
0.0
  0
LINE
  5
15E8
330
1F
100
AcDbEntity
  8
0
  6
Continuous
 62
     7
370
    25
100
AcDbLine
 10
2.3694566929
 20
1.0539566928
 30
0.0
 11
2.3694566929
 21
1.0389566932
 31
0.0
  0
LINE
  5
15E9
330
1F
100
AcDbEntity
  8
0
  6
Continuous
 62
     7
370
    25
100
AcDbLine
 10
2.3694566929
 20
1.1039566933
 30
0.0
 11
2.3694566929
 21
1.0889566928
 31
0.0
  0
LINE
  5
15EA
330
1F
100
AcDbEntity
  8
0
  6
Continuous
 62
     7
370
    25
100
AcDbLine
 10
2.3694566929
 20
1.1539566929
 30
0.0
 11
2.3694566929
 21
1.1389566932
 31
0.0
  0
LINE
  5
15EB
330
1F
100
AcDbEntity
  8
0
  6
Continuous
 62
     7
370
    25
100
AcDbLine
 10
2.3694566929
 20
1.2039566933
 30
0.0
 11
2.3694566929
 21
1.1889566928
 31
0.0
  0
LINE
  5
15EC
330
1F
100
AcDbEntity
  8
0
  6
Continuous
 62
     7
370
    25
100
AcDbLine
 10
2.3694566929
 20
1.2539566929
 30
0.0
 11
2.3694566929
 21
1.2389566933
 31
0.0
  0
LINE
  5
15ED
330
1F
100
AcDbEntity
  8
0
  6
Continuous
 62
     7
370
    25
100
AcDbLine
 10
2.3694566929
 20
1.3039566933
 30
0.0
 11
2.3694566929
 21
1.2889566929
 31
0.0
  0
LINE
  5
15EE
330
1F
100
AcDbEntity
  8
0
  6
Continuous
 62
     7
370
    25
100
AcDbLine
 10
2.3694566929
 20
1.3539566929
 30
0.0
 11
2.3694566929
 21
1.3389566933
 31
0.0
  0
LINE
  5
15EF
330
1F
100
AcDbEntity
  8
0
  6
Continuous
 62
     7
370
    25
100
AcDbLine
 10
2.3694566929
 20
1.4039566925
 30
0.0
 11
2.3694566929
 21
1.3889566929
 31
0.0
  0
LINE
  5
15F0
330
1F
100
AcDbEntity
  8
0
  6
Continuous
 62
     7
370
    25
100
AcDbLine
 10
2.3694566929
 20
1.4539566929
 30
0.0
 11
2.3694566929
 21
1.4389566933
 31
0.0
  0
LINE
  5
15F1
330
1F
100
AcDbEntity
  8
0
  6
Continuous
 62
     7
370
    25
100
AcDbLine
 10
2.3694566929
 20
1.5039566925
 30
0.0
 11
2.3694566929
 21
1.4889566929
 31
0.0
  0
LINE
  5
15F2
330
1F
100
AcDbEntity
  8
0
  6
Continuous
 62
     7
370
    25
100
AcDbLine
 10
2.3694566929
 20
1.553956693
 30
0.0
 11
2.3694566929
 21
1.5389566925
 31
0.0
  0
LINE
  5
15F3
330
1F
100
AcDbEntity
  8
0
  6
Continuous
 62
     7
370
    25
100
AcDbLine
 10
2.3694566929
 20
1.6039566926
 30
0.0
 11
2.3694566929
 21
1.5889566929
 31
0.0
  0
LINE
  5
15F4
330
1F
100
AcDbEntity
  8
0
  6
Continuous
 62
     7
370
    25
100
AcDbLine
 10
2.3694566929
 20
1.653956693
 30
0.0
 11
2.3694566929
 21
1.6389566925
 31
0.0
  0
LINE
  5
15F5
330
1F
100
AcDbEntity
  8
0
  6
Continuous
 62
     7
370
    25
100
AcDbLine
 10
2.3694566929
 20
1.7039566926
 30
0.0
 11
2.3694566929
 21
1.688956693
 31
0.0
  0
LINE
  5
15F6
330
1F
100
AcDbEntity
  8
0
  6
Continuous
 62
     7
370
    25
100
AcDbLine
 10
2.3694566929
 20
1.753956693
 30
0.0
 11
2.3694566929
 21
1.7389566926
 31
0.0
  0
LINE
  5
15F7
330
1F
100
AcDbEntity
  8
0
  6
Continuous
 62
     7
370
    25
100
AcDbLine
 10
2.3694566929
 20
1.8039566926
 30
0.0
 11
2.3694566929
 21
1.788956693
 31
0.0
  0
LINE
  5
15F8
330
1F
100
AcDbEntity
  8
0
  6
Continuous
 62
     7
370
    25
100
AcDbLine
 10
2.3694566929
 20
1.8539566931
 30
0.0
 11
2.3694566929
 21
1.8389566926
 31
0.0
  0
LINE
  5
15F9
330
1F
100
AcDbEntity
  8
0
  6
Continuous
 62
     7
370
    25
100
AcDbLine
 10
2.3694566929
 20
1.9039566926
 30
0.0
 11
2.3694566929
 21
1.888956693
 31
0.0
  0
LINE
  5
15FA
330
1F
100
AcDbEntity
  8
0
  6
Continuous
 62
     7
370
    25
100
AcDbLine
 10
2.3694566929
 20
1.9539566931
 30
0.0
 11
2.3694566929
 21
1.9389566926
 31
0.0
  0
LINE
  5
15FB
330
1F
100
AcDbEntity
  8
0
  6
Continuous
 62
     7
370
    25
100
AcDbLine
 10
2.3694566929
 20
2.0039566927
 30
0.0
 11
2.3694566929
 21
1.9889566931
 31
0.0
  0
LINE
  5
15FC
330
1F
100
AcDbEntity
  8
0
  6
Continuous
 62
     7
370
    25
100
AcDbLine
 10
2.3694566929
 20
2.0539566931
 30
0.0
 11
2.3694566929
 21
2.0389566926
 31
0.0
  0
LINE
  5
15FD
330
1F
100
AcDbEntity
  8
0
  6
Continuous
 62
     7
370
    25
100
AcDbLine
 10
2.3694566929
 20
2.1039566927
 30
0.0
 11
2.3694566929
 21
2.0889566931
 31
0.0
  0
LINE
  5
15FE
330
1F
100
AcDbEntity
  8
0
  6
Continuous
 62
     7
370
    25
100
AcDbLine
 10
2.3694566929
 20
2.1539566932
 30
0.0
 11
2.3694566929
 21
2.1389566927
 31
0.0
  0
LINE
  5
15FF
330
1F
100
AcDbEntity
  8
0
  6
Continuous
 62
     7
370
    25
100
AcDbLine
 10
2.3694566929
 20
2.2039566927
 30
0.0
 11
2.3694566929
 21
2.1889566931
 31
0.0
  0
LINE
  5
1600
330
1F
100
AcDbEntity
  8
0
  6
Continuous
 62
     7
370
    25
100
AcDbLine
 10
2.3694566929
 20
2.2539566932
 30
0.0
 11
2.3694566929
 21
2.2389566927
 31
0.0
  0
LINE
  5
1601
330
1F
100
AcDbEntity
  8
0
  6
Continuous
 62
     7
370
    25
100
AcDbLine
 10
2.3694566929
 20
2.3039566928
 30
0.0
 11
2.3694566929
 21
2.2889566932
 31
0.0
  0
LINE
  5
1602
330
1F
100
AcDbEntity
  8
0
  6
Continuous
 62
     7
370
    25
100
AcDbLine
 10
2.3694566929
 20
2.3539566932
 30
0.0
 11
2.3694566929
 21
2.3389566927
 31
0.0
  0
LINE
  5
1603
330
1F
100
AcDbEntity
  8
0
  6
Continuous
 62
     7
370
    25
100
AcDbLine
 10
2.3694566929
 20
2.4039566928
 30
0.0
 11
2.3694566929
 21
2.3889566932
 31
0.0
  0
LINE
  5
1604
330
1F
100
AcDbEntity
  8
0
  6
Continuous
 62
     7
370
    25
100
AcDbLine
 10
2.3694566929
 20
2.4539566932
 30
0.0
 11
2.3694566929
 21
2.4389566928
 31
0.0
  0
LINE
  5
1605
330
1F
100
AcDbEntity
  8
0
  6
Continuous
 62
     7
370
    25
100
AcDbLine
 10
2.3694566929
 20
2.5039566928
 30
0.0
 11
2.3694566929
 21
2.4889566932
 31
0.0
  0
LINE
  5
1606
330
1F
100
AcDbEntity
  8
0
  6
Continuous
 62
     7
370
    25
100
AcDbLine
 10
2.3694566929
 20
2.5539566933
 30
0.0
 11
2.3694566929
 21
2.5389566928
 31
0.0
  0
LINE
  5
1607
330
1F
100
AcDbEntity
  8
0
  6
Continuous
 62
     7
370
    25
100
AcDbLine
 10
2.3694566929
 20
2.6039566929
 30
0.0
 11
2.3694566929
 21
2.5889566932
 31
0.0
  0
LINE
  5
1608
330
1F
100
AcDbEntity
  8
0
  6
Continuous
 62
     7
370
    25
100
AcDbLine
 10
2.3694566929
 20
2.6539566933
 30
0.0
 11
2.3694566929
 21
2.6389566928
 31
0.0
  0
LINE
  5
1609
330
1F
100
AcDbEntity
  8
0
  6
Continuous
 62
     7
370
    25
100
AcDbLine
 10
2.3694566929
 20
2.7039566929
 30
0.0
 11
2.3694566929
 21
2.6889566933
 31
0.0
  0
LINE
  5
160A
330
1F
100
AcDbEntity
  8
0
  6
Continuous
 62
     7
370
    25
100
AcDbLine
 10
2.3694566929
 20
2.7539566933
 30
0.0
 11
2.3694566929
 21
2.7389566929
 31
0.0
  0
LINE
  5
160B
330
1F
100
AcDbEntity
  8
0
  6
Continuous
 62
     7
370
    25
100
AcDbLine
 10
2.3694566929
 20
2.8039566929
 30
0.0
 11
2.3694566929
 21
2.7889566933
 31
0.0
  0
LINE
  5
160C
330
1F
100
AcDbEntity
  8
0
  6
Continuous
 62
     7
370
    25
100
AcDbLine
 10
2.4334566929
 20
2.7889566933
 30
0.0
 11
2.4334566929
 21
2.8039566929
 31
0.0
  0
LINE
  5
160D
330
1F
100
AcDbEntity
  8
0
  6
Continuous
 62
     7
370
    25
100
AcDbLine
 10
2.4334566929
 20
2.7389566929
 30
0.0
 11
2.4334566929
 21
2.7539566933
 31
0.0
  0
LINE
  5
160E
330
1F
100
AcDbEntity
  8
0
  6
Continuous
 62
     7
370
    25
100
AcDbLine
 10
2.4334566929
 20
2.6889566933
 30
0.0
 11
2.4334566929
 21
2.7039566929
 31
0.0
  0
LINE
  5
160F
330
1F
100
AcDbEntity
  8
0
  6
Continuous
 62
     7
370
    25
100
AcDbLine
 10
2.4334566929
 20
2.6389566928
 30
0.0
 11
2.4334566929
 21
2.6539566933
 31
0.0
  0
LINE
  5
1610
330
1F
100
AcDbEntity
  8
0
  6
Continuous
 62
     7
370
    25
100
AcDbLine
 10
2.4334566929
 20
2.5889566932
 30
0.0
 11
2.4334566929
 21
2.6039566929
 31
0.0
  0
LINE
  5
1611
330
1F
100
AcDbEntity
  8
0
  6
Continuous
 62
     7
370
    25
100
AcDbLine
 10
2.4334566929
 20
2.5389566928
 30
0.0
 11
2.4334566929
 21
2.5539566933
 31
0.0
  0
LINE
  5
1612
330
1F
100
AcDbEntity
  8
0
  6
Continuous
 62
     7
370
    25
100
AcDbLine
 10
2.4334566929
 20
2.4889566932
 30
0.0
 11
2.4334566929
 21
2.5039566928
 31
0.0
  0
LINE
  5
1613
330
1F
100
AcDbEntity
  8
0
  6
Continuous
 62
     7
370
    25
100
AcDbLine
 10
2.4334566929
 20
2.4389566928
 30
0.0
 11
2.4334566929
 21
2.4539566932
 31
0.0
  0
LINE
  5
1614
330
1F
100
AcDbEntity
  8
0
  6
Continuous
 62
     7
370
    25
100
AcDbLine
 10
2.4334566929
 20
2.3889566932
 30
0.0
 11
2.4334566929
 21
2.4039566928
 31
0.0
  0
LINE
  5
1615
330
1F
100
AcDbEntity
  8
0
  6
Continuous
 62
     7
370
    25
100
AcDbLine
 10
2.4334566929
 20
2.3389566927
 30
0.0
 11
2.4334566929
 21
2.3539566932
 31
0.0
  0
LINE
  5
1616
330
1F
100
AcDbEntity
  8
0
  6
Continuous
 62
     7
370
    25
100
AcDbLine
 10
2.4334566929
 20
2.2889566932
 30
0.0
 11
2.4334566929
 21
2.3039566928
 31
0.0
  0
LINE
  5
1617
330
1F
100
AcDbEntity
  8
0
  6
Continuous
 62
     7
370
    25
100
AcDbLine
 10
2.4334566929
 20
2.2389566927
 30
0.0
 11
2.4334566929
 21
2.2539566932
 31
0.0
  0
LINE
  5
1618
330
1F
100
AcDbEntity
  8
0
  6
Continuous
 62
     7
370
    25
100
AcDbLine
 10
2.4334566929
 20
2.1889566931
 30
0.0
 11
2.4334566929
 21
2.2039566927
 31
0.0
  0
LINE
  5
1619
330
1F
100
AcDbEntity
  8
0
  6
Continuous
 62
     7
370
    25
100
AcDbLine
 10
2.4334566929
 20
2.1389566927
 30
0.0
 11
2.4334566929
 21
2.1539566932
 31
0.0
  0
LINE
  5
161A
330
1F
100
AcDbEntity
  8
0
  6
Continuous
 62
     7
370
    25
100
AcDbLine
 10
2.4334566929
 20
2.0889566931
 30
0.0
 11
2.4334566929
 21
2.1039566927
 31
0.0
  0
LINE
  5
161B
330
1F
100
AcDbEntity
  8
0
  6
Continuous
 62
     7
370
    25
100
AcDbLine
 10
2.4334566929
 20
2.0389566926
 30
0.0
 11
2.4334566929
 21
2.0539566931
 31
0.0
  0
LINE
  5
161C
330
1F
100
AcDbEntity
  8
0
  6
Continuous
 62
     7
370
    25
100
AcDbLine
 10
2.4334566929
 20
1.9889566931
 30
0.0
 11
2.4334566929
 21
2.0039566927
 31
0.0
  0
LINE
  5
161D
330
1F
100
AcDbEntity
  8
0
  6
Continuous
 62
     7
370
    25
100
AcDbLine
 10
2.4334566929
 20
1.9389566926
 30
0.0
 11
2.4334566929
 21
1.9539566931
 31
0.0
  0
LINE
  5
161E
330
1F
100
AcDbEntity
  8
0
  6
Continuous
 62
     7
370
    25
100
AcDbLine
 10
2.4334566929
 20
1.888956693
 30
0.0
 11
2.4334566929
 21
1.9039566926
 31
0.0
  0
LINE
  5
161F
330
1F
100
AcDbEntity
  8
0
  6
Continuous
 62
     7
370
    25
100
AcDbLine
 10
2.4334566929
 20
1.8389566926
 30
0.0
 11
2.4334566929
 21
1.8539566931
 31
0.0
  0
LINE
  5
1620
330
1F
100
AcDbEntity
  8
0
  6
Continuous
 62
     7
370
    25
100
AcDbLine
 10
2.4334566929
 20
1.788956693
 30
0.0
 11
2.4334566929
 21
1.8039566926
 31
0.0
  0
LINE
  5
1621
330
1F
100
AcDbEntity
  8
0
  6
Continuous
 62
     7
370
    25
100
AcDbLine
 10
2.4334566929
 20
1.7389566926
 30
0.0
 11
2.4334566929
 21
1.753956693
 31
0.0
  0
LINE
  5
1622
330
1F
100
AcDbEntity
  8
0
  6
Continuous
 62
     7
370
    25
100
AcDbLine
 10
2.4334566929
 20
1.688956693
 30
0.0
 11
2.4334566929
 21
1.7039566926
 31
0.0
  0
LINE
  5
1623
330
1F
100
AcDbEntity
  8
0
  6
Continuous
 62
     7
370
    25
100
AcDbLine
 10
2.4334566929
 20
1.6389566925
 30
0.0
 11
2.4334566929
 21
1.653956693
 31
0.0
  0
LINE
  5
1624
330
1F
100
AcDbEntity
  8
0
  6
Continuous
 62
     7
370
    25
100
AcDbLine
 10
2.4334566929
 20
1.5889566929
 30
0.0
 11
2.4334566929
 21
1.6039566926
 31
0.0
  0
LINE
  5
1625
330
1F
100
AcDbEntity
  8
0
  6
Continuous
 62
     7
370
    25
100
AcDbLine
 10
2.4334566929
 20
1.5389566925
 30
0.0
 11
2.4334566929
 21
1.553956693
 31
0.0
  0
LINE
  5
1626
330
1F
100
AcDbEntity
  8
0
  6
Continuous
 62
     7
370
    25
100
AcDbLine
 10
2.4334566929
 20
1.4889566929
 30
0.0
 11
2.4334566929
 21
1.5039566925
 31
0.0
  0
LINE
  5
1627
330
1F
100
AcDbEntity
  8
0
  6
Continuous
 62
     7
370
    25
100
AcDbLine
 10
2.4334566929
 20
1.4389566933
 30
0.0
 11
2.4334566929
 21
1.4539566929
 31
0.0
  0
LINE
  5
1628
330
1F
100
AcDbEntity
  8
0
  6
Continuous
 62
     7
370
    25
100
AcDbLine
 10
2.4334566929
 20
1.3889566929
 30
0.0
 11
2.4334566929
 21
1.4039566925
 31
0.0
  0
LINE
  5
1629
330
1F
100
AcDbEntity
  8
0
  6
Continuous
 62
     7
370
    25
100
AcDbLine
 10
2.4334566929
 20
1.3389566933
 30
0.0
 11
2.4334566929
 21
1.3539566929
 31
0.0
  0
LINE
  5
162A
330
1F
100
AcDbEntity
  8
0
  6
Continuous
 62
     7
370
    25
100
AcDbLine
 10
2.4334566929
 20
1.2889566929
 30
0.0
 11
2.4334566929
 21
1.3039566933
 31
0.0
  0
LINE
  5
162B
330
1F
100
AcDbEntity
  8
0
  6
Continuous
 62
     7
370
    25
100
AcDbLine
 10
2.4334566929
 20
1.2389566933
 30
0.0
 11
2.4334566929
 21
1.2539566929
 31
0.0
  0
LINE
  5
162C
330
1F
100
AcDbEntity
  8
0
  6
Continuous
 62
     7
370
    25
100
AcDbLine
 10
2.4334566929
 20
1.1889566928
 30
0.0
 11
2.4334566929
 21
1.2039566933
 31
0.0
  0
LINE
  5
162D
330
1F
100
AcDbEntity
  8
0
  6
Continuous
 62
     7
370
    25
100
AcDbLine
 10
2.4334566929
 20
1.1389566932
 30
0.0
 11
2.4334566929
 21
1.1539566929
 31
0.0
  0
LINE
  5
162E
330
1F
100
AcDbEntity
  8
0
  6
Continuous
 62
     7
370
    25
100
AcDbLine
 10
2.4334566929
 20
1.0889566928
 30
0.0
 11
2.4334566929
 21
1.1039566933
 31
0.0
  0
LINE
  5
162F
330
1F
100
AcDbEntity
  8
0
  6
Continuous
 62
     7
370
    25
100
AcDbLine
 10
2.4334566929
 20
1.0389566932
 30
0.0
 11
2.4334566929
 21
1.0539566928
 31
0.0
  0
LINE
  5
1630
330
1F
100
AcDbEntity
  8
0
  6
Continuous
 62
     7
370
    25
100
AcDbLine
 10
2.4334566929
 20
0.9889566928
 30
0.0
 11
2.4334566929
 21
1.0039566932
 31
0.0
  0
LINE
  5
1631
330
1F
100
AcDbEntity
  8
0
  6
Continuous
 62
     7
370
    25
100
AcDbLine
 10
2.4334566929
 20
0.9389566932
 30
0.0
 11
2.4334566929
 21
0.9539566928
 31
0.0
  0
LINE
  5
1632
330
1F
100
AcDbEntity
  8
0
  6
Continuous
 62
     7
370
    25
100
AcDbLine
 10
2.4334566929
 20
0.8889566927
 30
0.0
 11
2.4334566929
 21
0.9039566932
 31
0.0
  0
LINE
  5
1633
330
1F
100
AcDbEntity
  8
0
  6
Continuous
 62
     7
370
    25
100
AcDbLine
 10
2.4334566929
 20
0.8389566929
 30
0.0
 11
2.4334566929
 21
0.8539566929
 31
0.0
  0
LINE
  5
1634
330
1F
100
AcDbEntity
  8
0
  6
Continuous
 62
     7
370
    25
100
AcDbLine
 10
2.3694566929
 20
0.8539566928
 30
0.0
 11
2.3694566929
 21
0.8389566929
 31
0.0
  0
LINE
  5
1635
330
1F
100
AcDbEntity
  8
0
  6
Continuous
 62
     7
370
    25
100
AcDbLine
 10
2.3694566929
 20
0.9039566932
 30
0.0
 11
2.3694566929
 21
0.8889566927
 31
0.0
  0
LINE
  5
1636
330
1F
100
AcDbEntity
  8
0
  6
Continuous
 62
     7
370
    25
100
AcDbLine
 10
2.3694566929
 20
0.9539566928
 30
0.0
 11
2.3694566929
 21
0.9389566932
 31
0.0
  0
LINE
  5
1637
330
1F
100
AcDbEntity
  8
0
  6
Continuous
 62
     7
370
    25
100
AcDbLine
 10
2.3694566929
 20
1.0039566932
 30
0.0
 11
2.3694566929
 21
0.9889566928
 31
0.0
  0
LINE
  5
1638
330
1F
100
AcDbEntity
  8
0
  6
Continuous
 62
     7
370
    25
100
AcDbLine
 10
-0.3604966403
 20
-1.951803636
 30
0.0
 11
-0.3700787402
 21
-1.9498976378
 31
0.0
  0
LINE
  5
1639
330
1F
100
AcDbEntity
  8
0
  6
Continuous
 62
     7
370
    25
100
AcDbLine
 10
1.0568261943
 20
0.4576451829
 30
0.0
 11
1.0472440945
 21
0.4595511811
 31
0.0
  0
LINE
  5
163A
330
1F
100
AcDbEntity
  8
0
  6
Continuous
 62
     7
370
    25
100
AcDbLine
 10
-0.3604966403
 20
0.4576451829
 30
0.0
 11
-0.3700787402
 21
0.4595511811
 31
0.0
  0
LINE
  5
163B
330
1F
100
AcDbEntity
  8
0
  6
Continuous
 62
     7
370
    25
100
AcDbLine
 10
-0.3860785808
 20
0.3247337472
 30
0.0
 11
-0.3700787357
 21
0.3215511811
 31
0.0
  0
LINE
  5
163C
330
1F
100
AcDbEntity
  8
0
  6
Continuous
 62
     7
370
    25
100
AcDbLine
 10
-2.7443902022
 20
1.6730390022
 30
0.0
 11
-2.7443902022
 21
2.350766979
 31
0.0
  0
LINE
  5
163D
330
1F
100
AcDbEntity
  8
0
  6
Continuous
 62
     7
370
    25
100
AcDbLine
 10
-3.3464566929
 20
1.6730390022
 30
0.0
 11
-2.7443902022
 21
1.6730390022
 31
0.0
  0
LINE
  5
163E
330
1F
100
AcDbEntity
  8
0
  6
Continuous
 62
     7
370
    25
100
AcDbLine
 10
-2.7443902022
 20
2.350766979
 30
0.0
 11
-3.3464566929
 21
2.350766979
 31
0.0
  0
LINE
  5
163F
330
1F
100
AcDbEntity
  8
0
  6
Continuous
 62
     7
370
    25
100
AcDbLine
 10
-3.3464566929
 20
2.350766979
 30
0.0
 11
-3.3464566929
 21
1.6730390022
 31
0.0
  0
LINE
  5
1640
330
1F
100
AcDbEntity
  8
0
  6
Continuous
 62
     7
370
    25
100
AcDbLine
 10
-3.3464566929
 20
-0.881723808
 30
0.0
 11
-2.5815143603
 21
-0.881723808
 31
0.0
  0
LINE
  5
1641
330
1F
100
AcDbEntity
  8
0
  6
Continuous
 62
     7
370
    25
100
AcDbLine
 10
-2.5815143603
 20
-0.1298706374
 30
0.0
 11
-3.3464566929
 21
-0.1298706374
 31
0.0
  0
LINE
  5
1642
330
1F
100
AcDbEntity
  8
0
  6
Continuous
 62
     7
370
    25
100
AcDbLine
 10
-3.3464566929
 20
-0.1298706374
 30
0.0
 11
-3.3464566929
 21
-0.881723808
 31
0.0
  0
LINE
  5
1643
330
1F
100
AcDbEntity
  8
0
  6
Continuous
 62
     7
370
    25
100
AcDbLine
 10
-2.5815143603
 20
-0.881723808
 30
0.0
 11
-2.5815143603
 21
-0.1298706374
 31
0.0
  0
LINE
  5
1644
330
1F
100
AcDbEntity
  8
0
  6
Continuous
 62
     7
370
    25
100
AcDbLine
 10
-3.2464566929
 20
-3.3464566929
 30
0.0
 11
3.2464566929
 21
-3.3464566929
 31
0.0
  0
LINE
  5
1645
330
1F
100
AcDbEntity
  8
0
  6
Continuous
 62
     7
370
    25
100
AcDbLine
 10
-3.3464566929
 20
2.7264120507
 30
0.0
 11
-3.3464566929
 21
2.3572993378
 31
0.0
  0
LINE
  5
1646
330
1F
100
AcDbEntity
  8
0
  6
Continuous
 62
     7
370
    25
100
AcDbLine
 10
-3.3464566929
 20
1.6665066434
 30
0.0
 11
-3.3464566929
 21
1.4114363753
 31
0.0
  0
LINE
  5
1647
330
1F
100
AcDbEntity
  8
0
  6
Continuous
 62
     7
370
    25
100
AcDbLine
 10
-3.3464566929
 20
-0.0065323588
 30
0.0
 11
-3.3464566929
 21
-0.1233382786
 31
0.0
  0
LINE
  5
1648
330
1F
100
AcDbEntity
  8
0
  6
Continuous
 62
     7
370
    25
100
AcDbLine
 10
-3.3464566929
 20
-0.8882561668
 30
0.0
 11
-3.3464566929
 21
-0.9435417374
 31
0.0
  0
LINE
  5
1649
330
1F
100
AcDbEntity
  8
0
  6
Continuous
 62
     7
370
    25
100
AcDbLine
 10
-3.3464566929
 20
-1.6463229999
 30
0.0
 11
-3.3464566929
 21
-1.7637451962
 31
0.0
  0
LINE
  5
164A
330
1F
100
AcDbEntity
  8
0
  6
Continuous
 62
     7
370
    25
100
AcDbLine
 10
-3.3464566929
 20
-2.8020642373
 30
0.0
 11
-3.3464566929
 21
-3.2464566929
 31
0.0
  0
LINE
  5
164B
330
1F
100
AcDbEntity
  8
0
  6
Continuous
 62
     7
370
    25
100
AcDbLine
 10
3.2464566929
 20
3.3464566929
 30
0.0
 11
-2.5749820015
 21
3.3464566929
 31
0.0
  0
LINE
  5
164C
330
1F
100
AcDbEntity
  8
0
  6
Continuous
 62
     7
370
    25
100
AcDbLine
 10
3.3464566929
 20
-3.2464566929
 30
0.0
 11
3.3464566929
 21
-1.7911780281
 31
0.0
  0
LINE
  5
164D
330
1F
100
AcDbEntity
  8
0
  6
Continuous
 62
     7
370
    25
100
AcDbLine
 10
3.3464566929
 20
0.2297607052
 30
0.0
 11
3.3464566929
 21
3.2464566929
 31
0.0
  0
LINE
  5
164E
330
1F
100
AcDbEntity
  8
0
  6
Continuous
 62
     7
370
    25
100
AcDbLine
 10
-1.6584566929
 20
-3.0234566929
 30
0.0
 11
-1.6151554227
 21
-2.9984566929
 31
0.0
  0
LINE
  5
164F
330
1F
100
AcDbEntity
  8
0
  6
Continuous
 62
     7
370
    25
100
AcDbLine
 10
-1.6151554227
 20
-2.9984566929
 30
0.0
 11
-1.6584566929
 21
-2.9734566929
 31
0.0
  0
LINE
  5
1650
330
1F
100
AcDbEntity
  8
0
  6
Continuous
 62
     7
370
    25
100
AcDbLine
 10
-1.6584566929
 20
-2.9734566929
 30
0.0
 11
-1.6584566929
 21
-3.0234566929
 31
0.0
  0
LINE
  5
1651
330
1F
100
AcDbEntity
  8
0
  6
Continuous
 62
     7
370
    25
100
AcDbLine
 10
1.5110433071
 20
-2.9034566929
 30
0.0
 11
1.5110433071
 21
-2.9534566929
 31
0.0
  0
LINE
  5
1652
330
1F
100
AcDbEntity
  8
0
  6
Continuous
 62
     7
370
    25
100
AcDbLine
 10
1.2360433071
 20
-2.9534566929
 30
0.0
 11
1.2360433071
 21
-2.9034566929
 31
0.0
  0
LINE
  5
1653
330
1F
100
AcDbEntity
  8
0
  6
Continuous
 62
     7
370
    25
100
AcDbLine
 10
1.5110433071
 20
-2.9034566929
 30
0.0
 11
1.2360433071
 21
-2.9034566929
 31
0.0
  0
LINE
  5
1654
330
1F
100
AcDbEntity
  8
0
  6
Continuous
 62
     7
370
    25
100
AcDbLine
 10
1.1810433071
 20
-2.9034566929
 30
0.0
 11
1.1810433071
 21
-2.9534566929
 31
0.0
  0
LINE
  5
1655
330
1F
100
AcDbEntity
  8
0
  6
Continuous
 62
     7
370
    25
100
AcDbLine
 10
0.9060433071
 20
-2.9534566929
 30
0.0
 11
0.9060433071
 21
-2.9034566929
 31
0.0
  0
LINE
  5
1656
330
1F
100
AcDbEntity
  8
0
  6
Continuous
 62
     7
370
    25
100
AcDbLine
 10
1.1810433071
 20
-2.9034566929
 30
0.0
 11
0.9060433071
 21
-2.9034566929
 31
0.0
  0
LINE
  5
1657
330
1F
100
AcDbEntity
  8
0
  6
Continuous
 62
     7
370
    25
100
AcDbLine
 10
0.8510433071
 20
-2.9034566929
 30
0.0
 11
0.8510433071
 21
-2.9534566929
 31
0.0
  0
LINE
  5
1658
330
1F
100
AcDbEntity
  8
0
  6
Continuous
 62
     7
370
    25
100
AcDbLine
 10
0.5760433071
 20
-2.9534566929
 30
0.0
 11
0.5760433071
 21
-2.9034566929
 31
0.0
  0
LINE
  5
1659
330
1F
100
AcDbEntity
  8
0
  6
Continuous
 62
     7
370
    25
100
AcDbLine
 10
0.8510433071
 20
-2.9034566929
 30
0.0
 11
0.5760433071
 21
-2.9034566929
 31
0.0
  0
LINE
  5
165A
330
1F
100
AcDbEntity
  8
0
  6
Continuous
 62
     7
370
    25
100
AcDbLine
 10
-0.4689566929
 20
-2.9034566929
 30
0.0
 11
-0.7439566929
 21
-2.9034566929
 31
0.0
  0
LINE
  5
165B
330
1F
100
AcDbEntity
  8
0
  6
Continuous
 62
     7
370
    25
100
AcDbLine
 10
-0.4689566929
 20
-2.9534566929
 30
0.0
 11
-0.4689566929
 21
-2.9034566929
 31
0.0
  0
LINE
  5
165C
330
1F
100
AcDbEntity
  8
0
  6
Continuous
 62
     7
370
    25
100
AcDbLine
 10
-0.7439566929
 20
-2.9034566929
 30
0.0
 11
-0.7439566929
 21
-2.9534566929
 31
0.0
  0
LINE
  5
165D
330
1F
100
AcDbEntity
  8
0
  6
Continuous
 62
     7
370
    25
100
AcDbLine
 10
-0.7989566929
 20
-2.9034566929
 30
0.0
 11
-1.0739566929
 21
-2.9034566929
 31
0.0
  0
LINE
  5
165E
330
1F
100
AcDbEntity
  8
0
  6
Continuous
 62
     7
370
    25
100
AcDbLine
 10
-0.7989566929
 20
-2.9534566929
 30
0.0
 11
-0.7989566929
 21
-2.9034566929
 31
0.0
  0
LINE
  5
165F
330
1F
100
AcDbEntity
  8
0
  6
Continuous
 62
     7
370
    25
100
AcDbLine
 10
-1.0739566929
 20
-2.9534566929
 30
0.0
 11
-1.0739566929
 21
-2.9034566929
 31
0.0
  0
LINE
  5
1660
330
1F
100
AcDbEntity
  8
0
  6
Continuous
 62
     7
370
    25
100
AcDbLine
 10
1.8055433071
 20
-2.9034566929
 30
0.0
 11
1.5660433071
 21
-2.9034566929
 31
0.0
  0
LINE
  5
1661
330
1F
100
AcDbEntity
  8
0
  6
Continuous
 62
     7
370
    25
100
AcDbLine
 10
1.5660433071
 20
-2.9534566929
 30
0.0
 11
1.5660433071
 21
-2.9034566929
 31
0.0
  0
LINE
  5
1662
330
1F
100
AcDbEntity
  8
0
  6
Continuous
 62
     7
370
    25
100
AcDbLine
 10
-1.6984566929
 20
-2.9034566929
 30
0.0
 11
-1.4589566929
 21
-2.9034566929
 31
0.0
  0
LINE
  5
1663
330
1F
100
AcDbEntity
  8
0
  6
Continuous
 62
     7
370
    25
100
AcDbLine
 10
-1.4589566929
 20
-2.9034566929
 30
0.0
 11
-1.4589566929
 21
-2.9534566929
 31
0.0
  0
LINE
  5
1664
330
1F
100
AcDbEntity
  8
0
  6
Continuous
 62
     7
370
    25
100
AcDbLine
 10
-1.4039566929
 20
-2.9034566929
 30
0.0
 11
-1.1289566929
 21
-2.9034566929
 31
0.0
  0
LINE
  5
1665
330
1F
100
AcDbEntity
  8
0
  6
Continuous
 62
     7
370
    25
100
AcDbLine
 10
-1.1289566929
 20
-2.9034566929
 30
0.0
 11
-1.1289566929
 21
-2.9534566929
 31
0.0
  0
LINE
  5
1666
330
1F
100
AcDbEntity
  8
0
  6
Continuous
 62
     7
370
    25
100
AcDbLine
 10
-1.6984566929
 20
-2.9534566929
 30
0.0
 11
-1.0819566929
 21
-2.9534566929
 31
0.0
  0
LINE
  5
1667
330
1F
100
AcDbEntity
  8
0
  6
Continuous
 62
     7
370
    25
100
AcDbLine
 10
-1.4039566929
 20
-2.9534566929
 30
0.0
 11
-1.4039566929
 21
-2.9034566929
 31
0.0
  0
LINE
  5
1668
330
1F
100
AcDbEntity
  8
0
  6
Continuous
 62
     7
370
    25
100
AcDbLine
 10
0.2460433071
 20
-2.9534566929
 30
0.0
 11
0.2460433071
 21
-2.9034566929
 31
0.0
  0
LINE
  5
1669
330
1F
100
AcDbEntity
  8
0
  6
Continuous
 62
     7
370
    25
100
AcDbLine
 10
0.5210433071
 20
-2.9034566929
 30
0.0
 11
0.2460433071
 21
-2.9034566929
 31
0.0
  0
LINE
  5
166A
330
1F
100
AcDbEntity
  8
0
  6
Continuous
 62
     7
370
    25
100
AcDbLine
 10
0.5210433071
 20
-2.9034566929
 30
0.0
 11
0.5210433071
 21
-2.9534566929
 31
0.0
  0
LINE
  5
166B
330
1F
100
AcDbEntity
  8
0
  6
Continuous
 62
     7
370
    25
100
AcDbLine
 10
-0.1389566929
 20
-2.9034566929
 30
0.0
 11
-0.4139566929
 21
-2.9034566929
 31
0.0
  0
LINE
  5
166C
330
1F
100
AcDbEntity
  8
0
  6
Continuous
 62
     7
370
    25
100
AcDbLine
 10
-0.1389566929
 20
-2.9534566929
 30
0.0
 11
-0.1389566929
 21
-2.9034566929
 31
0.0
  0
LINE
  5
166D
330
1F
100
AcDbEntity
  8
0
  6
Continuous
 62
     7
370
    25
100
AcDbLine
 10
-0.4139566929
 20
-2.9034566929
 30
0.0
 11
-0.4139566929
 21
-2.9534566929
 31
0.0
  0
LINE
  5
166E
330
1F
100
AcDbEntity
  8
0
  6
Continuous
 62
     7
370
    25
100
AcDbLine
 10
-1.0739566929
 20
-2.9534566929
 30
0.0
 11
1.8055433071
 21
-2.9534566929
 31
0.0
  0
LINE
  5
166F
330
1F
100
AcDbEntity
  8
0
  6
Continuous
 62
     7
370
    25
100
AcDbLine
 10
0.1910433071
 20
-2.9034566929
 30
0.0
 11
-0.0839566929
 21
-2.9034566929
 31
0.0
  0
LINE
  5
1670
330
1F
100
AcDbEntity
  8
0
  6
Continuous
 62
     7
370
    25
100
AcDbLine
 10
-0.0839566929
 20
-2.9034566929
 30
0.0
 11
-0.0839566929
 21
-2.9534566929
 31
0.0
  0
LINE
  5
1671
330
1F
100
AcDbEntity
  8
0
  6
Continuous
 62
     7
370
    25
100
AcDbLine
 10
0.1910433071
 20
-2.9034566929
 30
0.0
 11
0.1910433071
 21
-2.9534566929
 31
0.0
  0
LINE
  5
1672
330
1F
100
AcDbEntity
  8
0
  6
Continuous
 62
     7
370
    25
100
AcDbLine
 10
-1.2123566929
 20
-3.2134566929
 30
0.0
 11
-1.2123566929
 21
-3.1584566929
 31
0.0
  0
LINE
  5
1673
330
1F
100
AcDbEntity
  8
0
  6
Continuous
 62
     7
370
    25
100
AcDbLine
 10
-1.2123566929
 20
-3.1584566929
 30
0.0
 11
-1.2373566929
 21
-3.1584566929
 31
0.0
  0
LINE
  5
1674
330
1F
100
AcDbEntity
  8
0
  6
Continuous
 62
     7
370
    25
100
AcDbLine
 10
-1.2373566929
 20
-3.1584566929
 30
0.0
 11
-1.2373566929
 21
-3.2134566929
 31
0.0
  0
LINE
  5
1675
330
1F
100
AcDbEntity
  8
0
  6
Continuous
 62
     7
370
    25
100
AcDbLine
 10
-1.2123566929
 20
-3.2134566929
 30
0.0
 11
-1.2373566929
 21
-3.2134566929
 31
0.0
  0
LINE
  5
1676
330
1F
100
AcDbEntity
  8
0
  6
Continuous
 62
     7
370
    25
100
AcDbLine
 10
-1.2373566929
 20
-2.9864566929
 30
0.0
 11
-1.2123566929
 21
-2.9864566929
 31
0.0
  0
LINE
  5
1677
330
1F
100
AcDbEntity
  8
0
  6
Continuous
 62
     7
370
    25
100
AcDbLine
 10
-1.2373566929
 20
-2.9864566929
 30
0.0
 11
-1.2373566929
 21
-3.0414566929
 31
0.0
  0
LINE
  5
1678
330
1F
100
AcDbEntity
  8
0
  6
Continuous
 62
     7
370
    25
100
AcDbLine
 10
-1.2373566929
 20
-3.0414566929
 30
0.0
 11
-1.2123566929
 21
-3.0414566929
 31
0.0
  0
LINE
  5
1679
330
1F
100
AcDbEntity
  8
0
  6
Continuous
 62
     7
370
    25
100
AcDbLine
 10
-1.2123566929
 20
-3.0414566929
 30
0.0
 11
-1.2123566929
 21
-2.9864566929
 31
0.0
  0
LINE
  5
167A
330
1F
100
AcDbEntity
  8
0
  6
Continuous
 62
     7
370
    25
100
AcDbLine
 10
-1.2911566929
 20
-3.2134566929
 30
0.0
 11
-1.2911566929
 21
-3.1584566929
 31
0.0
  0
LINE
  5
167B
330
1F
100
AcDbEntity
  8
0
  6
Continuous
 62
     7
370
    25
100
AcDbLine
 10
-1.2911566929
 20
-3.1584566929
 30
0.0
 11
-1.3161566929
 21
-3.1584566929
 31
0.0
  0
LINE
  5
167C
330
1F
100
AcDbEntity
  8
0
  6
Continuous
 62
     7
370
    25
100
AcDbLine
 10
-1.3161566929
 20
-3.1584566929
 30
0.0
 11
-1.3161566929
 21
-3.2134566929
 31
0.0
  0
LINE
  5
167D
330
1F
100
AcDbEntity
  8
0
  6
Continuous
 62
     7
370
    25
100
AcDbLine
 10
-1.2911566929
 20
-3.2134566929
 30
0.0
 11
-1.3161566929
 21
-3.2134566929
 31
0.0
  0
LINE
  5
167E
330
1F
100
AcDbEntity
  8
0
  6
Continuous
 62
     7
370
    25
100
AcDbLine
 10
-1.3161566929
 20
-2.9864566929
 30
0.0
 11
-1.2911566929
 21
-2.9864566929
 31
0.0
  0
LINE
  5
167F
330
1F
100
AcDbEntity
  8
0
  6
Continuous
 62
     7
370
    25
100
AcDbLine
 10
-1.3161566929
 20
-2.9864566929
 30
0.0
 11
-1.3161566929
 21
-3.0414566929
 31
0.0
  0
LINE
  5
1680
330
1F
100
AcDbEntity
  8
0
  6
Continuous
 62
     7
370
    25
100
AcDbLine
 10
-1.3161566929
 20
-3.0414566929
 30
0.0
 11
-1.2911566929
 21
-3.0414566929
 31
0.0
  0
LINE
  5
1681
330
1F
100
AcDbEntity
  8
0
  6
Continuous
 62
     7
370
    25
100
AcDbLine
 10
-1.2911566929
 20
-3.0414566929
 30
0.0
 11
-1.2911566929
 21
-2.9864566929
 31
0.0
  0
LINE
  5
1682
330
1F
100
AcDbEntity
  8
0
  6
Continuous
 62
     7
370
    25
100
AcDbLine
 10
-1.3699566929
 20
-3.2134566929
 30
0.0
 11
-1.3699566929
 21
-3.1584566929
 31
0.0
  0
LINE
  5
1683
330
1F
100
AcDbEntity
  8
0
  6
Continuous
 62
     7
370
    25
100
AcDbLine
 10
-1.3699566929
 20
-3.1584566929
 30
0.0
 11
-1.3949566929
 21
-3.1584566929
 31
0.0
  0
LINE
  5
1684
330
1F
100
AcDbEntity
  8
0
  6
Continuous
 62
     7
370
    25
100
AcDbLine
 10
-1.3949566929
 20
-3.1584566929
 30
0.0
 11
-1.3949566929
 21
-3.2134566929
 31
0.0
  0
LINE
  5
1685
330
1F
100
AcDbEntity
  8
0
  6
Continuous
 62
     7
370
    25
100
AcDbLine
 10
-1.3699566929
 20
-3.2134566929
 30
0.0
 11
-1.3949566929
 21
-3.2134566929
 31
0.0
  0
LINE
  5
1686
330
1F
100
AcDbEntity
  8
0
  6
Continuous
 62
     7
370
    25
100
AcDbLine
 10
-1.3949566929
 20
-2.9864566929
 30
0.0
 11
-1.3699566929
 21
-2.9864566929
 31
0.0
  0
LINE
  5
1687
330
1F
100
AcDbEntity
  8
0
  6
Continuous
 62
     7
370
    25
100
AcDbLine
 10
-1.3949566929
 20
-2.9864566929
 30
0.0
 11
-1.3949566929
 21
-3.0414566929
 31
0.0
  0
LINE
  5
1688
330
1F
100
AcDbEntity
  8
0
  6
Continuous
 62
     7
370
    25
100
AcDbLine
 10
-1.3949566929
 20
-3.0414566929
 30
0.0
 11
-1.3699566929
 21
-3.0414566929
 31
0.0
  0
LINE
  5
1689
330
1F
100
AcDbEntity
  8
0
  6
Continuous
 62
     7
370
    25
100
AcDbLine
 10
-1.3699566929
 20
-3.0414566929
 30
0.0
 11
-1.3699566929
 21
-2.9864566929
 31
0.0
  0
LINE
  5
168A
330
1F
100
AcDbEntity
  8
0
  6
Continuous
 62
     7
370
    25
100
AcDbLine
 10
-1.4487566929
 20
-3.2134566929
 30
0.0
 11
-1.4487566929
 21
-3.1584566929
 31
0.0
  0
LINE
  5
168B
330
1F
100
AcDbEntity
  8
0
  6
Continuous
 62
     7
370
    25
100
AcDbLine
 10
-1.4487566929
 20
-3.1584566929
 30
0.0
 11
-1.4737566929
 21
-3.1584566929
 31
0.0
  0
LINE
  5
168C
330
1F
100
AcDbEntity
  8
0
  6
Continuous
 62
     7
370
    25
100
AcDbLine
 10
-1.4737566929
 20
-3.1584566929
 30
0.0
 11
-1.4737566929
 21
-3.2134566929
 31
0.0
  0
LINE
  5
168D
330
1F
100
AcDbEntity
  8
0
  6
Continuous
 62
     7
370
    25
100
AcDbLine
 10
-1.4487566929
 20
-3.2134566929
 30
0.0
 11
-1.4737566929
 21
-3.2134566929
 31
0.0
  0
LINE
  5
168E
330
1F
100
AcDbEntity
  8
0
  6
Continuous
 62
     7
370
    25
100
AcDbLine
 10
-1.4737566929
 20
-2.9864566929
 30
0.0
 11
-1.4487566929
 21
-2.9864566929
 31
0.0
  0
LINE
  5
168F
330
1F
100
AcDbEntity
  8
0
  6
Continuous
 62
     7
370
    25
100
AcDbLine
 10
-1.4737566929
 20
-2.9864566929
 30
0.0
 11
-1.4737566929
 21
-3.0414566929
 31
0.0
  0
LINE
  5
1690
330
1F
100
AcDbEntity
  8
0
  6
Continuous
 62
     7
370
    25
100
AcDbLine
 10
-1.4737566929
 20
-3.0414566929
 30
0.0
 11
-1.4487566929
 21
-3.0414566929
 31
0.0
  0
LINE
  5
1691
330
1F
100
AcDbEntity
  8
0
  6
Continuous
 62
     7
370
    25
100
AcDbLine
 10
-1.4487566929
 20
-3.0414566929
 30
0.0
 11
-1.4487566929
 21
-2.9864566929
 31
0.0
  0
LINE
  5
1692
330
1F
100
AcDbEntity
  8
0
  6
Continuous
 62
     7
370
    25
100
AcDbLine
 10
-1.5275566929
 20
-3.2134566929
 30
0.0
 11
-1.5275566929
 21
-3.1584566929
 31
0.0
  0
LINE
  5
1693
330
1F
100
AcDbEntity
  8
0
  6
Continuous
 62
     7
370
    25
100
AcDbLine
 10
-1.5275566929
 20
-3.1584566929
 30
0.0
 11
-1.5525566929
 21
-3.1584566929
 31
0.0
  0
LINE
  5
1694
330
1F
100
AcDbEntity
  8
0
  6
Continuous
 62
     7
370
    25
100
AcDbLine
 10
-1.5525566929
 20
-3.1584566929
 30
0.0
 11
-1.5525566929
 21
-3.2134566929
 31
0.0
  0
LINE
  5
1695
330
1F
100
AcDbEntity
  8
0
  6
Continuous
 62
     7
370
    25
100
AcDbLine
 10
-1.5275566929
 20
-3.2134566929
 30
0.0
 11
-1.5525566929
 21
-3.2134566929
 31
0.0
  0
LINE
  5
1696
330
1F
100
AcDbEntity
  8
0
  6
Continuous
 62
     7
370
    25
100
AcDbLine
 10
-1.5525566929
 20
-2.9864566929
 30
0.0
 11
-1.5275566929
 21
-2.9864566929
 31
0.0
  0
LINE
  5
1697
330
1F
100
AcDbEntity
  8
0
  6
Continuous
 62
     7
370
    25
100
AcDbLine
 10
-1.5525566929
 20
-2.9864566929
 30
0.0
 11
-1.5525566929
 21
-3.0414566929
 31
0.0
  0
LINE
  5
1698
330
1F
100
AcDbEntity
  8
0
  6
Continuous
 62
     7
370
    25
100
AcDbLine
 10
-1.5525566929
 20
-3.0414566929
 30
0.0
 11
-1.5275566929
 21
-3.0414566929
 31
0.0
  0
LINE
  5
1699
330
1F
100
AcDbEntity
  8
0
  6
Continuous
 62
     7
370
    25
100
AcDbLine
 10
-1.5275566929
 20
-3.0414566929
 30
0.0
 11
-1.5275566929
 21
-2.9864566929
 31
0.0
  0
LINE
  5
169A
330
1F
100
AcDbEntity
  8
0
  6
Continuous
 62
     7
370
    25
100
AcDbLine
 10
-1.6414566929
 20
-3.1549566929
 30
0.0
 11
-1.1424566929
 21
-3.1549566929
 31
0.0
  0
LINE
  5
169B
330
1F
100
AcDbEntity
  8
0
  6
Continuous
 62
     7
370
    25
100
AcDbLine
 10
-1.1424566929
 20
-3.1549566929
 30
0.0
 11
-1.1424566929
 21
-3.0449566929
 31
0.0
  0
LINE
  5
169C
330
1F
100
AcDbEntity
  8
0
  6
Continuous
 62
     7
370
    25
100
AcDbLine
 10
-1.1424566929
 20
-3.0449566929
 30
0.0
 11
-1.6414566929
 21
-3.0449566929
 31
0.0
  0
LINE
  5
169D
330
1F
100
AcDbEntity
  8
0
  6
Continuous
 62
     7
370
    25
100
AcDbLine
 10
-1.6414566929
 20
-3.0449566929
 30
0.0
 11
-1.6414566929
 21
-3.1549566929
 31
0.0
  0
LINE
  5
169E
330
1F
100
AcDbEntity
  8
0
  6
Continuous
 62
     7
370
    25
100
AcDbLine
 10
-1.5919566929
 20
-2.9864566929
 30
0.0
 11
-1.5669566929
 21
-2.9864566929
 31
0.0
  0
LINE
  5
169F
330
1F
100
AcDbEntity
  8
0
  6
Continuous
 62
     7
370
    25
100
AcDbLine
 10
-1.5919566929
 20
-2.9864566929
 30
0.0
 11
-1.5919566929
 21
-3.0414566929
 31
0.0
  0
LINE
  5
16A0
330
1F
100
AcDbEntity
  8
0
  6
Continuous
 62
     7
370
    25
100
AcDbLine
 10
-1.5919566929
 20
-3.0414566929
 30
0.0
 11
-1.5669566929
 21
-3.0414566929
 31
0.0
  0
LINE
  5
16A1
330
1F
100
AcDbEntity
  8
0
  6
Continuous
 62
     7
370
    25
100
AcDbLine
 10
-1.5669566929
 20
-3.0414566929
 30
0.0
 11
-1.5669566929
 21
-2.9864566929
 31
0.0
  0
LINE
  5
16A2
330
1F
100
AcDbEntity
  8
0
  6
Continuous
 62
     7
370
    25
100
AcDbLine
 10
-1.5669566929
 20
-3.2134566929
 30
0.0
 11
-1.5669566929
 21
-3.1584566929
 31
0.0
  0
LINE
  5
16A3
330
1F
100
AcDbEntity
  8
0
  6
Continuous
 62
     7
370
    25
100
AcDbLine
 10
-1.5669566929
 20
-3.1584566929
 30
0.0
 11
-1.5919566929
 21
-3.1584566929
 31
0.0
  0
LINE
  5
16A4
330
1F
100
AcDbEntity
  8
0
  6
Continuous
 62
     7
370
    25
100
AcDbLine
 10
-1.5919566929
 20
-3.1584566929
 30
0.0
 11
-1.5919566929
 21
-3.2134566929
 31
0.0
  0
LINE
  5
16A5
330
1F
100
AcDbEntity
  8
0
  6
Continuous
 62
     7
370
    25
100
AcDbLine
 10
-1.5669566929
 20
-3.2134566929
 30
0.0
 11
-1.5919566929
 21
-3.2134566929
 31
0.0
  0
LINE
  5
16A6
330
1F
100
AcDbEntity
  8
0
  6
Continuous
 62
     7
370
    25
100
AcDbLine
 10
-1.5131566929
 20
-2.9864566929
 30
0.0
 11
-1.4881566929
 21
-2.9864566929
 31
0.0
  0
LINE
  5
16A7
330
1F
100
AcDbEntity
  8
0
  6
Continuous
 62
     7
370
    25
100
AcDbLine
 10
-1.5131566929
 20
-2.9864566929
 30
0.0
 11
-1.5131566929
 21
-3.0414566929
 31
0.0
  0
LINE
  5
16A8
330
1F
100
AcDbEntity
  8
0
  6
Continuous
 62
     7
370
    25
100
AcDbLine
 10
-1.5131566929
 20
-3.0414566929
 30
0.0
 11
-1.4881566929
 21
-3.0414566929
 31
0.0
  0
LINE
  5
16A9
330
1F
100
AcDbEntity
  8
0
  6
Continuous
 62
     7
370
    25
100
AcDbLine
 10
-1.4881566929
 20
-3.0414566929
 30
0.0
 11
-1.4881566929
 21
-2.9864566929
 31
0.0
  0
LINE
  5
16AA
330
1F
100
AcDbEntity
  8
0
  6
Continuous
 62
     7
370
    25
100
AcDbLine
 10
-1.4881566929
 20
-3.2134566929
 30
0.0
 11
-1.4881566929
 21
-3.1584566929
 31
0.0
  0
LINE
  5
16AB
330
1F
100
AcDbEntity
  8
0
  6
Continuous
 62
     7
370
    25
100
AcDbLine
 10
-1.4881566929
 20
-3.1584566929
 30
0.0
 11
-1.5131566929
 21
-3.1584566929
 31
0.0
  0
LINE
  5
16AC
330
1F
100
AcDbEntity
  8
0
  6
Continuous
 62
     7
370
    25
100
AcDbLine
 10
-1.5131566929
 20
-3.1584566929
 30
0.0
 11
-1.5131566929
 21
-3.2134566929
 31
0.0
  0
LINE
  5
16AD
330
1F
100
AcDbEntity
  8
0
  6
Continuous
 62
     7
370
    25
100
AcDbLine
 10
-1.4881566929
 20
-3.2134566929
 30
0.0
 11
-1.5131566929
 21
-3.2134566929
 31
0.0
  0
LINE
  5
16AE
330
1F
100
AcDbEntity
  8
0
  6
Continuous
 62
     7
370
    25
100
AcDbLine
 10
-1.4343566929
 20
-2.9864566929
 30
0.0
 11
-1.4093566929
 21
-2.9864566929
 31
0.0
  0
LINE
  5
16AF
330
1F
100
AcDbEntity
  8
0
  6
Continuous
 62
     7
370
    25
100
AcDbLine
 10
-1.4343566929
 20
-2.9864566929
 30
0.0
 11
-1.4343566929
 21
-3.0414566929
 31
0.0
  0
LINE
  5
16B0
330
1F
100
AcDbEntity
  8
0
  6
Continuous
 62
     7
370
    25
100
AcDbLine
 10
-1.4343566929
 20
-3.0414566929
 30
0.0
 11
-1.4093566929
 21
-3.0414566929
 31
0.0
  0
LINE
  5
16B1
330
1F
100
AcDbEntity
  8
0
  6
Continuous
 62
     7
370
    25
100
AcDbLine
 10
-1.4093566929
 20
-3.0414566929
 30
0.0
 11
-1.4093566929
 21
-2.9864566929
 31
0.0
  0
LINE
  5
16B2
330
1F
100
AcDbEntity
  8
0
  6
Continuous
 62
     7
370
    25
100
AcDbLine
 10
-1.4093566929
 20
-3.2134566929
 30
0.0
 11
-1.4093566929
 21
-3.1584566929
 31
0.0
  0
LINE
  5
16B3
330
1F
100
AcDbEntity
  8
0
  6
Continuous
 62
     7
370
    25
100
AcDbLine
 10
-1.4093566929
 20
-3.1584566929
 30
0.0
 11
-1.4343566929
 21
-3.1584566929
 31
0.0
  0
LINE
  5
16B4
330
1F
100
AcDbEntity
  8
0
  6
Continuous
 62
     7
370
    25
100
AcDbLine
 10
-1.4343566929
 20
-3.1584566929
 30
0.0
 11
-1.4343566929
 21
-3.2134566929
 31
0.0
  0
LINE
  5
16B5
330
1F
100
AcDbEntity
  8
0
  6
Continuous
 62
     7
370
    25
100
AcDbLine
 10
-1.4093566929
 20
-3.2134566929
 30
0.0
 11
-1.4343566929
 21
-3.2134566929
 31
0.0
  0
LINE
  5
16B6
330
1F
100
AcDbEntity
  8
0
  6
Continuous
 62
     7
370
    25
100
AcDbLine
 10
-1.3555566929
 20
-2.9864566929
 30
0.0
 11
-1.3305566929
 21
-2.9864566929
 31
0.0
  0
LINE
  5
16B7
330
1F
100
AcDbEntity
  8
0
  6
Continuous
 62
     7
370
    25
100
AcDbLine
 10
-1.3555566929
 20
-2.9864566929
 30
0.0
 11
-1.3555566929
 21
-3.0414566929
 31
0.0
  0
LINE
  5
16B8
330
1F
100
AcDbEntity
  8
0
  6
Continuous
 62
     7
370
    25
100
AcDbLine
 10
-1.3555566929
 20
-3.0414566929
 30
0.0
 11
-1.3305566929
 21
-3.0414566929
 31
0.0
  0
LINE
  5
16B9
330
1F
100
AcDbEntity
  8
0
  6
Continuous
 62
     7
370
    25
100
AcDbLine
 10
-1.3305566929
 20
-3.0414566929
 30
0.0
 11
-1.3305566929
 21
-2.9864566929
 31
0.0
  0
LINE
  5
16BA
330
1F
100
AcDbEntity
  8
0
  6
Continuous
 62
     7
370
    25
100
AcDbLine
 10
-1.3305566929
 20
-3.2134566929
 30
0.0
 11
-1.3305566929
 21
-3.1584566929
 31
0.0
  0
LINE
  5
16BB
330
1F
100
AcDbEntity
  8
0
  6
Continuous
 62
     7
370
    25
100
AcDbLine
 10
-1.3305566929
 20
-3.1584566929
 30
0.0
 11
-1.3555566929
 21
-3.1584566929
 31
0.0
  0
LINE
  5
16BC
330
1F
100
AcDbEntity
  8
0
  6
Continuous
 62
     7
370
    25
100
AcDbLine
 10
-1.3555566929
 20
-3.1584566929
 30
0.0
 11
-1.3555566929
 21
-3.2134566929
 31
0.0
  0
LINE
  5
16BD
330
1F
100
AcDbEntity
  8
0
  6
Continuous
 62
     7
370
    25
100
AcDbLine
 10
-1.3305566929
 20
-3.2134566929
 30
0.0
 11
-1.3555566929
 21
-3.2134566929
 31
0.0
  0
LINE
  5
16BE
330
1F
100
AcDbEntity
  8
0
  6
Continuous
 62
     7
370
    25
100
AcDbLine
 10
-1.2767566929
 20
-2.9864566929
 30
0.0
 11
-1.2517566929
 21
-2.9864566929
 31
0.0
  0
LINE
  5
16BF
330
1F
100
AcDbEntity
  8
0
  6
Continuous
 62
     7
370
    25
100
AcDbLine
 10
-1.2767566929
 20
-2.9864566929
 30
0.0
 11
-1.2767566929
 21
-3.0414566929
 31
0.0
  0
LINE
  5
16C0
330
1F
100
AcDbEntity
  8
0
  6
Continuous
 62
     7
370
    25
100
AcDbLine
 10
-1.2767566929
 20
-3.0414566929
 30
0.0
 11
-1.2517566929
 21
-3.0414566929
 31
0.0
  0
LINE
  5
16C1
330
1F
100
AcDbEntity
  8
0
  6
Continuous
 62
     7
370
    25
100
AcDbLine
 10
-1.2517566929
 20
-3.0414566929
 30
0.0
 11
-1.2517566929
 21
-2.9864566929
 31
0.0
  0
LINE
  5
16C2
330
1F
100
AcDbEntity
  8
0
  6
Continuous
 62
     7
370
    25
100
AcDbLine
 10
-1.2517566929
 20
-3.2134566929
 30
0.0
 11
-1.2517566929
 21
-3.1584566929
 31
0.0
  0
LINE
  5
16C3
330
1F
100
AcDbEntity
  8
0
  6
Continuous
 62
     7
370
    25
100
AcDbLine
 10
-1.2517566929
 20
-3.1584566929
 30
0.0
 11
-1.2767566929
 21
-3.1584566929
 31
0.0
  0
LINE
  5
16C4
330
1F
100
AcDbEntity
  8
0
  6
Continuous
 62
     7
370
    25
100
AcDbLine
 10
-1.2767566929
 20
-3.1584566929
 30
0.0
 11
-1.2767566929
 21
-3.2134566929
 31
0.0
  0
LINE
  5
16C5
330
1F
100
AcDbEntity
  8
0
  6
Continuous
 62
     7
370
    25
100
AcDbLine
 10
-1.2517566929
 20
-3.2134566929
 30
0.0
 11
-1.2767566929
 21
-3.2134566929
 31
0.0
  0
LINE
  5
16C6
330
1F
100
AcDbEntity
  8
0
  6
Continuous
 62
     7
370
    25
100
AcDbLine
 10
-1.1979566929
 20
-2.9864566929
 30
0.0
 11
-1.1729566929
 21
-2.9864566929
 31
0.0
  0
LINE
  5
16C7
330
1F
100
AcDbEntity
  8
0
  6
Continuous
 62
     7
370
    25
100
AcDbLine
 10
-1.1979566929
 20
-2.9864566929
 30
0.0
 11
-1.1979566929
 21
-3.0414566929
 31
0.0
  0
LINE
  5
16C8
330
1F
100
AcDbEntity
  8
0
  6
Continuous
 62
     7
370
    25
100
AcDbLine
 10
-1.1979566929
 20
-3.0414566929
 30
0.0
 11
-1.1729566929
 21
-3.0414566929
 31
0.0
  0
LINE
  5
16C9
330
1F
100
AcDbEntity
  8
0
  6
Continuous
 62
     7
370
    25
100
AcDbLine
 10
-1.1729566929
 20
-3.0414566929
 30
0.0
 11
-1.1729566929
 21
-2.9864566929
 31
0.0
  0
LINE
  5
16CA
330
1F
100
AcDbEntity
  8
0
  6
Continuous
 62
     7
370
    25
100
AcDbLine
 10
-1.1729566929
 20
-3.2134566929
 30
0.0
 11
-1.1729566929
 21
-3.1584566929
 31
0.0
  0
LINE
  5
16CB
330
1F
100
AcDbEntity
  8
0
  6
Continuous
 62
     7
370
    25
100
AcDbLine
 10
-1.1729566929
 20
-3.1584566929
 30
0.0
 11
-1.1979566929
 21
-3.1584566929
 31
0.0
  0
LINE
  5
16CC
330
1F
100
AcDbEntity
  8
0
  6
Continuous
 62
     7
370
    25
100
AcDbLine
 10
-1.1979566929
 20
-3.1584566929
 30
0.0
 11
-1.1979566929
 21
-3.2134566929
 31
0.0
  0
LINE
  5
16CD
330
1F
100
AcDbEntity
  8
0
  6
Continuous
 62
     7
370
    25
100
AcDbLine
 10
-1.1729566929
 20
-3.2134566929
 30
0.0
 11
-1.1979566929
 21
-3.2134566929
 31
0.0
  0
LINE
  5
16CE
330
1F
100
AcDbEntity
  8
0
  6
Continuous
 62
     7
370
    25
100
AcDbLine
 10
1.8055433071
 20
-3.0424566929
 30
0.0
 11
1.7755433071
 21
-3.0424566929
 31
0.0
  0
LINE
  5
16CF
330
1F
100
AcDbEntity
  8
0
  6
Continuous
 62
     7
370
    25
100
AcDbLine
 10
1.7755433071
 20
-3.0424566929
 30
0.0
 11
1.7755433071
 21
-3.1574566929
 31
0.0
  0
LINE
  5
16D0
330
1F
100
AcDbEntity
  8
0
  6
Continuous
 62
     7
370
    25
100
AcDbLine
 10
1.7755433071
 20
-3.1574566929
 30
0.0
 11
1.8055433071
 21
-3.1574566929
 31
0.0
  0
LINE
  5
16D1
330
1F
100
AcDbEntity
  8
0
  6
Continuous
 62
     7
370
    25
100
AcDbLine
 10
1.8055433071
 20
-3.2464566929
 30
0.0
 11
-1.6984566929
 21
-3.2464566929
 31
0.0
  0
LINE
  5
16D2
330
1F
100
AcDbEntity
  8
0
  6
Continuous
 62
     7
370
    25
100
AcDbLine
 10
-1.6684566929
 20
-3.1574566929
 30
0.0
 11
-1.6984566929
 21
-3.1574566929
 31
0.0
  0
LINE
  5
16D3
330
1F
100
AcDbEntity
  8
0
  6
Continuous
 62
     7
370
    25
100
AcDbLine
 10
-1.6684566929
 20
-3.1574566929
 30
0.0
 11
-1.6684566929
 21
-3.0424566929
 31
0.0
  0
LINE
  5
16D4
330
1F
100
AcDbEntity
  8
0
  6
Continuous
 62
     7
370
    25
100
AcDbLine
 10
-1.6984566929
 20
-3.0424566929
 30
0.0
 11
-1.6684566929
 21
-3.0424566929
 31
0.0
  0
LINE
  5
16D5
330
1F
100
AcDbEntity
  8
0
  6
Continuous
 62
     7
370
    25
100
AcDbLine
 10
-1.1124566929
 20
-3.0449566929
 30
0.0
 11
-1.0819566929
 21
-3.0449566929
 31
0.0
  0
LINE
  5
16D6
330
1F
100
AcDbEntity
  8
0
  6
Continuous
 62
     7
370
    25
100
AcDbLine
 10
-1.1124566929
 20
-3.0449566929
 30
0.0
 11
-1.1124566929
 21
-3.1549566929
 31
0.0
  0
LINE
  5
16D7
330
1F
100
AcDbEntity
  8
0
  6
Continuous
 62
     7
370
    25
100
AcDbLine
 10
-1.0819566929
 20
-3.1549566929
 30
0.0
 11
-1.1124566929
 21
-3.1549566929
 31
0.0
  0
LINE
  5
16D8
330
1F
100
AcDbEntity
  8
0
  6
Continuous
 62
     7
370
    25
100
AcDbLine
 10
-1.0819566929
 20
-2.9534566929
 30
0.0
 11
-1.0819566929
 21
-3.2134566929
 31
0.0
  0
LINE
  5
16D9
330
1F
100
AcDbEntity
  8
0
  6
Continuous
 62
     7
370
    25
100
AcDbLine
 10
-1.0569566929
 20
-3.2134566929
 30
0.0
 11
-1.0819566929
 21
-3.2134566929
 31
0.0
  0
LINE
  5
16DA
330
1F
100
AcDbEntity
  8
0
  6
Continuous
 62
     7
370
    25
100
AcDbLine
 10
-1.0569566929
 20
-3.1549566929
 30
0.0
 11
1.7485433071
 21
-3.1549566929
 31
0.0
  0
LINE
  5
16DB
330
1F
100
AcDbEntity
  8
0
  6
Continuous
 62
     7
370
    25
100
AcDbLine
 10
1.7485433071
 20
-3.1549566929
 30
0.0
 11
1.7485433071
 21
-3.0449566929
 31
0.0
  0
LINE
  5
16DC
330
1F
100
AcDbEntity
  8
0
  6
Continuous
 62
     7
370
    25
100
AcDbLine
 10
1.7485433071
 20
-3.0449566929
 30
0.0
 11
-1.0569566929
 21
-3.0449566929
 31
0.0
  0
LINE
  5
16DD
330
1F
100
AcDbEntity
  8
0
  6
Continuous
 62
     7
370
    25
100
AcDbLine
 10
-1.0569566929
 20
-3.2134566929
 30
0.0
 11
-1.0569566929
 21
-2.9534566929
 31
0.0
  0
LINE
  5
16DE
330
1F
100
AcDbEntity
  8
0
  6
Continuous
 62
     7
370
    25
100
AcDbLine
 10
-1.6984566929
 20
-3.2464566929
 30
0.0
 11
-1.6984566929
 21
-2.9034566929
 31
0.0
  0
LINE
  5
16DF
330
1F
100
AcDbEntity
  8
0
  6
Continuous
 62
     7
370
    25
100
AcDbLine
 10
1.8055433071
 20
-3.2464566929
 30
0.0
 11
1.8055433071
 21
-2.9034566929
 31
0.0
  0
LINE
  5
16E0
330
1F
100
AcDbEntity
  8
0
  6
Continuous
 62
     7
370
    25
100
AcDbLine
 10
1.7485433071
 20
-3.0449566929
 30
0.0
 11
1.7285433071
 21
-3.0649566929
 31
0.0
  0
LINE
  5
16E1
330
1F
100
AcDbEntity
  8
0
  6
Continuous
 62
     7
370
    25
100
AcDbLine
 10
1.7285433071
 20
-3.0649566929
 30
0.0
 11
-1.0569566929
 21
-3.0649566929
 31
0.0
  0
LINE
  5
16E2
330
1F
100
AcDbEntity
  8
0
  6
Continuous
 62
     7
370
    25
100
AcDbLine
 10
-1.1124566929
 20
-3.0449566929
 30
0.0
 11
-1.0924566929
 21
-3.0649566929
 31
0.0
  0
LINE
  5
16E3
330
1F
100
AcDbEntity
  8
0
  6
Continuous
 62
     7
370
    25
100
AcDbLine
 10
-1.0924566929
 20
-3.0649566929
 30
0.0
 11
-1.0924566929
 21
-3.1349566929
 31
0.0
  0
LINE
  5
16E4
330
1F
100
AcDbEntity
  8
0
  6
Continuous
 62
     7
370
    25
100
AcDbLine
 10
-1.0924566929
 20
-3.1349566929
 30
0.0
 11
-1.1124566929
 21
-3.1549566929
 31
0.0
  0
LINE
  5
16E5
330
1F
100
AcDbEntity
  8
0
  6
Continuous
 62
     7
370
    25
100
AcDbLine
 10
-1.0924566929
 20
-3.0649566929
 30
0.0
 11
-1.0819566929
 21
-3.0649566929
 31
0.0
  0
LINE
  5
16E6
330
1F
100
AcDbEntity
  8
0
  6
Continuous
 62
     7
370
    25
100
AcDbLine
 10
-1.1424566929
 20
-3.0449566929
 30
0.0
 11
-1.1624566929
 21
-3.0649566929
 31
0.0
  0
LINE
  5
16E7
330
1F
100
AcDbEntity
  8
0
  6
Continuous
 62
     7
370
    25
100
AcDbLine
 10
-1.1624566929
 20
-3.0649566929
 30
0.0
 11
-1.6214566929
 21
-3.0649566929
 31
0.0
  0
LINE
  5
16E8
330
1F
100
AcDbEntity
  8
0
  6
Continuous
 62
     7
370
    25
100
AcDbLine
 10
-1.6414566929
 20
-3.0449566929
 30
0.0
 11
-1.6214566929
 21
-3.0649566929
 31
0.0
  0
LINE
  5
16E9
330
1F
100
AcDbEntity
  8
0
  6
Continuous
 62
     7
370
    25
100
AcDbLine
 10
-1.1624566929
 20
-3.1349566929
 30
0.0
 11
-1.1424566929
 21
-3.1549566929
 31
0.0
  0
LINE
  5
16EA
330
1F
100
AcDbEntity
  8
0
  6
Continuous
 62
     7
370
    25
100
AcDbLine
 10
-1.1624566929
 20
-3.1349566929
 30
0.0
 11
-1.1624566929
 21
-3.0649566929
 31
0.0
  0
LINE
  5
16EB
330
1F
100
AcDbEntity
  8
0
  6
Continuous
 62
     7
370
    25
100
AcDbLine
 10
-1.6214566929
 20
-3.0649566929
 30
0.0
 11
-1.6214566929
 21
-3.1349566929
 31
0.0
  0
LINE
  5
16EC
330
1F
100
AcDbEntity
  8
0
  6
Continuous
 62
     7
370
    25
100
AcDbLine
 10
-1.6414566929
 20
-3.1549566929
 30
0.0
 11
-1.6214566929
 21
-3.1349566929
 31
0.0
  0
LINE
  5
16ED
330
1F
100
AcDbEntity
  8
0
  6
Continuous
 62
     7
370
    25
100
AcDbLine
 10
1.7485433071
 20
-3.1549566929
 30
0.0
 11
1.7285433071
 21
-3.1349566929
 31
0.0
  0
LINE
  5
16EE
330
1F
100
AcDbEntity
  8
0
  6
Continuous
 62
     7
370
    25
100
AcDbLine
 10
1.7285433071
 20
-3.1349566929
 30
0.0
 11
1.7285433071
 21
-3.0649566929
 31
0.0
  0
LINE
  5
16EF
330
1F
100
AcDbEntity
  8
0
  6
Continuous
 62
     7
370
    25
100
AcDbLine
 10
-1.0819566929
 20
-3.1349566929
 30
0.0
 11
-1.0924566929
 21
-3.1349566929
 31
0.0
  0
LINE
  5
16F0
330
1F
100
AcDbEntity
  8
0
  6
Continuous
 62
     7
370
    25
100
AcDbLine
 10
-1.0569566929
 20
-3.1349566929
 30
0.0
 11
1.7285433071
 21
-3.1349566929
 31
0.0
  0
LINE
  5
16F1
330
1F
100
AcDbEntity
  8
0
  6
Continuous
 62
     7
370
    25
100
AcDbLine
 10
-1.6214566929
 20
-3.1349566929
 30
0.0
 11
-1.1624566929
 21
-3.1349566929
 31
0.0
  0
LINE
  5
16F2
330
1F
100
AcDbEntity
  8
0
  6
Continuous
 62
     7
370
    25
100
AcDbLine
 10
-1.2517566929
 20
-3.0040566929
 30
0.0
 11
-1.2767566929
 21
-3.0040566929
 31
0.0
  0
LINE
  5
16F3
330
1F
100
AcDbEntity
  8
0
  6
Continuous
 62
     7
370
    25
100
AcDbLine
 10
-1.5669566929
 20
-3.0040566929
 30
0.0
 11
-1.5919566929
 21
-3.0040566929
 31
0.0
  0
LINE
  5
16F4
330
1F
100
AcDbEntity
  8
0
  6
Continuous
 62
     7
370
    25
100
AcDbLine
 10
-1.4487566929
 20
-3.0040566929
 30
0.0
 11
-1.4737566929
 21
-3.0040566929
 31
0.0
  0
LINE
  5
16F5
330
1F
100
AcDbEntity
  8
0
  6
Continuous
 62
     7
370
    25
100
AcDbLine
 10
-1.3699566929
 20
-3.0040566929
 30
0.0
 11
-1.3949566929
 21
-3.0040566929
 31
0.0
  0
LINE
  5
16F6
330
1F
100
AcDbEntity
  8
0
  6
Continuous
 62
     7
370
    25
100
AcDbLine
 10
-1.2911566929
 20
-3.0040566929
 30
0.0
 11
-1.3161566929
 21
-3.0040566929
 31
0.0
  0
LINE
  5
16F7
330
1F
100
AcDbEntity
  8
0
  6
Continuous
 62
     7
370
    25
100
AcDbLine
 10
-1.2123566929
 20
-3.0040566929
 30
0.0
 11
-1.2373566929
 21
-3.0040566929
 31
0.0
  0
LINE
  5
16F8
330
1F
100
AcDbEntity
  8
0
  6
Continuous
 62
     7
370
    25
100
AcDbLine
 10
-1.4881566929
 20
-3.0040566929
 30
0.0
 11
-1.5131566929
 21
-3.0040566929
 31
0.0
  0
LINE
  5
16F9
330
1F
100
AcDbEntity
  8
0
  6
Continuous
 62
     7
370
    25
100
AcDbLine
 10
-1.1729566929
 20
-3.0040566929
 30
0.0
 11
-1.1979566929
 21
-3.0040566929
 31
0.0
  0
LINE
  5
16FA
330
1F
100
AcDbEntity
  8
0
  6
Continuous
 62
     7
370
    25
100
AcDbLine
 10
-1.3305566929
 20
-3.0040566929
 30
0.0
 11
-1.3555566929
 21
-3.0040566929
 31
0.0
  0
LINE
  5
16FB
330
1F
100
AcDbEntity
  8
0
  6
Continuous
 62
     7
370
    25
100
AcDbLine
 10
-1.4093566929
 20
-3.0040566929
 30
0.0
 11
-1.4343566929
 21
-3.0040566929
 31
0.0
  0
LINE
  5
16FC
330
1F
100
AcDbEntity
  8
0
  6
Continuous
 62
     7
370
    25
100
AcDbLine
 10
-1.5275566929
 20
-3.0040566929
 30
0.0
 11
-1.5525566929
 21
-3.0040566929
 31
0.0
  0
LINE
  5
16FD
330
1F
100
AcDbEntity
  8
0
  6
Continuous
 62
     7
370
    25
100
AcDbLine
 10
-1.3949566929
 20
-3.1958566929
 30
0.0
 11
-1.3699566929
 21
-3.1958566929
 31
0.0
  0
LINE
  5
16FE
330
1F
100
AcDbEntity
  8
0
  6
Continuous
 62
     7
370
    25
100
AcDbLine
 10
-1.5131566929
 20
-3.1958566929
 30
0.0
 11
-1.4881566929
 21
-3.1958566929
 31
0.0
  0
LINE
  5
16FF
330
1F
100
AcDbEntity
  8
0
  6
Continuous
 62
     7
370
    25
100
AcDbLine
 10
-1.3161566929
 20
-3.1958566929
 30
0.0
 11
-1.2911566929
 21
-3.1958566929
 31
0.0
  0
LINE
  5
1700
330
1F
100
AcDbEntity
  8
0
  6
Continuous
 62
     7
370
    25
100
AcDbLine
 10
-1.2373566929
 20
-3.1958566929
 30
0.0
 11
-1.2123566929
 21
-3.1958566929
 31
0.0
  0
LINE
  5
1701
330
1F
100
AcDbEntity
  8
0
  6
Continuous
 62
     7
370
    25
100
AcDbLine
 10
-1.4737566929
 20
-3.1958566929
 30
0.0
 11
-1.4487566929
 21
-3.1958566929
 31
0.0
  0
LINE
  5
1702
330
1F
100
AcDbEntity
  8
0
  6
Continuous
 62
     7
370
    25
100
AcDbLine
 10
-1.5919566929
 20
-3.1958566929
 30
0.0
 11
-1.5669566929
 21
-3.1958566929
 31
0.0
  0
LINE
  5
1703
330
1F
100
AcDbEntity
  8
0
  6
Continuous
 62
     7
370
    25
100
AcDbLine
 10
-1.4343566929
 20
-3.1958566929
 30
0.0
 11
-1.4093566929
 21
-3.1958566929
 31
0.0
  0
LINE
  5
1704
330
1F
100
AcDbEntity
  8
0
  6
Continuous
 62
     7
370
    25
100
AcDbLine
 10
-1.0569566929
 20
-3.1958566929
 30
0.0
 11
-1.0819566929
 21
-3.1958566929
 31
0.0
  0
LINE
  5
1705
330
1F
100
AcDbEntity
  8
0
  6
Continuous
 62
     7
370
    25
100
AcDbLine
 10
-1.2767566929
 20
-3.1958566929
 30
0.0
 11
-1.2517566929
 21
-3.1958566929
 31
0.0
  0
LINE
  5
1706
330
1F
100
AcDbEntity
  8
0
  6
Continuous
 62
     7
370
    25
100
AcDbLine
 10
-1.5525566929
 20
-3.1958566929
 30
0.0
 11
-1.5275566929
 21
-3.1958566929
 31
0.0
  0
LINE
  5
1707
330
1F
100
AcDbEntity
  8
0
  6
Continuous
 62
     7
370
    25
100
AcDbLine
 10
-1.1979566929
 20
-3.1958566929
 30
0.0
 11
-1.1729566929
 21
-3.1958566929
 31
0.0
  0
LINE
  5
1708
330
1F
100
AcDbEntity
  8
0
  6
Continuous
 62
     7
370
    25
100
AcDbLine
 10
-1.3555566929
 20
-3.1958566929
 30
0.0
 11
-1.3305566929
 21
-3.1958566929
 31
0.0
  0
LINE
  5
1709
330
1F
100
AcDbEntity
  8
0
  6
Continuous
 62
     7
370
    25
100
AcDbLine
 10
-1.3699566929
 20
-3.0089566929
 30
0.0
 11
-1.3949566929
 21
-3.0089566929
 31
0.0
  0
LINE
  5
170A
330
1F
100
AcDbEntity
  8
0
  6
Continuous
 62
     7
370
    25
100
AcDbLine
 10
-1.2517566929
 20
-3.0089566929
 30
0.0
 11
-1.2767566929
 21
-3.0089566929
 31
0.0
  0
LINE
  5
170B
330
1F
100
AcDbEntity
  8
0
  6
Continuous
 62
     7
370
    25
100
AcDbLine
 10
-1.3305566929
 20
-3.0089566929
 30
0.0
 11
-1.3555566929
 21
-3.0089566929
 31
0.0
  0
LINE
  5
170C
330
1F
100
AcDbEntity
  8
0
  6
Continuous
 62
     7
370
    25
100
AcDbLine
 10
-1.5275566929
 20
-3.0089566929
 30
0.0
 11
-1.5525566929
 21
-3.0089566929
 31
0.0
  0
LINE
  5
170D
330
1F
100
AcDbEntity
  8
0
  6
Continuous
 62
     7
370
    25
100
AcDbLine
 10
-1.5669566929
 20
-3.0089566929
 30
0.0
 11
-1.5919566929
 21
-3.0089566929
 31
0.0
  0
LINE
  5
170E
330
1F
100
AcDbEntity
  8
0
  6
Continuous
 62
     7
370
    25
100
AcDbLine
 10
-1.4881566929
 20
-3.0089566929
 30
0.0
 11
-1.5131566929
 21
-3.0089566929
 31
0.0
  0
LINE
  5
170F
330
1F
100
AcDbEntity
  8
0
  6
Continuous
 62
     7
370
    25
100
AcDbLine
 10
-1.2911566929
 20
-3.0089566929
 30
0.0
 11
-1.3161566929
 21
-3.0089566929
 31
0.0
  0
LINE
  5
1710
330
1F
100
AcDbEntity
  8
0
  6
Continuous
 62
     7
370
    25
100
AcDbLine
 10
-1.4093566929
 20
-3.0089566929
 30
0.0
 11
-1.4343566929
 21
-3.0089566929
 31
0.0
  0
LINE
  5
1711
330
1F
100
AcDbEntity
  8
0
  6
Continuous
 62
     7
370
    25
100
AcDbLine
 10
-1.2123566929
 20
-3.0089566929
 30
0.0
 11
-1.2373566929
 21
-3.0089566929
 31
0.0
  0
LINE
  5
1712
330
1F
100
AcDbEntity
  8
0
  6
Continuous
 62
     7
370
    25
100
AcDbLine
 10
-1.1729566929
 20
-3.0089566929
 30
0.0
 11
-1.1979566929
 21
-3.0089566929
 31
0.0
  0
LINE
  5
1713
330
1F
100
AcDbEntity
  8
0
  6
Continuous
 62
     7
370
    25
100
AcDbLine
 10
-1.4487566929
 20
-3.0089566929
 30
0.0
 11
-1.4737566929
 21
-3.0089566929
 31
0.0
  0
LINE
  5
1714
330
1F
100
AcDbEntity
  8
0
  6
Continuous
 62
     7
370
    25
100
AcDbLine
 10
-1.2767566929
 20
-3.1909566929
 30
0.0
 11
-1.2517566929
 21
-3.1909566929
 31
0.0
  0
LINE
  5
1715
330
1F
100
AcDbEntity
  8
0
  6
Continuous
 62
     7
370
    25
100
AcDbLine
 10
-1.4343566929
 20
-3.1909566929
 30
0.0
 11
-1.4093566929
 21
-3.1909566929
 31
0.0
  0
LINE
  5
1716
330
1F
100
AcDbEntity
  8
0
  6
Continuous
 62
     7
370
    25
100
AcDbLine
 10
-1.5919566929
 20
-3.1909566929
 30
0.0
 11
-1.5669566929
 21
-3.1909566929
 31
0.0
  0
LINE
  5
1717
330
1F
100
AcDbEntity
  8
0
  6
Continuous
 62
     7
370
    25
100
AcDbLine
 10
-1.3949566929
 20
-3.1909566929
 30
0.0
 11
-1.3699566929
 21
-3.1909566929
 31
0.0
  0
LINE
  5
1718
330
1F
100
AcDbEntity
  8
0
  6
Continuous
 62
     7
370
    25
100
AcDbLine
 10
-1.2373566929
 20
-3.1909566929
 30
0.0
 11
-1.2123566929
 21
-3.1909566929
 31
0.0
  0
LINE
  5
1719
330
1F
100
AcDbEntity
  8
0
  6
Continuous
 62
     7
370
    25
100
AcDbLine
 10
-1.3161566929
 20
-3.1909566929
 30
0.0
 11
-1.2911566929
 21
-3.1909566929
 31
0.0
  0
LINE
  5
171A
330
1F
100
AcDbEntity
  8
0
  6
Continuous
 62
     7
370
    25
100
AcDbLine
 10
-1.5131566929
 20
-3.1909566929
 30
0.0
 11
-1.4881566929
 21
-3.1909566929
 31
0.0
  0
LINE
  5
171B
330
1F
100
AcDbEntity
  8
0
  6
Continuous
 62
     7
370
    25
100
AcDbLine
 10
-1.1979566929
 20
-3.1909566929
 30
0.0
 11
-1.1729566929
 21
-3.1909566929
 31
0.0
  0
LINE
  5
171C
330
1F
100
AcDbEntity
  8
0
  6
Continuous
 62
     7
370
    25
100
AcDbLine
 10
-1.5525566929
 20
-3.1909566929
 30
0.0
 11
-1.5275566929
 21
-3.1909566929
 31
0.0
  0
LINE
  5
171D
330
1F
100
AcDbEntity
  8
0
  6
Continuous
 62
     7
370
    25
100
AcDbLine
 10
-1.3555566929
 20
-3.1909566929
 30
0.0
 11
-1.3305566929
 21
-3.1909566929
 31
0.0
  0
LINE
  5
171E
330
1F
100
AcDbEntity
  8
0
  6
Continuous
 62
     7
370
    25
100
AcDbLine
 10
-1.0569566929
 20
-3.1909566929
 30
0.0
 11
-1.0819566929
 21
-3.1909566929
 31
0.0
  0
LINE
  5
171F
330
1F
100
AcDbEntity
  8
0
  6
Continuous
 62
     7
370
    25
100
AcDbLine
 10
-1.4737566929
 20
-3.1909566929
 30
0.0
 11
-1.4487566929
 21
-3.1909566929
 31
0.0
  0
LINE
  5
1720
330
1F
100
AcDbEntity
  8
0
  6
Continuous
 62
     7
370
    25
100
AcDbLine
 10
-1.2373566929
 20
-3.1156566929
 30
0.0
 11
-1.2123566929
 21
-3.1156566929
 31
0.0
  0
LINE
  5
1721
330
1F
100
AcDbEntity
  8
0
  6
Continuous
 62
     7
370
    25
100
AcDbLine
 10
-1.2767566929
 20
-3.1156566929
 30
0.0
 11
-1.2517566929
 21
-3.1156566929
 31
0.0
  0
LINE
  5
1722
330
1F
100
AcDbEntity
  8
0
  6
Continuous
 62
     7
370
    25
100
AcDbLine
 10
-1.3161566929
 20
-3.1156566929
 30
0.0
 11
-1.2911566929
 21
-3.1156566929
 31
0.0
  0
LINE
  5
1723
330
1F
100
AcDbEntity
  8
0
  6
Continuous
 62
     7
370
    25
100
AcDbLine
 10
-1.3555566929
 20
-3.1156566929
 30
0.0
 11
-1.3305566929
 21
-3.1156566929
 31
0.0
  0
LINE
  5
1724
330
1F
100
AcDbEntity
  8
0
  6
Continuous
 62
     7
370
    25
100
AcDbLine
 10
-1.3949566929
 20
-3.1156566929
 30
0.0
 11
-1.3699566929
 21
-3.1156566929
 31
0.0
  0
LINE
  5
1725
330
1F
100
AcDbEntity
  8
0
  6
Continuous
 62
     7
370
    25
100
AcDbLine
 10
-1.4343566929
 20
-3.1156566929
 30
0.0
 11
-1.4093566929
 21
-3.1156566929
 31
0.0
  0
LINE
  5
1726
330
1F
100
AcDbEntity
  8
0
  6
Continuous
 62
     7
370
    25
100
AcDbLine
 10
-1.4737566929
 20
-3.1156566929
 30
0.0
 11
-1.4487566929
 21
-3.1156566929
 31
0.0
  0
LINE
  5
1727
330
1F
100
AcDbEntity
  8
0
  6
Continuous
 62
     7
370
    25
100
AcDbLine
 10
-1.5131566929
 20
-3.1156566929
 30
0.0
 11
-1.4881566929
 21
-3.1156566929
 31
0.0
  0
LINE
  5
1728
330
1F
100
AcDbEntity
  8
0
  6
Continuous
 62
     7
370
    25
100
AcDbLine
 10
-1.5525566929
 20
-3.1156566929
 30
0.0
 11
-1.5275566929
 21
-3.1156566929
 31
0.0
  0
LINE
  5
1729
330
1F
100
AcDbEntity
  8
0
  6
Continuous
 62
     7
370
    25
100
AcDbLine
 10
-1.5919566929
 20
-3.1156566929
 30
0.0
 11
-1.5669566929
 21
-3.1156566929
 31
0.0
  0
LINE
  5
172A
330
1F
100
AcDbEntity
  8
0
  6
Continuous
 62
     7
370
    25
100
AcDbLine
 10
-1.5669566929
 20
-3.0842566929
 30
0.0
 11
-1.5919566929
 21
-3.0842566929
 31
0.0
  0
LINE
  5
172B
330
1F
100
AcDbEntity
  8
0
  6
Continuous
 62
     7
370
    25
100
AcDbLine
 10
-1.5275566929
 20
-3.0842566929
 30
0.0
 11
-1.5525566929
 21
-3.0842566929
 31
0.0
  0
LINE
  5
172C
330
1F
100
AcDbEntity
  8
0
  6
Continuous
 62
     7
370
    25
100
AcDbLine
 10
-1.4881566929
 20
-3.0842566929
 30
0.0
 11
-1.5131566929
 21
-3.0842566929
 31
0.0
  0
LINE
  5
172D
330
1F
100
AcDbEntity
  8
0
  6
Continuous
 62
     7
370
    25
100
AcDbLine
 10
-1.4487566929
 20
-3.0842566929
 30
0.0
 11
-1.4737566929
 21
-3.0842566929
 31
0.0
  0
LINE
  5
172E
330
1F
100
AcDbEntity
  8
0
  6
Continuous
 62
     7
370
    25
100
AcDbLine
 10
-1.4093566929
 20
-3.0842566929
 30
0.0
 11
-1.4343566929
 21
-3.0842566929
 31
0.0
  0
LINE
  5
172F
330
1F
100
AcDbEntity
  8
0
  6
Continuous
 62
     7
370
    25
100
AcDbLine
 10
-1.3699566929
 20
-3.0842566929
 30
0.0
 11
-1.3949566929
 21
-3.0842566929
 31
0.0
  0
LINE
  5
1730
330
1F
100
AcDbEntity
  8
0
  6
Continuous
 62
     7
370
    25
100
AcDbLine
 10
-1.3305566929
 20
-3.0842566929
 30
0.0
 11
-1.3555566929
 21
-3.0842566929
 31
0.0
  0
LINE
  5
1731
330
1F
100
AcDbEntity
  8
0
  6
Continuous
 62
     7
370
    25
100
AcDbLine
 10
-1.2911566929
 20
-3.0842566929
 30
0.0
 11
-1.3161566929
 21
-3.0842566929
 31
0.0
  0
LINE
  5
1732
330
1F
100
AcDbEntity
  8
0
  6
Continuous
 62
     7
370
    25
100
AcDbLine
 10
-1.2517566929
 20
-3.0842566929
 30
0.0
 11
-1.2767566929
 21
-3.0842566929
 31
0.0
  0
LINE
  5
1733
330
1F
100
AcDbEntity
  8
0
  6
Continuous
 62
     7
370
    25
100
AcDbLine
 10
-1.2123566929
 20
-3.0842566929
 30
0.0
 11
-1.2373566929
 21
-3.0842566929
 31
0.0
  0
LINE
  5
1734
330
1F
100
AcDbEntity
  8
0
  6
Continuous
 62
     7
370
    25
100
AcDbLine
 10
-1.1729566929
 20
-3.0842566929
 30
0.0
 11
-1.1979566929
 21
-3.0842566929
 31
0.0
  0
LINE
  5
1735
330
1F
100
AcDbEntity
  8
0
  6
Continuous
 62
     7
370
    25
100
AcDbLine
 10
-1.1979566929
 20
-3.1156566929
 30
0.0
 11
-1.1729566929
 21
-3.1156566929
 31
0.0
  0
LINE
  5
1736
330
1F
100
AcDbEntity
  8
0
  6
Continuous
 62
     7
370
    25
100
AcDbLine
 10
-1.4737566929
 20
-3.1349566929
 30
0.0
 11
-1.4737566929
 21
-3.1156566929
 31
0.0
  0
LINE
  5
1737
330
1F
100
AcDbEntity
  8
0
  6
Continuous
 62
     7
370
    25
100
AcDbLine
 10
-1.3555566929
 20
-3.1349566929
 30
0.0
 11
-1.3555566929
 21
-3.1156566929
 31
0.0
  0
LINE
  5
1738
330
1F
100
AcDbEntity
  8
0
  6
Continuous
 62
     7
370
    25
100
AcDbLine
 10
-1.2767566929
 20
-3.1349566929
 30
0.0
 11
-1.2767566929
 21
-3.1156566929
 31
0.0
  0
LINE
  5
1739
330
1F
100
AcDbEntity
  8
0
  6
Continuous
 62
     7
370
    25
100
AcDbLine
 10
-1.2911566929
 20
-3.1156566929
 30
0.0
 11
-1.2911566929
 21
-3.1349566929
 31
0.0
  0
LINE
  5
173A
330
1F
100
AcDbEntity
  8
0
  6
Continuous
 62
     7
370
    25
100
AcDbLine
 10
-1.4487566929
 20
-3.1156566929
 30
0.0
 11
-1.4487566929
 21
-3.1349566929
 31
0.0
  0
LINE
  5
173B
330
1F
100
AcDbEntity
  8
0
  6
Continuous
 62
     7
370
    25
100
AcDbLine
 10
-1.4881566929
 20
-3.1156566929
 30
0.0
 11
-1.4881566929
 21
-3.1349566929
 31
0.0
  0
LINE
  5
173C
330
1F
100
AcDbEntity
  8
0
  6
Continuous
 62
     7
370
    25
100
AcDbLine
 10
-1.3161566929
 20
-3.1349566929
 30
0.0
 11
-1.3161566929
 21
-3.1156566929
 31
0.0
  0
LINE
  5
173D
330
1F
100
AcDbEntity
  8
0
  6
Continuous
 62
     7
370
    25
100
AcDbLine
 10
-1.1729566929
 20
-3.1156566929
 30
0.0
 11
-1.1729566929
 21
-3.1349566929
 31
0.0
  0
LINE
  5
173E
330
1F
100
AcDbEntity
  8
0
  6
Continuous
 62
     7
370
    25
100
AcDbLine
 10
-1.4343566929
 20
-3.1349566929
 30
0.0
 11
-1.4343566929
 21
-3.1156566929
 31
0.0
  0
LINE
  5
173F
330
1F
100
AcDbEntity
  8
0
  6
Continuous
 62
     7
370
    25
100
AcDbLine
 10
-1.4093566929
 20
-3.1156566929
 30
0.0
 11
-1.4093566929
 21
-3.1349566929
 31
0.0
  0
LINE
  5
1740
330
1F
100
AcDbEntity
  8
0
  6
Continuous
 62
     7
370
    25
100
AcDbLine
 10
-1.1979566929
 20
-3.1349566929
 30
0.0
 11
-1.1979566929
 21
-3.1156566929
 31
0.0
  0
LINE
  5
1741
330
1F
100
AcDbEntity
  8
0
  6
Continuous
 62
     7
370
    25
100
AcDbLine
 10
-1.3305566929
 20
-3.1156566929
 30
0.0
 11
-1.3305566929
 21
-3.1349566929
 31
0.0
  0
LINE
  5
1742
330
1F
100
AcDbEntity
  8
0
  6
Continuous
 62
     7
370
    25
100
AcDbLine
 10
-1.5669566929
 20
-3.1156566929
 30
0.0
 11
-1.5669566929
 21
-3.1349566929
 31
0.0
  0
LINE
  5
1743
330
1F
100
AcDbEntity
  8
0
  6
Continuous
 62
     7
370
    25
100
AcDbLine
 10
-1.2517566929
 20
-3.1156566929
 30
0.0
 11
-1.2517566929
 21
-3.1349566929
 31
0.0
  0
LINE
  5
1744
330
1F
100
AcDbEntity
  8
0
  6
Continuous
 62
     7
370
    25
100
AcDbLine
 10
-1.5131566929
 20
-3.1349566929
 30
0.0
 11
-1.5131566929
 21
-3.1156566929
 31
0.0
  0
LINE
  5
1745
330
1F
100
AcDbEntity
  8
0
  6
Continuous
 62
     7
370
    25
100
AcDbLine
 10
-1.2373566929
 20
-3.1349566929
 30
0.0
 11
-1.2373566929
 21
-3.1156566929
 31
0.0
  0
LINE
  5
1746
330
1F
100
AcDbEntity
  8
0
  6
Continuous
 62
     7
370
    25
100
AcDbLine
 10
-1.5919566929
 20
-3.1349566929
 30
0.0
 11
-1.5919566929
 21
-3.1156566929
 31
0.0
  0
LINE
  5
1747
330
1F
100
AcDbEntity
  8
0
  6
Continuous
 62
     7
370
    25
100
AcDbLine
 10
-1.5275566929
 20
-3.1156566929
 30
0.0
 11
-1.5275566929
 21
-3.1349566929
 31
0.0
  0
LINE
  5
1748
330
1F
100
AcDbEntity
  8
0
  6
Continuous
 62
     7
370
    25
100
AcDbLine
 10
-1.2123566929
 20
-3.1156566929
 30
0.0
 11
-1.2123566929
 21
-3.1349566929
 31
0.0
  0
LINE
  5
1749
330
1F
100
AcDbEntity
  8
0
  6
Continuous
 62
     7
370
    25
100
AcDbLine
 10
-1.5525566929
 20
-3.1349566929
 30
0.0
 11
-1.5525566929
 21
-3.1156566929
 31
0.0
  0
LINE
  5
174A
330
1F
100
AcDbEntity
  8
0
  6
Continuous
 62
     7
370
    25
100
AcDbLine
 10
-1.3699566929
 20
-3.1156566929
 30
0.0
 11
-1.3699566929
 21
-3.1349566929
 31
0.0
  0
LINE
  5
174B
330
1F
100
AcDbEntity
  8
0
  6
Continuous
 62
     7
370
    25
100
AcDbLine
 10
-1.3949566929
 20
-3.1349566929
 30
0.0
 11
-1.3949566929
 21
-3.1156566929
 31
0.0
  0
LINE
  5
174C
330
1F
100
AcDbEntity
  8
0
  6
Continuous
 62
     7
370
    25
100
AcDbLine
 10
-1.2767566929
 20
-3.0842566929
 30
0.0
 11
-1.2767566929
 21
-3.0649566929
 31
0.0
  0
LINE
  5
174D
330
1F
100
AcDbEntity
  8
0
  6
Continuous
 62
     7
370
    25
100
AcDbLine
 10
-1.2517566929
 20
-3.0649566929
 30
0.0
 11
-1.2517566929
 21
-3.0842566929
 31
0.0
  0
LINE
  5
174E
330
1F
100
AcDbEntity
  8
0
  6
Continuous
 62
     7
370
    25
100
AcDbLine
 10
-1.3949566929
 20
-3.0842566929
 30
0.0
 11
-1.3949566929
 21
-3.0649566929
 31
0.0
  0
LINE
  5
174F
330
1F
100
AcDbEntity
  8
0
  6
Continuous
 62
     7
370
    25
100
AcDbLine
 10
-1.4487566929
 20
-3.0649566929
 30
0.0
 11
-1.4487566929
 21
-3.0842566929
 31
0.0
  0
LINE
  5
1750
330
1F
100
AcDbEntity
  8
0
  6
Continuous
 62
     7
370
    25
100
AcDbLine
 10
-1.4093566929
 20
-3.0649566929
 30
0.0
 11
-1.4093566929
 21
-3.0842566929
 31
0.0
  0
LINE
  5
1751
330
1F
100
AcDbEntity
  8
0
  6
Continuous
 62
     7
370
    25
100
AcDbLine
 10
-1.2123566929
 20
-3.0649566929
 30
0.0
 11
-1.2123566929
 21
-3.0842566929
 31
0.0
  0
LINE
  5
1752
330
1F
100
AcDbEntity
  8
0
  6
Continuous
 62
     7
370
    25
100
AcDbLine
 10
-1.5525566929
 20
-3.0842566929
 30
0.0
 11
-1.5525566929
 21
-3.0649566929
 31
0.0
  0
LINE
  5
1753
330
1F
100
AcDbEntity
  8
0
  6
Continuous
 62
     7
370
    25
100
AcDbLine
 10
-1.3161566929
 20
-3.0842566929
 30
0.0
 11
-1.3161566929
 21
-3.0649566929
 31
0.0
  0
LINE
  5
1754
330
1F
100
AcDbEntity
  8
0
  6
Continuous
 62
     7
370
    25
100
AcDbLine
 10
-1.3699566929
 20
-3.0649566929
 30
0.0
 11
-1.3699566929
 21
-3.0842566929
 31
0.0
  0
LINE
  5
1755
330
1F
100
AcDbEntity
  8
0
  6
Continuous
 62
     7
370
    25
100
AcDbLine
 10
-1.2911566929
 20
-3.0649566929
 30
0.0
 11
-1.2911566929
 21
-3.0842566929
 31
0.0
  0
LINE
  5
1756
330
1F
100
AcDbEntity
  8
0
  6
Continuous
 62
     7
370
    25
100
AcDbLine
 10
-1.1729566929
 20
-3.0649566929
 30
0.0
 11
-1.1729566929
 21
-3.0842566929
 31
0.0
  0
LINE
  5
1757
330
1F
100
AcDbEntity
  8
0
  6
Continuous
 62
     7
370
    25
100
AcDbLine
 10
-1.5919566929
 20
-3.0842566929
 30
0.0
 11
-1.5919566929
 21
-3.0649566929
 31
0.0
  0
LINE
  5
1758
330
1F
100
AcDbEntity
  8
0
  6
Continuous
 62
     7
370
    25
100
AcDbLine
 10
-1.4881566929
 20
-3.0649566929
 30
0.0
 11
-1.4881566929
 21
-3.0842566929
 31
0.0
  0
LINE
  5
1759
330
1F
100
AcDbEntity
  8
0
  6
Continuous
 62
     7
370
    25
100
AcDbLine
 10
-1.2373566929
 20
-3.0842566929
 30
0.0
 11
-1.2373566929
 21
-3.0649566929
 31
0.0
  0
LINE
  5
175A
330
1F
100
AcDbEntity
  8
0
  6
Continuous
 62
     7
370
    25
100
AcDbLine
 10
-1.1979566929
 20
-3.0842566929
 30
0.0
 11
-1.1979566929
 21
-3.0649566929
 31
0.0
  0
LINE
  5
175B
330
1F
100
AcDbEntity
  8
0
  6
Continuous
 62
     7
370
    25
100
AcDbLine
 10
-1.5275566929
 20
-3.0649566929
 30
0.0
 11
-1.5275566929
 21
-3.0842566929
 31
0.0
  0
LINE
  5
175C
330
1F
100
AcDbEntity
  8
0
  6
Continuous
 62
     7
370
    25
100
AcDbLine
 10
-1.4343566929
 20
-3.0842566929
 30
0.0
 11
-1.4343566929
 21
-3.0649566929
 31
0.0
  0
LINE
  5
175D
330
1F
100
AcDbEntity
  8
0
  6
Continuous
 62
     7
370
    25
100
AcDbLine
 10
-1.5131566929
 20
-3.0842566929
 30
0.0
 11
-1.5131566929
 21
-3.0649566929
 31
0.0
  0
LINE
  5
175E
330
1F
100
AcDbEntity
  8
0
  6
Continuous
 62
     7
370
    25
100
AcDbLine
 10
-1.4737566929
 20
-3.0842566929
 30
0.0
 11
-1.4737566929
 21
-3.0649566929
 31
0.0
  0
LINE
  5
175F
330
1F
100
AcDbEntity
  8
0
  6
Continuous
 62
     7
370
    25
100
AcDbLine
 10
-1.5669566929
 20
-3.0649566929
 30
0.0
 11
-1.5669566929
 21
-3.0842566929
 31
0.0
  0
LINE
  5
1760
330
1F
100
AcDbEntity
  8
0
  6
Continuous
 62
     7
370
    25
100
AcDbLine
 10
-1.3555566929
 20
-3.0842566929
 30
0.0
 11
-1.3555566929
 21
-3.0649566929
 31
0.0
  0
LINE
  5
1761
330
1F
100
AcDbEntity
  8
0
  6
Continuous
 62
     7
370
    25
100
AcDbLine
 10
-1.3305566929
 20
-3.0649566929
 30
0.0
 11
-1.3305566929
 21
-3.0842566929
 31
0.0
  0
LINE
  5
1762
330
1F
100
AcDbEntity
  8
0
  6
Continuous
 62
     7
370
    25
100
AcDbLine
 10
-2.5815143603
 20
3.3464566929
 30
0.0
 11
-3.2464566929
 21
3.3464566929
 31
0.0
  0
LINE
  5
1763
330
1F
100
AcDbEntity
  8
0
  6
Continuous
 62
     7
370
    25
100
AcDbLine
 10
-2.5815143603
 20
2.7329444095
 30
0.0
 11
-2.5815143603
 21
3.3464566929
 31
0.0
  0
LINE
  5
1764
330
1F
100
AcDbEntity
  8
0
  6
Continuous
 62
     7
370
    25
100
AcDbLine
 10
-3.3464566929
 20
2.7329444095
 30
0.0
 11
-2.5815143603
 21
2.7329444095
 31
0.0
  0
LINE
  5
1765
330
1F
100
AcDbEntity
  8
0
  6
Continuous
 62
     7
370
    25
100
AcDbLine
 10
-3.3464566929
 20
3.2464566929
 30
0.0
 11
-3.3464566929
 21
2.7329444095
 31
0.0
  0
LINE
  5
1766
330
1F
100
AcDbEntity
  8
0
  6
Continuous
 62
     7
370
    25
100
AcDbLine
 10
0.5748031496
 20
-0.2050695027
 30
0.0
 11
0.5748031496
 21
-0.0697489273
 31
0.0
  0
LINE
  5
1767
330
1F
100
AcDbEntity
  8
0
  6
Continuous
 62
     7
370
    25
100
AcDbLine
 10
0.5721909661
 20
-0.165699424
 30
0.0
 11
0.5748031496
 21
-0.2050695027
 31
0.0
  0
LINE
  5
1768
330
1F
100
AcDbEntity
  8
0
  6
Continuous
 62
     7
370
    25
100
AcDbLine
 10
0.5721909661
 20
-0.0723611109
 30
0.0
 11
0.5721909661
 21
-0.165699424
 31
0.0
  0
LINE
  5
1769
330
1F
100
AcDbEntity
  8
0
  6
Continuous
 62
     7
370
    25
100
AcDbLine
 10
0.5721909661
 20
-0.0723611109
 30
0.0
 11
0.5748031496
 21
-0.0697489273
 31
0.0
  0
LINE
  5
176A
330
1F
100
AcDbEntity
  8
0
  6
Continuous
 62
     7
370
    25
100
AcDbLine
 10
0.1049743883
 20
-0.0723611109
 30
0.0
 11
0.1049743883
 21
-0.165699424
 31
0.0
  0
LINE
  5
176B
330
1F
100
AcDbEntity
  8
0
  6
Continuous
 62
     7
370
    25
100
AcDbLine
 10
0.1049743883
 20
-0.0723611109
 30
0.0
 11
0.5721909661
 21
-0.0723611109
 31
0.0
  0
LINE
  5
176C
330
1F
100
AcDbEntity
  8
0
  6
Continuous
 62
     7
370
    25
100
AcDbLine
 10
0.1049743883
 20
-0.165699424
 30
0.0
 11
0.5721909661
 21
-0.165699424
 31
0.0
  0
LINE
  5
176D
330
1F
100
AcDbEntity
  8
0
  6
Continuous
 62
     7
370
    25
100
AcDbLine
 10
0.1023622047
 20
-0.0697489273
 30
0.0
 11
0.1049743883
 21
-0.0723611109
 31
0.0
  0
LINE
  5
176E
330
1F
100
AcDbEntity
  8
0
  6
Continuous
 62
     7
370
    25
100
AcDbLine
 10
0.1049743883
 20
-0.165699424
 30
0.0
 11
0.1023622047
 21
-0.2050695027
 31
0.0
  0
LINE
  5
176F
330
1F
100
AcDbEntity
  8
0
  6
Continuous
 62
     7
370
    25
100
AcDbLine
 10
0.1023622047
 20
-0.2050695027
 30
0.0
 11
0.1023622047
 21
-0.0697489273
 31
0.0
  0
LINE
  5
1770
330
1F
100
AcDbEntity
  8
0
  6
Continuous
 62
     7
370
    25
100
AcDbLine
 10
0.1023622047
 20
-0.2050695027
 30
0.0
 11
0.5748031496
 21
-0.2050695027
 31
0.0
  0
LINE
  5
1771
330
1F
100
AcDbEntity
  8
0
  6
Continuous
 62
     7
370
    25
100
AcDbLine
 10
0.9463441974
 20
-0.0697489273
 30
0.0
 11
0.9488188976
 21
-0.0672742271
 31
0.0
  0
LINE
  5
1772
330
1F
100
AcDbEntity
  8
0
  6
Continuous
 62
     7
370
    25
100
AcDbLine
 10
0.5748031496
 20
-0.0697489273
 30
0.0
 11
0.9463441974
 21
-0.0697489273
 31
0.0
  0
LINE
  5
1773
330
1F
100
AcDbEntity
  8
0
  6
Continuous
 62
     7
370
    25
100
AcDbLine
 10
-0.2691788431
 20
-0.0697489273
 30
0.0
 11
0.1023622047
 21
-0.0697489273
 31
0.0
  0
LINE
  5
1774
330
1F
100
AcDbEntity
  8
0
  6
Continuous
 62
     7
370
    25
100
AcDbLine
 10
-0.2716535433
 20
-0.0672742271
 30
0.0
 11
-0.2691788431
 21
-0.0697489273
 31
0.0
  0
LINE
  5
1775
330
1F
100
AcDbEntity
  8
0
  6
Continuous
 62
     7
370
    25
100
AcDbLine
 10
-0.2716535433
 20
-0.0672742271
 30
0.0
 11
0.1338582677
 21
-0.0672742271
 31
0.0
  0
LINE
  5
1776
330
1F
100
AcDbEntity
  8
0
  6
Continuous
 62
     7
370
    25
100
AcDbLine
 10
0.1338582677
 20
-0.0712612441
 30
0.0
 11
0.1338582677
 21
-0.0672742271
 31
0.0
  0
LINE
  5
1777
330
1F
100
AcDbEntity
  8
0
  6
Continuous
 62
     7
370
    25
100
AcDbLine
 10
0.5433070866
 20
-0.0712612441
 30
0.0
 11
0.1338582677
 21
-0.0712612441
 31
0.0
  0
LINE
  5
1778
330
1F
100
AcDbEntity
  8
0
  6
Continuous
 62
     7
370
    25
100
AcDbLine
 10
0.5433070866
 20
-0.0672742271
 30
0.0
 11
0.5433070866
 21
-0.0712612441
 31
0.0
  0
LINE
  5
1779
330
1F
100
AcDbEntity
  8
0
  6
Continuous
 62
     7
370
    25
100
AcDbLine
 10
0.5433070866
 20
-0.0672742271
 30
0.0
 11
0.9488188976
 21
-0.0672742271
 31
0.0
  0
LINE
  5
177A
330
1F
100
AcDbEntity
  8
0
  6
Continuous
 62
     7
370
    25
100
AcDbLine
 10
0.5721909661
 20
-1.4649120224
 30
0.0
 11
0.1049743883
 21
-1.4649120224
 31
0.0
  0
LINE
  5
177B
330
1F
100
AcDbEntity
  8
0
  6
Continuous
 62
     7
370
    25
100
AcDbLine
 10
0.1023622047
 20
-1.4255419436
 30
0.0
 11
0.1049743883
 21
-1.4649120224
 31
0.0
  0
LINE
  5
177C
330
1F
100
AcDbEntity
  8
0
  6
Continuous
 62
     7
370
    25
100
AcDbLine
 10
0.5748031496
 20
-1.4255419436
 30
0.0
 11
0.1023622047
 21
-1.4255419436
 31
0.0
  0
LINE
  5
177D
330
1F
100
AcDbEntity
  8
0
  6
Continuous
 62
     7
370
    25
100
AcDbLine
 10
0.5748031496
 20
-1.4255419436
 30
0.0
 11
0.5721909661
 21
-1.4649120224
 31
0.0
  0
LINE
  5
177E
330
1F
100
AcDbEntity
  8
0
  6
Continuous
 62
     7
370
    25
100
AcDbLine
 10
0.1049743883
 20
-1.4649120224
 30
0.0
 11
0.1049743883
 21
-1.5582503355
 31
0.0
  0
LINE
  5
177F
330
1F
100
AcDbEntity
  8
0
  6
Continuous
 62
     7
370
    25
100
AcDbLine
 10
0.1049743883
 20
-1.5582503355
 30
0.0
 11
0.1023622047
 21
-1.560862519
 31
0.0
  0
LINE
  5
1780
330
1F
100
AcDbEntity
  8
0
  6
Continuous
 62
     7
370
    25
100
AcDbLine
 10
0.1023622047
 20
-1.4255419436
 30
0.0
 11
0.1023622047
 21
-1.560862519
 31
0.0
  0
LINE
  5
1781
330
1F
100
AcDbEntity
  8
0
  6
Continuous
 62
     7
370
    25
100
AcDbLine
 10
0.5748031496
 20
-1.560862519
 30
0.0
 11
0.5748031496
 21
-1.4255419436
 31
0.0
  0
LINE
  5
1782
330
1F
100
AcDbEntity
  8
0
  6
Continuous
 62
     7
370
    25
100
AcDbLine
 10
0.5748031496
 20
-1.560862519
 30
0.0
 11
0.5721909661
 21
-1.5582503355
 31
0.0
  0
LINE
  5
1783
330
1F
100
AcDbEntity
  8
0
  6
Continuous
 62
     7
370
    25
100
AcDbLine
 10
0.5721909661
 20
-1.5582503355
 30
0.0
 11
0.5721909661
 21
-1.4649120224
 31
0.0
  0
LINE
  5
1784
330
1F
100
AcDbEntity
  8
0
  6
Continuous
 62
     7
370
    25
100
AcDbLine
 10
0.5721909661
 20
-1.5582503355
 30
0.0
 11
0.1049743883
 21
-1.5582503355
 31
0.0
  0
LINE
  5
1785
330
1F
100
AcDbEntity
  8
0
  6
Continuous
 62
     7
370
    25
100
AcDbLine
 10
0.1338582677
 20
-1.5633372192
 30
0.0
 11
-0.2716535433
 21
-1.5633372192
 31
0.0
  0
LINE
  5
1786
330
1F
100
AcDbEntity
  8
0
  6
Continuous
 62
     7
370
    25
100
AcDbLine
 10
-0.2716535433
 20
-1.5633372192
 30
0.0
 11
-0.2691788431
 21
-1.560862519
 31
0.0
  0
LINE
  5
1787
330
1F
100
AcDbEntity
  8
0
  6
Continuous
 62
     7
370
    25
100
AcDbLine
 10
0.1023622047
 20
-1.560862519
 30
0.0
 11
-0.2691788431
 21
-1.560862519
 31
0.0
  0
LINE
  5
1788
330
1F
100
AcDbEntity
  8
0
  6
Continuous
 62
     7
370
    25
100
AcDbLine
 10
0.9463441974
 20
-1.560862519
 30
0.0
 11
0.5748031496
 21
-1.560862519
 31
0.0
  0
LINE
  5
1789
330
1F
100
AcDbEntity
  8
0
  6
Continuous
 62
     7
370
    25
100
AcDbLine
 10
0.9488188976
 20
-1.5633372192
 30
0.0
 11
0.9463441974
 21
-1.560862519
 31
0.0
  0
LINE
  5
178A
330
1F
100
AcDbEntity
  8
0
  6
Continuous
 62
     7
370
    25
100
AcDbLine
 10
0.9488188976
 20
-1.5633372192
 30
0.0
 11
0.5433070866
 21
-1.5633372192
 31
0.0
  0
LINE
  5
178B
330
1F
100
AcDbEntity
  8
0
  6
Continuous
 62
     7
370
    25
100
AcDbLine
 10
0.5433070866
 20
-1.5593502022
 30
0.0
 11
0.5433070866
 21
-1.5633372192
 31
0.0
  0
LINE
  5
178C
330
1F
100
AcDbEntity
  8
0
  6
Continuous
 62
     7
370
    25
100
AcDbLine
 10
0.1338582677
 20
-1.5593502022
 30
0.0
 11
0.5433070866
 21
-1.5593502022
 31
0.0
  0
LINE
  5
178D
330
1F
100
AcDbEntity
  8
0
  6
Continuous
 62
     7
370
    25
100
AcDbLine
 10
0.1338582677
 20
-1.5633372192
 30
0.0
 11
0.1338582677
 21
-1.5593502022
 31
0.0
  0
LINE
  5
178E
330
1F
100
AcDbEntity
  8
0
  6
Continuous
 62
     7
370
    25
100
AcDbLine
 10
-0.2691788431
 20
-1.560862519
 30
0.0
 11
-0.2691788431
 21
-0.0697489273
 31
0.0
  0
LINE
  5
178F
330
1F
100
AcDbEntity
  8
0
  6
Continuous
 62
     7
370
    25
100
AcDbLine
 10
0.9463441974
 20
-0.0697489273
 30
0.0
 11
0.9463441974
 21
-1.560862519
 31
0.0
  0
LINE
  5
1790
330
1F
100
AcDbEntity
  8
0
  6
Continuous
 62
     7
370
    25
100
AcDbLine
 10
0.9488188976
 20
-0.0672742271
 30
0.0
 11
0.9488188976
 21
-0.5908417647
 31
0.0
  0
LINE
  5
1791
330
1F
100
AcDbEntity
  8
0
  6
Continuous
 62
     7
370
    25
100
AcDbLine
 10
0.9492313477
 20
-0.6578254082
 30
0.0
 11
0.9488188976
 21
-0.5908417647
 31
0.0
  0
LINE
  5
1792
330
1F
100
AcDbEntity
  8
0
  6
Continuous
 62
     7
370
    25
100
AcDbLine
 10
0.9492313477
 20
-0.9727860381
 30
0.0
 11
0.9492313477
 21
-0.6578254082
 31
0.0
  0
LINE
  5
1793
330
1F
100
AcDbEntity
  8
0
  6
Continuous
 62
     7
370
    25
100
AcDbLine
 10
0.9488188976
 20
-1.0397696817
 30
0.0
 11
0.9492313477
 21
-0.9727860381
 31
0.0
  0
LINE
  5
1794
330
1F
100
AcDbEntity
  8
0
  6
Continuous
 62
     7
370
    25
100
AcDbLine
 10
0.9488188976
 20
-1.0397696817
 30
0.0
 11
0.9488188976
 21
-1.5633372192
 31
0.0
  0
LINE
  5
1795
330
1F
100
AcDbEntity
  8
0
  6
Continuous
 62
     7
370
    25
100
AcDbLine
 10
-0.2716535433
 20
-1.5633372192
 30
0.0
 11
-0.2716535433
 21
-1.0397696817
 31
0.0
  0
LINE
  5
1796
330
1F
100
AcDbEntity
  8
0
  6
Continuous
 62
     7
370
    25
100
AcDbLine
 10
-0.2720659933
 20
-0.9727860381
 30
0.0
 11
-0.2716535433
 21
-1.0397696817
 31
0.0
  0
LINE
  5
1797
330
1F
100
AcDbEntity
  8
0
  6
Continuous
 62
     7
370
    25
100
AcDbLine
 10
-0.2720659933
 20
-0.6578254082
 30
0.0
 11
-0.2720659933
 21
-0.9727860381
 31
0.0
  0
LINE
  5
1798
330
1F
100
AcDbEntity
  8
0
  6
Continuous
 62
     7
370
    25
100
AcDbLine
 10
-0.2716535433
 20
-0.5908417647
 30
0.0
 11
-0.2720659933
 21
-0.6578254082
 31
0.0
  0
LINE
  5
1799
330
1F
100
AcDbEntity
  8
0
  6
Continuous
 62
     7
370
    25
100
AcDbLine
 10
-0.2716535433
 20
-0.5908417647
 30
0.0
 11
-0.2716535433
 21
-0.0672742271
 31
0.0
  0
LINE
  5
179A
330
1F
100
AcDbEntity
  8
0
  6
Continuous
 62
     7
370
    25
100
AcDbLine
 10
-0.4192913386
 20
0.0705210485
 30
0.0
 11
-0.4980314961
 21
-0.008219109
 31
0.0
  0
LINE
  5
179B
330
1F
100
AcDbEntity
  8
0
  6
Continuous
 62
     7
370
    25
100
AcDbLine
 10
-0.4980314961
 20
0.0705210485
 30
0.0
 11
-0.4980314961
 21
-0.0475891877
 31
0.0
  0
LINE
  5
179C
330
1F
100
AcDbEntity
  8
0
  6
Continuous
 62
     7
370
    25
100
AcDbLine
 10
-0.3799212598
 20
0.0705210485
 30
0.0
 11
-0.4980314961
 21
0.0705210485
 31
0.0
  0
LINE
  5
179D
330
1F
100
AcDbEntity
  8
0
  6
Continuous
 62
     7
370
    25
100
AcDbLine
 10
1.1751968504
 20
-0.008219109
 30
0.0
 11
1.0964566929
 21
0.0705210485
 31
0.0
  0
LINE
  5
179E
330
1F
100
AcDbEntity
  8
0
  6
Continuous
 62
     7
370
    25
100
AcDbLine
 10
1.1751968504
 20
0.0705210485
 30
0.0
 11
1.0570866142
 21
0.0705210485
 31
0.0
  0
LINE
  5
179F
330
1F
100
AcDbEntity
  8
0
  6
Continuous
 62
     7
370
    25
100
AcDbLine
 10
1.1751968504
 20
-0.0475891877
 30
0.0
 11
1.1751968504
 21
0.0705210485
 31
0.0
  0
LINE
  5
17A0
330
1F
100
AcDbEntity
  8
0
  6
Continuous
 62
     7
370
    25
100
AcDbLine
 10
1.0570866142
 20
-1.7011324948
 30
0.0
 11
1.1751968504
 21
-1.7011324948
 31
0.0
  0
LINE
  5
17A1
330
1F
100
AcDbEntity
  8
0
  6
Continuous
 62
     7
370
    25
100
AcDbLine
 10
1.0964566929
 20
-1.7011324948
 30
0.0
 11
1.1751968504
 21
-1.6223923373
 31
0.0
  0
LINE
  5
17A2
330
1F
100
AcDbEntity
  8
0
  6
Continuous
 62
     7
370
    25
100
AcDbLine
 10
1.1751968504
 20
-1.7011324948
 30
0.0
 11
1.1751968504
 21
-1.5830222586
 31
0.0
  0
LINE
  5
17A3
330
1F
100
AcDbEntity
  8
0
  6
Continuous
 62
     7
370
    25
100
AcDbLine
 10
-0.4980314961
 20
-1.7011324948
 30
0.0
 11
-0.3799212598
 21
-1.7011324948
 31
0.0
  0
LINE
  5
17A4
330
1F
100
AcDbEntity
  8
0
  6
Continuous
 62
     7
370
    25
100
AcDbLine
 10
-0.4980314961
 20
-1.6223923373
 30
0.0
 11
-0.4192913386
 21
-1.7011324948
 31
0.0
  0
LINE
  5
17A5
330
1F
100
AcDbEntity
  8
0
  6
Continuous
 62
     7
370
    25
100
AcDbLine
 10
-0.4980314961
 20
-1.5830222586
 30
0.0
 11
-0.4980314961
 21
-1.7011324948
 31
0.0
  0
LINE
  5
17A6
330
1F
100
AcDbEntity
  8
0
  6
Continuous
 62
     7
370
    25
100
AcDbLine
 10
0.2977362205
 20
0.0468990012
 30
0.0
 11
0.2947834646
 21
0.0488675052
 31
0.0
  0
LINE
  5
17A7
330
1F
100
AcDbEntity
  8
0
  6
Continuous
 62
     7
370
    25
100
AcDbLine
 10
0.3006889764
 20
0.0439462453
 30
0.0
 11
0.2977362205
 21
0.0468990012
 31
0.0
  0
LINE
  5
17A8
330
1F
100
AcDbEntity
  8
0
  6
Continuous
 62
     7
370
    25
100
AcDbLine
 10
0.3036417323
 20
0.0390249855
 30
0.0
 11
0.3006889764
 21
0.0439462453
 31
0.0
  0
LINE
  5
17A9
330
1F
100
AcDbEntity
  8
0
  6
Continuous
 62
     7
370
    25
100
AcDbLine
 10
0.3056102362
 20
0.0331194737
 30
0.0
 11
0.3036417323
 21
0.0390249855
 31
0.0
  0
LINE
  5
17AA
330
1F
100
AcDbEntity
  8
0
  6
Continuous
 62
     7
370
    25
100
AcDbLine
 10
0.3065944882
 20
0.0262297099
 30
0.0
 11
0.3056102362
 21
0.0331194737
 31
0.0
  0
LINE
  5
17AB
330
1F
100
AcDbEntity
  8
0
  6
Continuous
 62
     7
370
    25
100
AcDbLine
 10
0.3065944882
 20
0.0203241981
 30
0.0
 11
0.3065944882
 21
0.0262297099
 31
0.0
  0
LINE
  5
17AC
330
1F
100
AcDbEntity
  8
0
  6
Continuous
 62
     7
370
    25
100
AcDbLine
 10
0.3056102362
 20
0.0134344343
 30
0.0
 11
0.3065944882
 21
0.0203241981
 31
0.0
  0
LINE
  5
17AD
330
1F
100
AcDbEntity
  8
0
  6
Continuous
 62
     7
370
    25
100
AcDbLine
 10
0.3036417323
 20
0.0075289225
 30
0.0
 11
0.3056102362
 21
0.0134344343
 31
0.0
  0
LINE
  5
17AE
330
1F
100
AcDbEntity
  8
0
  6
Continuous
 62
     7
370
    25
100
AcDbLine
 10
0.3006889764
 20
0.0026076626
 30
0.0
 11
0.3036417323
 21
0.0075289225
 31
0.0
  0
LINE
  5
17AF
330
1F
100
AcDbEntity
  8
0
  6
Continuous
 62
     7
370
    25
100
AcDbLine
 10
0.2977362205
 20
-0.0003450933
 30
0.0
 11
0.3006889764
 21
0.0026076626
 31
0.0
  0
LINE
  5
17B0
330
1F
100
AcDbEntity
  8
0
  6
Continuous
 62
     7
370
    25
100
AcDbLine
 10
0.2947834646
 20
-0.0023135972
 30
0.0
 11
0.2977362205
 21
-0.0003450933
 31
0.0
  0
LINE
  5
17B1
330
1F
100
AcDbEntity
  8
0
  6
Continuous
 62
     7
370
    25
100
AcDbLine
 10
0.2888779527
 20
-0.0042821011
 30
0.0
 11
0.2947834645
 21
-0.0023135972
 31
0.0
  0
LINE
  5
17B2
330
1F
100
AcDbEntity
  8
0
  6
Continuous
 62
     7
370
    25
100
AcDbLine
 10
0.2829724409
 20
-0.0052663531
 30
0.0
 11
0.2888779527
 21
-0.0042821011
 31
0.0
  0
LINE
  5
17B3
330
1F
100
AcDbEntity
  8
0
  6
Continuous
 62
     7
370
    25
100
AcDbLine
 10
0.2770669291
 20
-0.0052663531
 30
0.0
 11
0.2829724409
 21
-0.0052663531
 31
0.0
  0
LINE
  5
17B4
330
1F
100
AcDbEntity
  8
0
  6
Continuous
 62
     7
370
    25
100
AcDbLine
 10
0.2711614173
 20
-0.0042821011
 30
0.0
 11
0.2770669291
 21
-0.0052663531
 31
0.0
  0
LINE
  5
17B5
330
1F
100
AcDbEntity
  8
0
  6
Continuous
 62
     7
370
    25
100
AcDbLine
 10
0.2652559055
 20
-0.0023135972
 30
0.0
 11
0.2711614173
 21
-0.0042821011
 31
0.0
  0
LINE
  5
17B6
330
1F
100
AcDbEntity
  8
0
  6
Continuous
 62
     7
370
    25
100
AcDbLine
 10
0.2623031496
 20
-0.0003450932
 30
0.0
 11
0.2652559055
 21
-0.0023135972
 31
0.0
  0
LINE
  5
17B7
330
1F
100
AcDbEntity
  8
0
  6
Continuous
 62
     7
370
    25
100
AcDbLine
 10
0.2593503937
 20
0.0026076627
 30
0.0
 11
0.2623031496
 21
-0.0003450932
 31
0.0
  0
LINE
  5
17B8
330
1F
100
AcDbEntity
  8
0
  6
Continuous
 62
     7
370
    25
100
AcDbLine
 10
0.2563976378
 20
0.0075289225
 30
0.0
 11
0.2593503937
 21
0.0026076627
 31
0.0
  0
LINE
  5
17B9
330
1F
100
AcDbEntity
  8
0
  6
Continuous
 62
     7
370
    25
100
AcDbLine
 10
0.2544291339
 20
0.0134344343
 30
0.0
 11
0.2563976378
 21
0.0075289225
 31
0.0
  0
LINE
  5
17BA
330
1F
100
AcDbEntity
  8
0
  6
Continuous
 62
     7
370
    25
100
AcDbLine
 10
0.2534448819
 20
0.0203241981
 30
0.0
 11
0.2544291339
 21
0.0134344343
 31
0.0
  0
LINE
  5
17BB
330
1F
100
AcDbEntity
  8
0
  6
Continuous
 62
     7
370
    25
100
AcDbLine
 10
0.2534448819
 20
0.0262297099
 30
0.0
 11
0.2534448819
 21
0.0203241981
 31
0.0
  0
LINE
  5
17BC
330
1F
100
AcDbEntity
  8
0
  6
Continuous
 62
     7
370
    25
100
AcDbLine
 10
0.2544291339
 20
0.0331194737
 30
0.0
 11
0.2534448819
 21
0.0262297099
 31
0.0
  0
LINE
  5
17BD
330
1F
100
AcDbEntity
  8
0
  6
Continuous
 62
     7
370
    25
100
AcDbLine
 10
0.2563976378
 20
0.0390249855
 30
0.0
 11
0.2544291339
 21
0.0331194737
 31
0.0
  0
LINE
  5
17BE
330
1F
100
AcDbEntity
  8
0
  6
Continuous
 62
     7
370
    25
100
AcDbLine
 10
0.2593503937
 20
0.0439462453
 30
0.0
 11
0.2563976378
 21
0.0390249855
 31
0.0
  0
LINE
  5
17BF
330
1F
100
AcDbEntity
  8
0
  6
Continuous
 62
     7
370
    25
100
AcDbLine
 10
0.2623031496
 20
0.0468990013
 30
0.0
 11
0.2593503937
 21
0.0439462453
 31
0.0
  0
LINE
  5
17C0
330
1F
100
AcDbEntity
  8
0
  6
Continuous
 62
     7
370
    25
100
AcDbLine
 10
0.2652559055
 20
0.0488675052
 30
0.0
 11
0.2623031496
 21
0.0468990013
 31
0.0
  0
LINE
  5
17C1
330
1F
100
AcDbEntity
  8
0
  6
Continuous
 62
     7
370
    25
100
AcDbLine
 10
0.2711614174
 20
0.0508360091
 30
0.0
 11
0.2652559055
 21
0.0488675052
 31
0.0
  0
LINE
  5
17C2
330
1F
100
AcDbEntity
  8
0
  6
Continuous
 62
     7
370
    25
100
AcDbLine
 10
0.2770669291
 20
0.0518202611
 30
0.0
 11
0.2711614174
 21
0.0508360091
 31
0.0
  0
LINE
  5
17C3
330
1F
100
AcDbEntity
  8
0
  6
Continuous
 62
     7
370
    25
100
AcDbLine
 10
0.2829724409
 20
0.0518202611
 30
0.0
 11
0.2770669291
 21
0.0518202611
 31
0.0
  0
LINE
  5
17C4
330
1F
100
AcDbEntity
  8
0
  6
Continuous
 62
     7
370
    25
100
AcDbLine
 10
0.2888779528
 20
0.0508360091
 30
0.0
 11
0.2829724409
 21
0.0518202611
 31
0.0
  0
LINE
  5
17C5
330
1F
100
AcDbEntity
  8
0
  6
Continuous
 62
     7
370
    25
100
AcDbLine
 10
0.2947834646
 20
0.0488675052
 30
0.0
 11
0.2888779528
 21
0.0508360091
 31
0.0
  0
LINE
  5
17C6
330
1F
100
AcDbEntity
  8
0
  6
Continuous
 62
     7
370
    25
100
AcDbLine
 10
0.3996062992
 20
-1.6775104476
 30
0.0
 11
0.4025590551
 21
-1.6745576917
 31
0.0
  0
LINE
  5
17C7
330
1F
100
AcDbEntity
  8
0
  6
Continuous
 62
     7
370
    25
100
AcDbLine
 10
0.3966535433
 20
-1.6794789515
 30
0.0
 11
0.3996062992
 21
-1.6775104476
 31
0.0
  0
LINE
  5
17C8
330
1F
100
AcDbEntity
  8
0
  6
Continuous
 62
     7
370
    25
100
AcDbLine
 10
0.3907480315
 20
-1.6814474555
 30
0.0
 11
0.3966535433
 21
-1.6794789515
 31
0.0
  0
LINE
  5
17C9
330
1F
100
AcDbEntity
  8
0
  6
Continuous
 62
     7
370
    25
100
AcDbLine
 10
0.3848425197
 20
-1.6824317074
 30
0.0
 11
0.3907480315
 21
-1.6814474555
 31
0.0
  0
LINE
  5
17CA
330
1F
100
AcDbEntity
  8
0
  6
Continuous
 62
     7
370
    25
100
AcDbLine
 10
0.3789370079
 20
-1.6824317074
 30
0.0
 11
0.3848425197
 21
-1.6824317074
 31
0.0
  0
LINE
  5
17CB
330
1F
100
AcDbEntity
  8
0
  6
Continuous
 62
     7
370
    25
100
AcDbLine
 10
0.373031496
 20
-1.6814474554
 30
0.0
 11
0.3789370079
 21
-1.6824317074
 31
0.0
  0
LINE
  5
17CC
330
1F
100
AcDbEntity
  8
0
  6
Continuous
 62
     7
370
    25
100
AcDbLine
 10
0.3671259842
 20
-1.6794789515
 30
0.0
 11
0.373031496
 21
-1.6814474554
 31
0.0
  0
LINE
  5
17CD
330
1F
100
AcDbEntity
  8
0
  6
Continuous
 62
     7
370
    25
100
AcDbLine
 10
0.3641732283
 20
-1.6775104476
 30
0.0
 11
0.3671259842
 21
-1.6794789515
 31
0.0
  0
LINE
  5
17CE
330
1F
100
AcDbEntity
  8
0
  6
Continuous
 62
     7
370
    25
100
AcDbLine
 10
0.3612204724
 20
-1.6745576917
 30
0.0
 11
0.3641732283
 21
-1.6775104476
 31
0.0
  0
LINE
  5
17CF
330
1F
100
AcDbEntity
  8
0
  6
Continuous
 62
     7
370
    25
100
AcDbLine
 10
0.3582677165
 20
-1.6696364318
 30
0.0
 11
0.3612204724
 21
-1.6745576917
 31
0.0
  0
LINE
  5
17D0
330
1F
100
AcDbEntity
  8
0
  6
Continuous
 62
     7
370
    25
100
AcDbLine
 10
0.3562992126
 20
-1.66373092
 30
0.0
 11
0.3582677165
 21
-1.6696364318
 31
0.0
  0
LINE
  5
17D1
330
1F
100
AcDbEntity
  8
0
  6
Continuous
 62
     7
370
    25
100
AcDbLine
 10
0.3553149606
 20
-1.6568411562
 30
0.0
 11
0.3562992126
 21
-1.66373092
 31
0.0
  0
LINE
  5
17D2
330
1F
100
AcDbEntity
  8
0
  6
Continuous
 62
     7
370
    25
100
AcDbLine
 10
0.3553149606
 20
-1.6509356444
 30
0.0
 11
0.3553149606
 21
-1.6568411562
 31
0.0
  0
LINE
  5
17D3
330
1F
100
AcDbEntity
  8
0
  6
Continuous
 62
     7
370
    25
100
AcDbLine
 10
0.3562992126
 20
-1.6440458806
 30
0.0
 11
0.3553149606
 21
-1.6509356444
 31
0.0
  0
LINE
  5
17D4
330
1F
100
AcDbEntity
  8
0
  6
Continuous
 62
     7
370
    25
100
AcDbLine
 10
0.3582677165
 20
-1.6381403688
 30
0.0
 11
0.3562992126
 21
-1.6440458806
 31
0.0
  0
LINE
  5
17D5
330
1F
100
AcDbEntity
  8
0
  6
Continuous
 62
     7
370
    25
100
AcDbLine
 10
0.3641732284
 20
-1.6302663531
 30
0.0
 11
0.3612204725
 21
-1.633219109
 31
0.0
  0
LINE
  5
17D6
330
1F
100
AcDbEntity
  8
0
  6
Continuous
 62
     7
370
    25
100
AcDbLine
 10
0.3671259843
 20
-1.6282978491
 30
0.0
 11
0.3641732284
 21
-1.6302663531
 31
0.0
  0
LINE
  5
17D7
330
1F
100
AcDbEntity
  8
0
  6
Continuous
 62
     7
370
    25
100
AcDbLine
 10
0.3730314961
 20
-1.6263293452
 30
0.0
 11
0.3671259843
 21
-1.6282978491
 31
0.0
  0
LINE
  5
17D8
330
1F
100
AcDbEntity
  8
0
  6
Continuous
 62
     7
370
    25
100
AcDbLine
 10
0.3789370079
 20
-1.6253450932
 30
0.0
 11
0.3730314961
 21
-1.6263293452
 31
0.0
  0
LINE
  5
17D9
330
1F
100
AcDbEntity
  8
0
  6
Continuous
 62
     7
370
    25
100
AcDbLine
 10
0.3848425197
 20
-1.6253450932
 30
0.0
 11
0.3789370079
 21
-1.6253450932
 31
0.0
  0
LINE
  5
17DA
330
1F
100
AcDbEntity
  8
0
  6
Continuous
 62
     7
370
    25
100
AcDbLine
 10
0.3907480315
 20
-1.6263293452
 30
0.0
 11
0.3848425197
 21
-1.6253450932
 31
0.0
  0
LINE
  5
17DB
330
1F
100
AcDbEntity
  8
0
  6
Continuous
 62
     7
370
    25
100
AcDbLine
 10
0.3966535433
 20
-1.6282978492
 30
0.0
 11
0.3907480315
 21
-1.6263293452
 31
0.0
  0
LINE
  5
17DC
330
1F
100
AcDbEntity
  8
0
  6
Continuous
 62
     7
370
    25
100
AcDbLine
 10
0.3996062992
 20
-1.6302663531
 30
0.0
 11
0.3966535433
 21
-1.6282978492
 31
0.0
  0
LINE
  5
17DD
330
1F
100
AcDbEntity
  8
0
  6
Continuous
 62
     7
370
    25
100
AcDbLine
 10
0.4025590551
 20
-1.633219109
 30
0.0
 11
0.3996062992
 21
-1.6302663531
 31
0.0
  0
LINE
  5
17DE
330
1F
100
AcDbEntity
  8
0
  6
Continuous
 62
     7
370
    25
100
AcDbLine
 10
0.405511811
 20
-1.6381403689
 30
0.0
 11
0.4025590551
 21
-1.633219109
 31
0.0
  0
LINE
  5
17DF
330
1F
100
AcDbEntity
  8
0
  6
Continuous
 62
     7
370
    25
100
AcDbLine
 10
0.407480315
 20
-1.6440458807
 30
0.0
 11
0.405511811
 21
-1.6381403689
 31
0.0
  0
LINE
  5
17E0
330
1F
100
AcDbEntity
  8
0
  6
Continuous
 62
     7
370
    25
100
AcDbLine
 10
0.4084645669
 20
-1.6509356444
 30
0.0
 11
0.407480315
 21
-1.6440458807
 31
0.0
  0
LINE
  5
17E1
330
1F
100
AcDbEntity
  8
0
  6
Continuous
 62
     7
370
    25
100
AcDbLine
 10
0.4084645669
 20
-1.6568411562
 30
0.0
 11
0.4084645669
 21
-1.6509356444
 31
0.0
  0
LINE
  5
17E2
330
1F
100
AcDbEntity
  8
0
  6
Continuous
 62
     7
370
    25
100
AcDbLine
 10
0.407480315
 20
-1.66373092
 30
0.0
 11
0.4084645669
 21
-1.6568411562
 31
0.0
  0
LINE
  5
17E3
330
1F
100
AcDbEntity
  8
0
  6
Continuous
 62
     7
370
    25
100
AcDbLine
 10
0.405511811
 20
-1.6696364319
 30
0.0
 11
0.407480315
 21
-1.66373092
 31
0.0
  0
LINE
  5
17E4
330
1F
100
AcDbEntity
  8
0
  6
Continuous
 62
     7
370
    25
100
AcDbLine
 10
0.4025590551
 20
-1.6745576917
 30
0.0
 11
0.405511811
 21
-1.6696364319
 31
0.0
  0
LINE
  5
17E5
330
1F
100
AcDbEntity
  8
0
  6
Continuous
 62
     7
370
    25
100
AcDbLine
 10
0.3612204725
 20
-1.633219109
 30
0.0
 11
0.3582677166
 21
-1.6381403688
 31
0.0
  0
LINE
  5
17E6
330
1F
100
AcDbEntity
  8
0
  6
Continuous
 62
     7
370
    25
100
AcDbLine
 10
-0.3879685901
 20
-1.6017072705
 30
0.0
 11
-0.3894449681
 21
-1.6021993965
 31
0.0
  0
LINE
  5
17E7
330
1F
100
AcDbEntity
  8
0
  6
Continuous
 62
     7
370
    25
100
AcDbLine
 10
-0.3860000862
 20
-1.6007230186
 30
0.0
 11
-0.3879685901
 21
-1.6017072705
 31
0.0
  0
LINE
  5
17E8
330
1F
100
AcDbEntity
  8
0
  6
Continuous
 62
     7
370
    25
100
AcDbLine
 10
-0.3845237082
 20
-1.5992466406
 30
0.0
 11
-0.3860000862
 21
-1.6007230185
 31
0.0
  0
LINE
  5
17E9
330
1F
100
AcDbEntity
  8
0
  6
Continuous
 62
     7
370
    25
100
AcDbLine
 10
-0.3830473303
 20
-1.5972781367
 30
0.0
 11
-0.3845237082
 21
-1.5992466406
 31
0.0
  0
LINE
  5
17EA
330
1F
100
AcDbEntity
  8
0
  6
Continuous
 62
     7
370
    25
100
AcDbLine
 10
-0.3825552043
 20
-1.5958017587
 30
0.0
 11
-0.3830473303
 21
-1.5972781367
 31
0.0
  0
LINE
  5
17EB
330
1F
100
AcDbEntity
  8
0
  6
Continuous
 62
     7
370
    25
100
AcDbLine
 10
-0.3786181965
 20
-1.5958017587
 30
0.0
 11
-0.3825552043
 21
-1.5958017587
 31
0.0
  0
LINE
  5
17EC
330
1F
100
AcDbEntity
  8
0
  6
Continuous
 62
     7
370
    25
100
AcDbLine
 10
-0.3786181965
 20
-1.6351718375
 30
0.0
 11
-0.3786181965
 21
-1.5958017587
 31
0.0
  0
LINE
  5
17ED
330
1F
100
AcDbEntity
  8
0
  6
Continuous
 62
     7
370
    25
100
AcDbLine
 10
-0.3835394563
 20
-1.6351718375
 30
0.0
 11
-0.3786181965
 21
-1.6351718375
 31
0.0
  0
LINE
  5
17EE
330
1F
100
AcDbEntity
  8
0
  6
Continuous
 62
     7
370
    25
100
AcDbLine
 10
-0.3835394563
 20
-1.6066285304
 30
0.0
 11
-0.3835394563
 21
-1.6351718375
 31
0.0
  0
LINE
  5
17EF
330
1F
100
AcDbEntity
  8
0
  6
Continuous
 62
     7
370
    25
100
AcDbLine
 10
-0.39288985
 20
-1.6066285304
 30
0.0
 11
-0.3835394563
 21
-1.6066285304
 31
0.0
  0
LINE
  5
17F0
330
1F
100
AcDbEntity
  8
0
  6
Continuous
 62
     7
370
    25
100
AcDbLine
 10
-0.39288985
 20
-1.6026915225
 30
0.0
 11
-0.39288985
 21
-1.6066285304
 31
0.0
  0
LINE
  5
17F1
330
1F
100
AcDbEntity
  8
0
  6
Continuous
 62
     7
370
    25
100
AcDbLine
 10
-0.391905598
 20
-1.6026915225
 30
0.0
 11
-0.39288985
 21
-1.6026915225
 31
0.0
  0
LINE
  5
17F2
330
1F
100
AcDbEntity
  8
0
  6
Continuous
 62
     7
370
    25
100
AcDbLine
 10
-0.3894449681
 20
-1.6021993965
 30
0.0
 11
-0.391905598
 21
-1.6026915225
 31
0.0
  0
LINE
  5
17F3
330
1F
100
AcDbEntity
  8
0
  6
Continuous
 62
     7
370
    25
100
AcDbLine
 10
1.0353331815
 20
-1.4924708926
 30
0.0
 11
1.0382859374
 21
-1.4964079004
 31
0.0
  0
LINE
  5
17F4
330
1F
100
AcDbEntity
  8
0
  6
Continuous
 62
     7
370
    25
100
AcDbLine
 10
1.0333646776
 20
-1.4875496327
 30
0.0
 11
1.0353331815
 21
-1.4924708926
 31
0.0
  0
LINE
  5
17F5
330
1F
100
AcDbEntity
  8
0
  6
Continuous
 62
     7
370
    25
100
AcDbLine
 10
1.0333646776
 20
-1.4826283729
 30
0.0
 11
1.0333646776
 21
-1.4875496327
 31
0.0
  0
LINE
  5
17F6
330
1F
100
AcDbEntity
  8
0
  6
Continuous
 62
     7
370
    25
100
AcDbLine
 10
1.0353331815
 20
-1.477707113
 30
0.0
 11
1.0333646776
 21
-1.4826283729
 31
0.0
  0
LINE
  5
17F7
330
1F
100
AcDbEntity
  8
0
  6
Continuous
 62
     7
370
    25
100
AcDbLine
 10
1.0382859374
 20
-1.4737701052
 30
0.0
 11
1.0353331815
 21
-1.477707113
 31
0.0
  0
LINE
  5
17F8
330
1F
100
AcDbEntity
  8
0
  6
Continuous
 62
     7
370
    25
100
AcDbLine
 10
1.0412386933
 20
-1.4718016012
 30
0.0
 11
1.0382859374
 21
-1.4737701052
 31
0.0
  0
LINE
  5
17F9
330
1F
100
AcDbEntity
  8
0
  6
Continuous
 62
     7
370
    25
100
AcDbLine
 10
1.0461599531
 20
-1.4698330973
 30
0.0
 11
1.0412386933
 21
-1.4718016012
 31
0.0
  0
LINE
  5
17FA
330
1F
100
AcDbEntity
  8
0
  6
Continuous
 62
     7
370
    25
100
AcDbLine
 10
1.052065465
 20
-1.4698330973
 30
0.0
 11
1.0461599531
 21
-1.4698330973
 31
0.0
  0
LINE
  5
17FB
330
1F
100
AcDbEntity
  8
0
  6
Continuous
 62
     7
370
    25
100
AcDbLine
 10
1.0569867248
 20
-1.4718016012
 30
0.0
 11
1.052065465
 21
-1.4698330973
 31
0.0
  0
LINE
  5
17FC
330
1F
100
AcDbEntity
  8
0
  6
Continuous
 62
     7
370
    25
100
AcDbLine
 10
1.0599394807
 20
-1.4737701052
 30
0.0
 11
1.0569867248
 21
-1.4718016012
 31
0.0
  0
LINE
  5
17FD
330
1F
100
AcDbEntity
  8
0
  6
Continuous
 62
     7
370
    25
100
AcDbLine
 10
1.0628922366
 20
-1.4777071131
 30
0.0
 11
1.0599394807
 21
-1.4737701052
 31
0.0
  0
LINE
  5
17FE
330
1F
100
AcDbEntity
  8
0
  6
Continuous
 62
     7
370
    25
100
AcDbLine
 10
1.0648607405
 20
-1.4826283729
 30
0.0
 11
1.0628922366
 21
-1.4777071131
 31
0.0
  0
LINE
  5
17FF
330
1F
100
AcDbEntity
  8
0
  6
Continuous
 62
     7
370
    25
100
AcDbLine
 10
1.0648607405
 20
-1.4875496327
 30
0.0
 11
1.0648607405
 21
-1.4826283729
 31
0.0
  0
LINE
  5
1800
330
1F
100
AcDbEntity
  8
0
  6
Continuous
 62
     7
370
    25
100
AcDbLine
 10
1.0628922366
 20
-1.4924708926
 30
0.0
 11
1.0648607405
 21
-1.4875496327
 31
0.0
  0
LINE
  5
1801
330
1F
100
AcDbEntity
  8
0
  6
Continuous
 62
     7
370
    25
100
AcDbLine
 10
1.0599394807
 20
-1.4964079005
 30
0.0
 11
1.0628922366
 21
-1.4924708926
 31
0.0
  0
LINE
  5
1802
330
1F
100
AcDbEntity
  8
0
  6
Continuous
 62
     7
370
    25
100
AcDbLine
 10
1.0569867248
 20
-1.4983764044
 30
0.0
 11
1.0599394807
 21
-1.4964079005
 31
0.0
  0
LINE
  5
1803
330
1F
100
AcDbEntity
  8
0
  6
Continuous
 62
     7
370
    25
100
AcDbLine
 10
1.052065465
 20
-1.5003449083
 30
0.0
 11
1.0569867248
 21
-1.4983764044
 31
0.0
  0
LINE
  5
1804
330
1F
100
AcDbEntity
  8
0
  6
Continuous
 62
     7
370
    25
100
AcDbLine
 10
1.0461599531
 20
-1.5003449083
 30
0.0
 11
1.052065465
 21
-1.5003449083
 31
0.0
  0
LINE
  5
1805
330
1F
100
AcDbEntity
  8
0
  6
Continuous
 62
     7
370
    25
100
AcDbLine
 10
1.0412386933
 20
-1.4983764044
 30
0.0
 11
1.0461599531
 21
-1.5003449083
 31
0.0
  0
LINE
  5
1806
330
1F
100
AcDbEntity
  8
0
  6
Continuous
 62
     7
370
    25
100
AcDbLine
 10
1.0382859374
 20
-1.4964079004
 30
0.0
 11
1.0412386933
 21
-1.4983764044
 31
0.0
  0
LINE
  5
1807
330
1F
100
AcDbEntity
  8
0
  6
Continuous
 62
     7
370
    25
100
AcDbLine
 10
1.0353331815
 20
-1.5456204989
 30
0.0
 11
1.0333646776
 21
-1.5505417587
 31
0.0
  0
LINE
  5
1808
330
1F
100
AcDbEntity
  8
0
  6
Continuous
 62
     7
370
    25
100
AcDbLine
 10
1.0382859374
 20
-1.541683491
 30
0.0
 11
1.0353331815
 21
-1.5456204989
 31
0.0
  0
LINE
  5
1809
330
1F
100
AcDbEntity
  8
0
  6
Continuous
 62
     7
370
    25
100
AcDbLine
 10
1.0412386933
 20
-1.539714987
 30
0.0
 11
1.0382859374
 21
-1.541683491
 31
0.0
  0
LINE
  5
180A
330
1F
100
AcDbEntity
  8
0
  6
Continuous
 62
     7
370
    25
100
AcDbLine
 10
1.0461599531
 20
-1.5377464831
 30
0.0
 11
1.0412386933
 21
-1.5397149871
 31
0.0
  0
LINE
  5
180B
330
1F
100
AcDbEntity
  8
0
  6
Continuous
 62
     7
370
    25
100
AcDbLine
 10
1.052065465
 20
-1.5377464831
 30
0.0
 11
1.0461599531
 21
-1.5377464831
 31
0.0
  0
LINE
  5
180C
330
1F
100
AcDbEntity
  8
0
  6
Continuous
 62
     7
370
    25
100
AcDbLine
 10
1.0569867248
 20
-1.5397149871
 30
0.0
 11
1.052065465
 21
-1.5377464831
 31
0.0
  0
LINE
  5
180D
330
1F
100
AcDbEntity
  8
0
  6
Continuous
 62
     7
370
    25
100
AcDbLine
 10
1.0599394807
 20
-1.541683491
 30
0.0
 11
1.0569867248
 21
-1.5397149871
 31
0.0
  0
LINE
  5
180E
330
1F
100
AcDbEntity
  8
0
  6
Continuous
 62
     7
370
    25
100
AcDbLine
 10
1.0628922366
 20
-1.5456204989
 30
0.0
 11
1.0599394807
 21
-1.541683491
 31
0.0
  0
LINE
  5
180F
330
1F
100
AcDbEntity
  8
0
  6
Continuous
 62
     7
370
    25
100
AcDbLine
 10
1.0648607405
 20
-1.5505417587
 30
0.0
 11
1.0628922366
 21
-1.5456204989
 31
0.0
  0
LINE
  5
1810
330
1F
100
AcDbEntity
  8
0
  6
Continuous
 62
     7
370
    25
100
AcDbLine
 10
1.0648607405
 20
-1.5554630186
 30
0.0
 11
1.0648607405
 21
-1.5505417587
 31
0.0
  0
LINE
  5
1811
330
1F
100
AcDbEntity
  8
0
  6
Continuous
 62
     7
370
    25
100
AcDbLine
 10
1.0628922366
 20
-1.5603842784
 30
0.0
 11
1.0648607405
 21
-1.5554630186
 31
0.0
  0
LINE
  5
1812
330
1F
100
AcDbEntity
  8
0
  6
Continuous
 62
     7
370
    25
100
AcDbLine
 10
1.0599394807
 20
-1.5643212863
 30
0.0
 11
1.0628922366
 21
-1.5603842784
 31
0.0
  0
LINE
  5
1813
330
1F
100
AcDbEntity
  8
0
  6
Continuous
 62
     7
370
    25
100
AcDbLine
 10
1.0569867248
 20
-1.5662897902
 30
0.0
 11
1.0599394807
 21
-1.5643212863
 31
0.0
  0
LINE
  5
1814
330
1F
100
AcDbEntity
  8
0
  6
Continuous
 62
     7
370
    25
100
AcDbLine
 10
1.052065465
 20
-1.5682582941
 30
0.0
 11
1.0569867248
 21
-1.5662897902
 31
0.0
  0
LINE
  5
1815
330
1F
100
AcDbEntity
  8
0
  6
Continuous
 62
     7
370
    25
100
AcDbLine
 10
1.0461599531
 20
-1.5682582941
 30
0.0
 11
1.052065465
 21
-1.5682582941
 31
0.0
  0
LINE
  5
1816
330
1F
100
AcDbEntity
  8
0
  6
Continuous
 62
     7
370
    25
100
AcDbLine
 10
1.0412386933
 20
-1.5662897902
 30
0.0
 11
1.0461599531
 21
-1.5682582941
 31
0.0
  0
LINE
  5
1817
330
1F
100
AcDbEntity
  8
0
  6
Continuous
 62
     7
370
    25
100
AcDbLine
 10
1.0382859374
 20
-1.5643212863
 30
0.0
 11
1.0412386933
 21
-1.5662897902
 31
0.0
  0
LINE
  5
1818
330
1F
100
AcDbEntity
  8
0
  6
Continuous
 62
     7
370
    25
100
AcDbLine
 10
1.0353331815
 20
-1.5603842784
 30
0.0
 11
1.0382859374
 21
-1.5643212863
 31
0.0
  0
LINE
  5
1819
330
1F
100
AcDbEntity
  8
0
  6
Continuous
 62
     7
370
    25
100
AcDbLine
 10
1.0333646776
 20
-1.5554630186
 30
0.0
 11
1.0353331815
 21
-1.5603842784
 31
0.0
  0
LINE
  5
181A
330
1F
100
AcDbEntity
  8
0
  6
Continuous
 62
     7
370
    25
100
AcDbLine
 10
1.0333646776
 20
-1.5505417587
 30
0.0
 11
1.0333646776
 21
-1.5554630186
 31
0.0
  0
LINE
  5
181B
330
1F
100
AcDbEntity
  8
0
  6
Continuous
 62
     7
370
    25
100
AcDbLine
 10
0.1476377953
 20
-1.6460143846
 30
0.0
 11
0.1496062992
 21
-1.6410931247
 31
0.0
  0
LINE
  5
181C
330
1F
100
AcDbEntity
  8
0
  6
Continuous
 62
     7
370
    25
100
AcDbLine
 10
0.1446850394
 20
-1.6489671405
 30
0.0
 11
0.1476377953
 21
-1.6460143846
 31
0.0
  0
LINE
  5
181D
330
1F
100
AcDbEntity
  8
0
  6
Continuous
 62
     7
370
    25
100
AcDbLine
 10
0.1397637795
 20
-1.6509356444
 30
0.0
 11
0.1446850394
 21
-1.6489671405
 31
0.0
  0
LINE
  5
181E
330
1F
100
AcDbEntity
  8
0
  6
Continuous
 62
     7
370
    25
100
AcDbLine
 10
0.1338582677
 20
-1.6519198964
 30
0.0
 11
0.1397637795
 21
-1.6509356444
 31
0.0
  0
LINE
  5
181F
330
1F
100
AcDbEntity
  8
0
  6
Continuous
 62
     7
370
    25
100
AcDbLine
 10
0.1131889764
 20
-1.6519198964
 30
0.0
 11
0.1338582677
 21
-1.6519198964
 31
0.0
  0
LINE
  5
1820
330
1F
100
AcDbEntity
  8
0
  6
Continuous
 62
     7
370
    25
100
AcDbLine
 10
0.1131889764
 20
-1.6243608413
 30
0.0
 11
0.1131889764
 21
-1.6519198964
 31
0.0
  0
LINE
  5
1821
330
1F
100
AcDbEntity
  8
0
  6
Continuous
 62
     7
370
    25
100
AcDbLine
 10
0.1338582677
 20
-1.6243608413
 30
0.0
 11
0.1131889764
 21
-1.6243608413
 31
0.0
  0
LINE
  5
1822
330
1F
100
AcDbEntity
  8
0
  6
Continuous
 62
     7
370
    25
100
AcDbLine
 10
0.1397637796
 20
-1.6253450933
 30
0.0
 11
0.1338582677
 21
-1.6243608413
 31
0.0
  0
LINE
  5
1823
330
1F
100
AcDbEntity
  8
0
  6
Continuous
 62
     7
370
    25
100
AcDbLine
 10
0.1446850394
 20
-1.6273135972
 30
0.0
 11
0.1397637795
 21
-1.6253450933
 31
0.0
  0
LINE
  5
1824
330
1F
100
AcDbEntity
  8
0
  6
Continuous
 62
     7
370
    25
100
AcDbLine
 10
0.1476377953
 20
-1.6302663531
 30
0.0
 11
0.1446850394
 21
-1.6273135972
 31
0.0
  0
LINE
  5
1825
330
1F
100
AcDbEntity
  8
0
  6
Continuous
 62
     7
370
    25
100
AcDbLine
 10
0.1496062992
 20
-1.6351876129
 30
0.0
 11
0.1476377953
 21
-1.6302663531
 31
0.0
  0
LINE
  5
1826
330
1F
100
AcDbEntity
  8
0
  6
Continuous
 62
     7
370
    25
100
AcDbLine
 10
0.1496062992
 20
-1.6410931247
 30
0.0
 11
0.1496062992
 21
-1.6351876129
 31
0.0
  0
LINE
  5
1827
330
1F
100
AcDbEntity
  8
0
  6
Continuous
 62
     7
370
    25
100
AcDbLine
 10
1.0569867248
 20
-1.2828252233
 30
0.0
 11
1.0569867248
 21
-1.3074315225
 31
0.0
  0
LINE
  5
1828
330
1F
100
AcDbEntity
  8
0
  6
Continuous
 62
     7
370
    25
100
AcDbLine
 10
1.0884827878
 20
-1.2946362469
 30
0.0
 11
1.0569867248
 21
-1.2828252233
 31
0.0
  0
LINE
  5
1829
330
1F
100
AcDbEntity
  8
0
  6
Continuous
 62
     7
370
    25
100
AcDbLine
 10
1.0569867248
 20
-1.3074315225
 30
0.0
 11
1.0884827878
 21
-1.2946362469
 31
0.0
  0
LINE
  5
182A
330
1F
100
AcDbEntity
  8
0
  6
Continuous
 62
     7
370
    25
100
AcDbLine
 10
0.6299212598
 20
0.1138281351
 30
0.0
 11
0.5433070866
 21
0.1138281351
 31
0.0
  0
LINE
  5
182B
330
1F
100
AcDbEntity
  8
0
  6
Continuous
 62
     7
370
    25
100
AcDbLine
 10
0.6417322835
 20
0.1335131745
 30
0.0
 11
0.6417322835
 21
0.1256391587
 31
0.0
  0
LINE
  5
182C
330
1F
100
AcDbEntity
  8
0
  6
Continuous
 62
     7
370
    25
100
AcDbLine
 10
0.6811023622
 20
0.1531982138
 30
0.0
 11
0.6614173228
 21
0.1531982138
 31
0.0
  0
LINE
  5
182D
330
1F
100
AcDbEntity
  8
0
  6
Continuous
 62
     7
370
    25
100
AcDbLine
 10
0.7007874016
 20
0.1256391587
 30
0.0
 11
0.7007874016
 21
0.1335131745
 31
0.0
  0
LINE
  5
182E
330
1F
100
AcDbEntity
  8
0
  6
Continuous
 62
     7
370
    25
100
AcDbLine
 10
0.8779527559
 20
0.1138281351
 30
0.0
 11
0.7125984252
 21
0.1138281351
 31
0.0
  0
LINE
  5
182F
330
1F
100
AcDbEntity
  8
0
  6
Continuous
 62
     7
370
    25
100
AcDbLine
 10
0.8779527559
 20
0.1689462453
 30
0.0
 11
0.8779527559
 21
0.1138281351
 31
0.0
  0
LINE
  5
1830
330
1F
100
AcDbEntity
  8
0
  6
Continuous
 62
     7
370
    25
100
AcDbLine
 10
1.0570866142
 20
0.1689462453
 30
0.0
 11
0.8779527559
 21
0.1689462453
 31
0.0
  0
LINE
  5
1831
330
1F
100
AcDbEntity
  8
0
  6
Continuous
 62
     7
370
    25
100
AcDbLine
 10
1.0570866142
 20
0.0705210485
 30
0.0
 11
1.0570866142
 21
0.1689462453
 31
0.0
  0
LINE
  5
1832
330
1F
100
AcDbEntity
  8
0
  6
Continuous
 62
     7
370
    25
100
AcDbLine
 10
1.25
 20
-0.0475891877
 30
0.0
 11
1.1751968504
 21
-0.0475891877
 31
0.0
  0
LINE
  5
1833
330
1F
100
AcDbEntity
  8
0
  6
Continuous
 62
     7
370
    25
100
AcDbLine
 10
1.2381889764
 20
-0.2719986366
 30
0.0
 11
1.2381889764
 21
-0.0475891877
 31
0.0
  0
LINE
  5
1834
330
1F
100
AcDbEntity
  8
0
  6
Continuous
 62
     7
370
    25
100
AcDbLine
 10
1.1830708661
 20
-0.2719986366
 30
0.0
 11
1.25
 21
-0.2719986366
 31
0.0
  0
LINE
  5
1835
330
1F
100
AcDbEntity
  8
0
  6
Continuous
 62
     7
370
    25
100
AcDbLine
 10
1.1830708661
 20
-0.3408962744
 30
0.0
 11
1.1830708661
 21
-0.2719986366
 31
0.0
  0
LINE
  5
1836
330
1F
100
AcDbEntity
  8
0
  6
Continuous
 62
     7
370
    25
100
AcDbLine
 10
1.1830708661
 20
-0.508219109
 30
0.0
 11
1.1830708661
 21
-0.4393214712
 31
0.0
  0
LINE
  5
1837
330
1F
100
AcDbEntity
  8
0
  6
Continuous
 62
     7
370
    25
100
AcDbLine
 10
1.25
 20
-0.508219109
 30
0.0
 11
1.1830708661
 21
-0.508219109
 31
0.0
  0
LINE
  5
1838
330
1F
100
AcDbEntity
  8
0
  6
Continuous
 62
     7
370
    25
100
AcDbLine
 10
1.2381889764
 20
-1.5830222586
 30
0.0
 11
1.2381889764
 21
-0.508219109
 31
0.0
  0
LINE
  5
1839
330
1F
100
AcDbEntity
  8
0
  6
Continuous
 62
     7
370
    25
100
AcDbLine
 10
1.1751968504
 20
-1.5830222586
 30
0.0
 11
1.25
 21
-1.5830222586
 31
0.0
  0
LINE
  5
183A
330
1F
100
AcDbEntity
  8
0
  6
Continuous
 62
     7
370
    25
100
AcDbLine
 10
1.0570866142
 20
-1.7995576917
 30
0.0
 11
1.0570866142
 21
-1.7011324948
 31
0.0
  0
LINE
  5
183B
330
1F
100
AcDbEntity
  8
0
  6
Continuous
 62
     7
370
    25
100
AcDbLine
 10
0.8779527559
 20
-1.7995576917
 30
0.0
 11
1.0570866142
 21
-1.7995576917
 31
0.0
  0
LINE
  5
183C
330
1F
100
AcDbEntity
  8
0
  6
Continuous
 62
     7
370
    25
100
AcDbLine
 10
0.8779527559
 20
-1.7444395814
 30
0.0
 11
0.8779527559
 21
-1.7995576917
 31
0.0
  0
LINE
  5
183D
330
1F
100
AcDbEntity
  8
0
  6
Continuous
 62
     7
370
    25
100
AcDbLine
 10
0.7913385827
 20
-1.7444395814
 30
0.0
 11
0.8779527559
 21
-1.7444395814
 31
0.0
  0
LINE
  5
183E
330
1F
100
AcDbEntity
  8
0
  6
Continuous
 62
     7
370
    25
100
AcDbLine
 10
0.7795275591
 20
-1.7641246208
 30
0.0
 11
0.7795275591
 21
-1.7562506051
 31
0.0
  0
LINE
  5
183F
330
1F
100
AcDbEntity
  8
0
  6
Continuous
 62
     7
370
    25
100
AcDbLine
 10
0.7401574803
 20
-1.7838096602
 30
0.0
 11
0.7598425197
 21
-1.7838096602
 31
0.0
  0
LINE
  5
1840
330
1F
100
AcDbEntity
  8
0
  6
Continuous
 62
     7
370
    25
100
AcDbLine
 10
0.7204724409
 20
-1.7562506051
 30
0.0
 11
0.7204724409
 21
-1.7641246208
 31
0.0
  0
LINE
  5
1841
330
1F
100
AcDbEntity
  8
0
  6
Continuous
 62
     7
370
    25
100
AcDbLine
 10
0.5433070866
 20
-1.7444395814
 30
0.0
 11
0.7086614173
 21
-1.7444395814
 31
0.0
  0
LINE
  5
1842
330
1F
100
AcDbEntity
  8
0
  6
Continuous
 62
     7
370
    25
100
AcDbLine
 10
-0.031496063
 20
-1.7444395814
 30
0.0
 11
0.1338582677
 21
-1.7444395814
 31
0.0
  0
LINE
  5
1843
330
1F
100
AcDbEntity
  8
0
  6
Continuous
 62
     7
370
    25
100
AcDbLine
 10
-0.0433070866
 20
-1.7641246208
 30
0.0
 11
-0.0433070866
 21
-1.7562506051
 31
0.0
  0
LINE
  5
1844
330
1F
100
AcDbEntity
  8
0
  6
Continuous
 62
     7
370
    25
100
AcDbLine
 10
-0.0826771654
 20
-1.7838096602
 30
0.0
 11
-0.062992126
 21
-1.7838096602
 31
0.0
  0
LINE
  5
1845
330
1F
100
AcDbEntity
  8
0
  6
Continuous
 62
     7
370
    25
100
AcDbLine
 10
-0.1023622047
 20
-1.7562506051
 30
0.0
 11
-0.1023622047
 21
-1.7641246208
 31
0.0
  0
LINE
  5
1846
330
1F
100
AcDbEntity
  8
0
  6
Continuous
 62
     7
370
    25
100
AcDbLine
 10
-0.2007874016
 20
-1.7444395814
 30
0.0
 11
-0.1141732283
 21
-1.7444395814
 31
0.0
  0
LINE
  5
1847
330
1F
100
AcDbEntity
  8
0
  6
Continuous
 62
     7
370
    25
100
AcDbLine
 10
-0.2007874016
 20
-1.7995576917
 30
0.0
 11
-0.2007874016
 21
-1.7444395814
 31
0.0
  0
LINE
  5
1848
330
1F
100
AcDbEntity
  8
0
  6
Continuous
 62
     7
370
    25
100
AcDbLine
 10
-0.3799212598
 20
-1.7995576917
 30
0.0
 11
-0.2007874016
 21
-1.7995576917
 31
0.0
  0
LINE
  5
1849
330
1F
100
AcDbEntity
  8
0
  6
Continuous
 62
     7
370
    25
100
AcDbLine
 10
-0.3799212598
 20
-1.7011324948
 30
0.0
 11
-0.3799212598
 21
-1.7995576917
 31
0.0
  0
LINE
  5
184A
330
1F
100
AcDbEntity
  8
0
  6
Continuous
 62
     7
370
    25
100
AcDbLine
 10
-0.5728346457
 20
-1.5830222586
 30
0.0
 11
-0.4980314961
 21
-1.5830222586
 31
0.0
  0
LINE
  5
184B
330
1F
100
AcDbEntity
  8
0
  6
Continuous
 62
     7
370
    25
100
AcDbLine
 10
-0.561023622
 20
-0.508219109
 30
0.0
 11
-0.561023622
 21
-1.5830222586
 31
0.0
  0
LINE
  5
184C
330
1F
100
AcDbEntity
  8
0
  6
Continuous
 62
     7
370
    25
100
AcDbLine
 10
-0.5059055118
 20
-0.508219109
 30
0.0
 11
-0.5728346457
 21
-0.508219109
 31
0.0
  0
LINE
  5
184D
330
1F
100
AcDbEntity
  8
0
  6
Continuous
 62
     7
370
    25
100
AcDbLine
 10
-0.5059055118
 20
-0.4393214712
 30
0.0
 11
-0.5059055118
 21
-0.508219109
 31
0.0
  0
LINE
  5
184E
330
1F
100
AcDbEntity
  8
0
  6
Continuous
 62
     7
370
    25
100
AcDbLine
 10
-0.5059055118
 20
-0.2719986366
 30
0.0
 11
-0.5059055118
 21
-0.3408962744
 31
0.0
  0
LINE
  5
184F
330
1F
100
AcDbEntity
  8
0
  6
Continuous
 62
     7
370
    25
100
AcDbLine
 10
-0.5728346457
 20
-0.2719986366
 30
0.0
 11
-0.5059055118
 21
-0.2719986366
 31
0.0
  0
LINE
  5
1850
330
1F
100
AcDbEntity
  8
0
  6
Continuous
 62
     7
370
    25
100
AcDbLine
 10
-0.561023622
 20
-0.0475891877
 30
0.0
 11
-0.561023622
 21
-0.2719986366
 31
0.0
  0
LINE
  5
1851
330
1F
100
AcDbEntity
  8
0
  6
Continuous
 62
     7
370
    25
100
AcDbLine
 10
-0.4980314961
 20
-0.0475891877
 30
0.0
 11
-0.5728346457
 21
-0.0475891877
 31
0.0
  0
LINE
  5
1852
330
1F
100
AcDbEntity
  8
0
  6
Continuous
 62
     7
370
    25
100
AcDbLine
 10
-0.3799212598
 20
0.1689462453
 30
0.0
 11
-0.3799212598
 21
0.0705210485
 31
0.0
  0
LINE
  5
1853
330
1F
100
AcDbEntity
  8
0
  6
Continuous
 62
     7
370
    25
100
AcDbLine
 10
-0.2007874016
 20
0.1689462453
 30
0.0
 11
-0.3799212598
 21
0.1689462453
 31
0.0
  0
LINE
  5
1854
330
1F
100
AcDbEntity
  8
0
  6
Continuous
 62
     7
370
    25
100
AcDbLine
 10
-0.2007874016
 20
0.1138281351
 30
0.0
 11
-0.2007874016
 21
0.1689462453
 31
0.0
  0
LINE
  5
1855
330
1F
100
AcDbEntity
  8
0
  6
Continuous
 62
     7
370
    25
100
AcDbLine
 10
-0.0354330709
 20
0.1138281351
 30
0.0
 11
-0.2007874016
 21
0.1138281351
 31
0.0
  0
LINE
  5
1856
330
1F
100
AcDbEntity
  8
0
  6
Continuous
 62
     7
370
    25
100
AcDbLine
 10
-0.0236220472
 20
0.1335131745
 30
0.0
 11
-0.0236220472
 21
0.1256391587
 31
0.0
  0
LINE
  5
1857
330
1F
100
AcDbEntity
  8
0
  6
Continuous
 62
     7
370
    25
100
AcDbLine
 10
0.0157480315
 20
0.1531982138
 30
0.0
 11
-0.0039370079
 21
0.1531982138
 31
0.0
  0
LINE
  5
1858
330
1F
100
AcDbEntity
  8
0
  6
Continuous
 62
     7
370
    25
100
AcDbLine
 10
0.0354330709
 20
0.1256391587
 30
0.0
 11
0.0354330709
 21
0.1335131745
 31
0.0
  0
LINE
  5
1859
330
1F
100
AcDbEntity
  8
0
  6
Continuous
 62
     7
370
    25
100
AcDbLine
 10
0.1338582677
 20
0.1138281351
 30
0.0
 11
0.0472440945
 21
0.1138281351
 31
0.0
  0
LINE
  5
185A
330
1F
100
AcDbEntity
  8
0
  6
Continuous
 62
     7
370
    25
100
AcDbLine
 10
0.343996063
 20
0.0626470327
 30
0.0
 11
0.343996063
 21
-0.0062506051
 31
0.0
  0
LINE
  5
185B
330
1F
100
AcDbEntity
  8
0
  6
Continuous
 62
     7
370
    25
100
AcDbLine
 10
0.3331692913
 20
0.0626470327
 30
0.0
 11
0.343996063
 21
0.0626470327
 31
0.0
  0
LINE
  5
185C
330
1F
100
AcDbEntity
  8
0
  6
Continuous
 62
     7
370
    25
100
AcDbLine
 10
0.3331692913
 20
-0.0160931247
 30
0.0
 11
0.3331692913
 21
0.0626470327
 31
0.0
  0
LINE
  5
185D
330
1F
100
AcDbEntity
  8
0
  6
Continuous
 62
     7
370
    25
100
AcDbLine
 10
0.3853346457
 20
-0.0160931247
 30
0.0
 11
0.3331692913
 21
-0.0160931247
 31
0.0
  0
LINE
  5
185E
330
1F
100
AcDbEntity
  8
0
  6
Continuous
 62
     7
370
    25
100
AcDbLine
 10
0.3853346457
 20
-0.0062506051
 30
0.0
 11
0.3853346457
 21
-0.0160931247
 31
0.0
  0
LINE
  5
185F
330
1F
100
AcDbEntity
  8
0
  6
Continuous
 62
     7
370
    25
100
AcDbLine
 10
0.343996063
 20
-0.0062506051
 30
0.0
 11
0.3853346457
 21
-0.0062506051
 31
0.0
  0
LINE
  5
1860
330
1F
100
AcDbEntity
  8
0
  6
Continuous
 62
     7
370
    25
100
AcDbLine
 10
-0.5421108363
 20
-0.5908417647
 30
0.0
 11
-0.2716535433
 21
-0.5908417647
 31
0.0
  0
LINE
  5
1861
330
1F
100
AcDbEntity
  8
0
  6
Continuous
 62
     7
370
    25
100
AcDbLine
 10
-0.5421108363
 20
-1.0397696817
 30
0.0
 11
-0.5421108363
 21
-0.5908417647
 31
0.0
  0
LINE
  5
1862
330
1F
100
AcDbEntity
  8
0
  6
Continuous
 62
     7
370
    25
100
AcDbLine
 10
-0.2716535433
 20
-1.0397696817
 30
0.0
 11
-0.5421108363
 21
-1.0397696817
 31
0.0
  0
LINE
  5
1863
330
1F
100
AcDbEntity
  8
0
  6
Continuous
 62
     7
370
    25
100
AcDbLine
 10
1.2192761906
 20
-1.0397696817
 30
0.0
 11
0.9488188976
 21
-1.0397696817
 31
0.0
  0
LINE
  5
1864
330
1F
100
AcDbEntity
  8
0
  6
Continuous
 62
     7
370
    25
100
AcDbLine
 10
1.2192761906
 20
-0.5908417647
 30
0.0
 11
1.2192761906
 21
-1.0397696817
 31
0.0
  0
LINE
  5
1865
330
1F
100
AcDbEntity
  8
0
  6
Continuous
 62
     7
370
    25
100
AcDbLine
 10
0.9488188976
 20
-0.5908417647
 30
0.0
 11
1.2192761906
 21
-0.5908417647
 31
0.0
  0
LINE
  5
1866
330
1F
100
AcDbEntity
  8
0
  6
Continuous
 62
     7
370
    25
100
AcDbLine
 10
0.8616232996
 20
0.0626470327
 30
0.0
 11
0.8616232996
 21
-0.0160931247
 31
0.0
  0
LINE
  5
1867
330
1F
100
AcDbEntity
  8
0
  6
Continuous
 62
     7
370
    25
100
AcDbLine
 10
0.847843772
 20
0.0626470327
 30
0.0
 11
0.8616232996
 21
0.0626470327
 31
0.0
  0
LINE
  5
1868
330
1F
100
AcDbEntity
  8
0
  6
Continuous
 62
     7
370
    25
100
AcDbLine
 10
0.8232374728
 20
-0.0003450932
 30
0.0
 11
0.847843772
 21
0.0626470327
 31
0.0
  0
LINE
  5
1869
330
1F
100
AcDbEntity
  8
0
  6
Continuous
 62
     7
370
    25
100
AcDbLine
 10
0.7986311736
 20
0.0626470327
 30
0.0
 11
0.8232374728
 21
-0.0003450932
 31
0.0
  0
LINE
  5
186A
330
1F
100
AcDbEntity
  8
0
  6
Continuous
 62
     7
370
    25
100
AcDbLine
 10
0.7848516461
 20
0.0626470327
 30
0.0
 11
0.7986311736
 21
0.0626470327
 31
0.0
  0
LINE
  5
186B
330
1F
100
AcDbEntity
  8
0
  6
Continuous
 62
     7
370
    25
100
AcDbLine
 10
0.7848516461
 20
-0.0160931247
 30
0.0
 11
0.7848516461
 21
0.0626470327
 31
0.0
  0
LINE
  5
186C
330
1F
100
AcDbEntity
  8
0
  6
Continuous
 62
     7
370
    25
100
AcDbLine
 10
0.7946941657
 20
-0.0160931247
 30
0.0
 11
0.7848516461
 21
-0.0160931247
 31
0.0
  0
LINE
  5
186D
330
1F
100
AcDbEntity
  8
0
  6
Continuous
 62
     7
370
    25
100
AcDbLine
 10
0.7946941657
 20
0.0449304973
 30
0.0
 11
0.7946941657
 21
-0.0160931247
 31
0.0
  0
LINE
  5
186E
330
1F
100
AcDbEntity
  8
0
  6
Continuous
 62
     7
370
    25
100
AcDbLine
 10
0.818316213
 20
-0.0160931247
 30
0.0
 11
0.7946941657
 21
0.0449304973
 31
0.0
  0
LINE
  5
186F
330
1F
100
AcDbEntity
  8
0
  6
Continuous
 62
     7
370
    25
100
AcDbLine
 10
0.8281587327
 20
-0.0160931247
 30
0.0
 11
0.818316213
 21
-0.0160931247
 31
0.0
  0
LINE
  5
1870
330
1F
100
AcDbEntity
  8
0
  6
Continuous
 62
     7
370
    25
100
AcDbLine
 10
0.8517807799
 20
0.0449304973
 30
0.0
 11
0.8281587327
 21
-0.0160931247
 31
0.0
  0
LINE
  5
1871
330
1F
100
AcDbEntity
  8
0
  6
Continuous
 62
     7
370
    25
100
AcDbLine
 10
0.8517807799
 20
-0.0160931247
 30
0.0
 11
0.8517807799
 21
0.0449304973
 31
0.0
  0
LINE
  5
1872
330
1F
100
AcDbEntity
  8
0
  6
Continuous
 62
     7
370
    25
100
AcDbLine
 10
0.8616232996
 20
-0.0160931247
 30
0.0
 11
0.8517807799
 21
-0.0160931247
 31
0.0
  0
LINE
  5
1873
330
1F
100
AcDbEntity
  8
0
  6
Continuous
 62
     7
370
    25
100
AcDbLine
 10
0.9590642445
 20
0.0626470327
 30
0.0
 11
0.9698910161
 21
0.0626470327
 31
0.0
  0
LINE
  5
1874
330
1F
100
AcDbEntity
  8
0
  6
Continuous
 62
     7
370
    25
100
AcDbLine
 10
0.9590642445
 20
-0.0160931247
 30
0.0
 11
0.9590642445
 21
0.0626470327
 31
0.0
  0
LINE
  5
1875
330
1F
100
AcDbEntity
  8
0
  6
Continuous
 62
     7
370
    25
100
AcDbLine
 10
0.9698910161
 20
-0.0160931247
 30
0.0
 11
0.9590642445
 21
-0.0160931247
 31
0.0
  0
LINE
  5
1876
330
1F
100
AcDbEntity
  8
0
  6
Continuous
 62
     7
370
    25
100
AcDbLine
 10
0.9698910161
 20
0.0193399461
 30
0.0
 11
0.9698910161
 21
-0.0160931247
 31
0.0
  0
LINE
  5
1877
330
1F
100
AcDbEntity
  8
0
  6
Continuous
 62
     7
370
    25
100
AcDbLine
 10
1.0102453468
 20
0.0193399461
 30
0.0
 11
0.9698910161
 21
0.0193399461
 31
0.0
  0
LINE
  5
1878
330
1F
100
AcDbEntity
  8
0
  6
Continuous
 62
     7
370
    25
100
AcDbLine
 10
1.0102453468
 20
-0.0160931247
 30
0.0
 11
1.0102453468
 21
0.0193399461
 31
0.0
  0
LINE
  5
1879
330
1F
100
AcDbEntity
  8
0
  6
Continuous
 62
     7
370
    25
100
AcDbLine
 10
1.0210721185
 20
-0.0160931247
 30
0.0
 11
1.0102453468
 21
-0.0160931247
 31
0.0
  0
LINE
  5
187A
330
1F
100
AcDbEntity
  8
0
  6
Continuous
 62
     7
370
    25
100
AcDbLine
 10
1.0210721185
 20
0.0626470327
 30
0.0
 11
1.0210721185
 21
-0.0160931247
 31
0.0
  0
LINE
  5
187B
330
1F
100
AcDbEntity
  8
0
  6
Continuous
 62
     7
370
    25
100
AcDbLine
 10
1.0102453468
 20
0.0626470327
 30
0.0
 11
1.0210721185
 21
0.0626470327
 31
0.0
  0
LINE
  5
187C
330
1F
100
AcDbEntity
  8
0
  6
Continuous
 62
     7
370
    25
100
AcDbLine
 10
1.0102453468
 20
0.0291824658
 30
0.0
 11
1.0102453468
 21
0.0626470327
 31
0.0
  0
LINE
  5
187D
330
1F
100
AcDbEntity
  8
0
  6
Continuous
 62
     7
370
    25
100
AcDbLine
 10
0.9698910161
 20
0.0291824658
 30
0.0
 11
1.0102453468
 21
0.0291824658
 31
0.0
  0
LINE
  5
187E
330
1F
100
AcDbEntity
  8
0
  6
Continuous
 62
     7
370
    25
100
AcDbLine
 10
0.9698910161
 20
0.0626470327
 30
0.0
 11
0.9698910161
 21
0.0291824658
 31
0.0
  0
LINE
  5
187F
330
1F
100
AcDbEntity
  8
0
  6
Continuous
 62
     7
370
    25
100
AcDbLine
 10
0.881308339
 20
-0.0003450932
 30
0.0
 11
0.8783555831
 21
0.0065446705
 31
0.0
  0
LINE
  5
1880
330
1F
100
AcDbEntity
  8
0
  6
Continuous
 62
     7
370
    25
100
AcDbLine
 10
0.8862295988
 20
-0.007234857
 30
0.0
 11
0.881308339
 21
-0.0003450932
 31
0.0
  0
LINE
  5
1881
330
1F
100
AcDbEntity
  8
0
  6
Continuous
 62
     7
370
    25
100
AcDbLine
 10
0.8911508587
 20
-0.0111718649
 30
0.0
 11
0.8862295988
 21
-0.007234857
 31
0.0
  0
LINE
  5
1882
330
1F
100
AcDbEntity
  8
0
  6
Continuous
 62
     7
370
    25
100
AcDbLine
 10
0.8960721185
 20
-0.0131403688
 30
0.0
 11
0.8911508587
 21
-0.0111718649
 31
0.0
  0
LINE
  5
1883
330
1F
100
AcDbEntity
  8
0
  6
Continuous
 62
     7
370
    25
100
AcDbLine
 10
0.9039461342
 20
-0.0151088728
 30
0.0
 11
0.8960721185
 21
-0.0131403688
 31
0.0
  0
LINE
  5
1884
330
1F
100
AcDbEntity
  8
0
  6
Continuous
 62
     7
370
    25
100
AcDbLine
 10
0.9088673941
 20
-0.0160931247
 30
0.0
 11
0.9039461342
 21
-0.0151088728
 31
0.0
  0
LINE
  5
1885
330
1F
100
AcDbEntity
  8
0
  6
Continuous
 62
     7
370
    25
100
AcDbLine
 10
0.9177256618
 20
-0.0160931247
 30
0.0
 11
0.9088673941
 21
-0.0160931247
 31
0.0
  0
LINE
  5
1886
330
1F
100
AcDbEntity
  8
0
  6
Continuous
 62
     7
370
    25
100
AcDbLine
 10
0.9255996776
 20
-0.0141246208
 30
0.0
 11
0.9177256618
 21
-0.0160931247
 31
0.0
  0
LINE
  5
1887
330
1F
100
AcDbEntity
  8
0
  6
Continuous
 62
     7
370
    25
100
AcDbLine
 10
0.9324894413
 20
-0.0111718649
 30
0.0
 11
0.9255996776
 21
-0.0141246208
 31
0.0
  0
LINE
  5
1888
330
1F
100
AcDbEntity
  8
0
  6
Continuous
 62
     7
370
    25
100
AcDbLine
 10
0.9374107012
 20
-0.007234857
 30
0.0
 11
0.9324894413
 21
-0.0111718649
 31
0.0
  0
LINE
  5
1889
330
1F
100
AcDbEntity
  8
0
  6
Continuous
 62
     7
370
    25
100
AcDbLine
 10
0.9403634571
 20
-0.0032978492
 30
0.0
 11
0.9374107012
 21
-0.007234857
 31
0.0
  0
LINE
  5
188A
330
1F
100
AcDbEntity
  8
0
  6
Continuous
 62
     7
370
    25
100
AcDbLine
 10
0.942331961
 20
0.0016234107
 30
0.0
 11
0.9403634571
 21
-0.0032978492
 31
0.0
  0
LINE
  5
188B
330
1F
100
AcDbEntity
  8
0
  6
Continuous
 62
     7
370
    25
100
AcDbLine
 10
0.943316213
 20
0.0075289225
 30
0.0
 11
0.942331961
 21
0.0016234107
 31
0.0
  0
LINE
  5
188C
330
1F
100
AcDbEntity
  8
0
  6
Continuous
 62
     7
370
    25
100
AcDbLine
 10
0.942331961
 20
0.0124501823
 30
0.0
 11
0.943316213
 21
0.0075289225
 31
0.0
  0
LINE
  5
188D
330
1F
100
AcDbEntity
  8
0
  6
Continuous
 62
     7
370
    25
100
AcDbLine
 10
0.9403634571
 20
0.0154029382
 30
0.0
 11
0.942331961
 21
0.0124501823
 31
0.0
  0
LINE
  5
188E
330
1F
100
AcDbEntity
  8
0
  6
Continuous
 62
     7
370
    25
100
AcDbLine
 10
0.9374107012
 20
0.0173714422
 30
0.0
 11
0.9403634571
 21
0.0154029382
 31
0.0
  0
LINE
  5
188F
330
1F
100
AcDbEntity
  8
0
  6
Continuous
 62
     7
370
    25
100
AcDbLine
 10
0.9324894413
 20
0.0193399461
 30
0.0
 11
0.9374107012
 21
0.0173714422
 31
0.0
  0
LINE
  5
1890
330
1F
100
AcDbEntity
  8
0
  6
Continuous
 62
     7
370
    25
100
AcDbLine
 10
0.9206784177
 20
0.023276954
 30
0.0
 11
0.9324894413
 21
0.0193399461
 31
0.0
  0
LINE
  5
1891
330
1F
100
AcDbEntity
  8
0
  6
Continuous
 62
     7
370
    25
100
AcDbLine
 10
0.8970563705
 20
0.0301667178
 30
0.0
 11
0.9206784177
 21
0.023276954
 31
0.0
  0
LINE
  5
1892
330
1F
100
AcDbEntity
  8
0
  6
Continuous
 62
     7
370
    25
100
AcDbLine
 10
0.8901666067
 20
0.0341037256
 30
0.0
 11
0.8970563705
 21
0.0301667178
 31
0.0
  0
LINE
  5
1893
330
1F
100
AcDbEntity
  8
0
  6
Continuous
 62
     7
370
    25
100
AcDbLine
 10
0.8881981028
 20
0.0380407335
 30
0.0
 11
0.8901666067
 21
0.0341037256
 31
0.0
  0
LINE
  5
1894
330
1F
100
AcDbEntity
  8
0
  6
Continuous
 62
     7
370
    25
100
AcDbLine
 10
0.8881981028
 20
0.0400092375
 30
0.0
 11
0.8881981028
 21
0.0380407335
 31
0.0
  0
LINE
  5
1895
330
1F
100
AcDbEntity
  8
0
  6
Continuous
 62
     7
370
    25
100
AcDbLine
 10
0.8891823547
 20
0.0439462453
 30
0.0
 11
0.8881981028
 21
0.0400092375
 31
0.0
  0
LINE
  5
1896
330
1F
100
AcDbEntity
  8
0
  6
Continuous
 62
     7
370
    25
100
AcDbLine
 10
0.8931193626
 20
0.0478832532
 30
0.0
 11
0.8891823547
 21
0.0439462453
 31
0.0
  0
LINE
  5
1897
330
1F
100
AcDbEntity
  8
0
  6
Continuous
 62
     7
370
    25
100
AcDbLine
 10
0.8960721185
 20
0.0498517571
 30
0.0
 11
0.8931193626
 21
0.0478832532
 31
0.0
  0
LINE
  5
1898
330
1F
100
AcDbEntity
  8
0
  6
Continuous
 62
     7
370
    25
100
AcDbLine
 10
0.9019776303
 20
0.0518202611
 30
0.0
 11
0.8960721185
 21
0.0498517571
 31
0.0
  0
LINE
  5
1899
330
1F
100
AcDbEntity
  8
0
  6
Continuous
 62
     7
370
    25
100
AcDbLine
 10
0.9078831421
 20
0.052804513
 30
0.0
 11
0.9019776303
 21
0.0518202611
 31
0.0
  0
LINE
  5
189A
330
1F
100
AcDbEntity
  8
0
  6
Continuous
 62
     7
370
    25
100
AcDbLine
 10
0.912804402
 20
0.052804513
 30
0.0
 11
0.9078831421
 21
0.052804513
 31
0.0
  0
LINE
  5
189B
330
1F
100
AcDbEntity
  8
0
  6
Continuous
 62
     7
370
    25
100
AcDbLine
 10
0.9187099138
 20
0.0518202611
 30
0.0
 11
0.912804402
 21
0.052804513
 31
0.0
  0
LINE
  5
189C
330
1F
100
AcDbEntity
  8
0
  6
Continuous
 62
     7
370
    25
100
AcDbLine
 10
0.9246154256
 20
0.0498517571
 30
0.0
 11
0.9187099138
 21
0.0518202611
 31
0.0
  0
LINE
  5
189D
330
1F
100
AcDbEntity
  8
0
  6
Continuous
 62
     7
370
    25
100
AcDbLine
 10
0.9295366854
 20
0.0459147493
 30
0.0
 11
0.9246154256
 21
0.0498517571
 31
0.0
  0
LINE
  5
189E
330
1F
100
AcDbEntity
  8
0
  6
Continuous
 62
     7
370
    25
100
AcDbLine
 10
0.9315051894
 20
0.0409934894
 30
0.0
 11
0.9295366854
 21
0.0459147493
 31
0.0
  0
LINE
  5
189F
330
1F
100
AcDbEntity
  8
0
  6
Continuous
 62
     7
370
    25
100
AcDbLine
 10
0.9413477091
 20
0.0409934894
 30
0.0
 11
0.9315051894
 21
0.0409934894
 31
0.0
  0
LINE
  5
18A0
330
1F
100
AcDbEntity
  8
0
  6
Continuous
 62
     7
370
    25
100
AcDbLine
 10
0.9393792051
 20
0.0478832532
 30
0.0
 11
0.9413477091
 21
0.0409934894
 31
0.0
  0
LINE
  5
18A1
330
1F
100
AcDbEntity
  8
0
  6
Continuous
 62
     7
370
    25
100
AcDbLine
 10
0.9364264492
 20
0.052804513
 30
0.0
 11
0.9393792051
 21
0.0478832532
 31
0.0
  0
LINE
  5
18A2
330
1F
100
AcDbEntity
  8
0
  6
Continuous
 62
     7
370
    25
100
AcDbLine
 10
0.9305209374
 20
0.0577257729
 30
0.0
 11
0.9364264492
 21
0.052804513
 31
0.0
  0
LINE
  5
18A3
330
1F
100
AcDbEntity
  8
0
  6
Continuous
 62
     7
370
    25
100
AcDbLine
 10
0.9255996776
 20
0.0596942768
 30
0.0
 11
0.9305209374
 21
0.0577257729
 31
0.0
  0
LINE
  5
18A4
330
1F
100
AcDbEntity
  8
0
  6
Continuous
 62
     7
370
    25
100
AcDbLine
 10
0.9187099138
 20
0.0616627808
 30
0.0
 11
0.9255996776
 21
0.0596942768
 31
0.0
  0
LINE
  5
18A5
330
1F
100
AcDbEntity
  8
0
  6
Continuous
 62
     7
370
    25
100
AcDbLine
 10
0.912804402
 20
0.0626470327
 30
0.0
 11
0.9187099138
 21
0.0616627808
 31
0.0
  0
LINE
  5
18A6
330
1F
100
AcDbEntity
  8
0
  6
Continuous
 62
     7
370
    25
100
AcDbLine
 10
0.9068988902
 20
0.0626470327
 30
0.0
 11
0.912804402
 21
0.0626470327
 31
0.0
  0
LINE
  5
18A7
330
1F
100
AcDbEntity
  8
0
  6
Continuous
 62
     7
370
    25
100
AcDbLine
 10
0.9009933783
 20
0.0616627808
 30
0.0
 11
0.9068988902
 21
0.0626470327
 31
0.0
  0
LINE
  5
18A8
330
1F
100
AcDbEntity
  8
0
  6
Continuous
 62
     7
370
    25
100
AcDbLine
 10
0.8950878665
 20
0.0596942768
 30
0.0
 11
0.9009933783
 21
0.0616627808
 31
0.0
  0
LINE
  5
18A9
330
1F
100
AcDbEntity
  8
0
  6
Continuous
 62
     7
370
    25
100
AcDbLine
 10
0.8911508587
 20
0.0577257729
 30
0.0
 11
0.8950878665
 21
0.0596942768
 31
0.0
  0
LINE
  5
18AA
330
1F
100
AcDbEntity
  8
0
  6
Continuous
 62
     7
370
    25
100
AcDbLine
 10
0.8852453468
 20
0.052804513
 30
0.0
 11
0.8911508587
 21
0.0577257729
 31
0.0
  0
LINE
  5
18AB
330
1F
100
AcDbEntity
  8
0
  6
Continuous
 62
     7
370
    25
100
AcDbLine
 10
0.881308339
 20
0.0478832532
 30
0.0
 11
0.8852453468
 21
0.052804513
 31
0.0
  0
LINE
  5
18AC
330
1F
100
AcDbEntity
  8
0
  6
Continuous
 62
     7
370
    25
100
AcDbLine
 10
0.879339835
 20
0.0449304973
 30
0.0
 11
0.881308339
 21
0.0478832532
 31
0.0
  0
LINE
  5
18AD
330
1F
100
AcDbEntity
  8
0
  6
Continuous
 62
     7
370
    25
100
AcDbLine
 10
0.8783555831
 20
0.0419777414
 30
0.0
 11
0.879339835
 21
0.0449304973
 31
0.0
  0
LINE
  5
18AE
330
1F
100
AcDbEntity
  8
0
  6
Continuous
 62
     7
370
    25
100
AcDbLine
 10
0.8783555831
 20
0.0400092375
 30
0.0
 11
0.8783555831
 21
0.0419777414
 31
0.0
  0
LINE
  5
18AF
330
1F
100
AcDbEntity
  8
0
  6
Continuous
 62
     7
370
    25
100
AcDbLine
 10
0.879339835
 20
0.0350879776
 30
0.0
 11
0.8783555831
 21
0.0400092375
 31
0.0
  0
LINE
  5
18B0
330
1F
100
AcDbEntity
  8
0
  6
Continuous
 62
     7
370
    25
100
AcDbLine
 10
0.8822925909
 20
0.0301667178
 30
0.0
 11
0.879339835
 21
0.0350879776
 31
0.0
  0
LINE
  5
18B1
330
1F
100
AcDbEntity
  8
0
  6
Continuous
 62
     7
370
    25
100
AcDbLine
 10
0.8911508587
 20
0.024261206
 30
0.0
 11
0.8822925909
 21
0.0301667178
 31
0.0
  0
LINE
  5
18B2
330
1F
100
AcDbEntity
  8
0
  6
Continuous
 62
     7
370
    25
100
AcDbLine
 10
0.9009933783
 20
0.0203241981
 30
0.0
 11
0.8911508587
 21
0.024261206
 31
0.0
  0
LINE
  5
18B3
330
1F
100
AcDbEntity
  8
0
  6
Continuous
 62
     7
370
    25
100
AcDbLine
 10
0.91182015
 20
0.0173714422
 30
0.0
 11
0.9009933783
 21
0.0203241981
 31
0.0
  0
LINE
  5
18B4
330
1F
100
AcDbEntity
  8
0
  6
Continuous
 62
     7
370
    25
100
AcDbLine
 10
0.9265839295
 20
0.0134344343
 30
0.0
 11
0.91182015
 21
0.0173714422
 31
0.0
  0
LINE
  5
18B5
330
1F
100
AcDbEntity
  8
0
  6
Continuous
 62
     7
370
    25
100
AcDbLine
 10
0.9315051894
 20
0.0114659304
 30
0.0
 11
0.9265839295
 21
0.0134344343
 31
0.0
  0
LINE
  5
18B6
330
1F
100
AcDbEntity
  8
0
  6
Continuous
 62
     7
370
    25
100
AcDbLine
 10
0.9334736933
 20
0.0094974264
 30
0.0
 11
0.9315051894
 21
0.0114659304
 31
0.0
  0
LINE
  5
18B7
330
1F
100
AcDbEntity
  8
0
  6
Continuous
 62
     7
370
    25
100
AcDbLine
 10
0.9344579453
 20
0.0055604186
 30
0.0
 11
0.9334736933
 21
0.0094974264
 31
0.0
  0
LINE
  5
18B8
330
1F
100
AcDbEntity
  8
0
  6
Continuous
 62
     7
370
    25
100
AcDbLine
 10
0.9334736933
 20
0.0026076627
 30
0.0
 11
0.9344579453
 21
0.0055604186
 31
0.0
  0
LINE
  5
18B9
330
1F
100
AcDbEntity
  8
0
  6
Continuous
 62
     7
370
    25
100
AcDbLine
 10
0.9305209374
 20
-0.0013293452
 30
0.0
 11
0.9334736933
 21
0.0026076627
 31
0.0
  0
LINE
  5
18BA
330
1F
100
AcDbEntity
  8
0
  6
Continuous
 62
     7
370
    25
100
AcDbLine
 10
0.9265839295
 20
-0.0032978492
 30
0.0
 11
0.9305209374
 21
-0.0013293452
 31
0.0
  0
LINE
  5
18BB
330
1F
100
AcDbEntity
  8
0
  6
Continuous
 62
     7
370
    25
100
AcDbLine
 10
0.9206784177
 20
-0.0052663531
 30
0.0
 11
0.9265839295
 21
-0.0032978492
 31
0.0
  0
LINE
  5
18BC
330
1F
100
AcDbEntity
  8
0
  6
Continuous
 62
     7
370
    25
100
AcDbLine
 10
0.912804402
 20
-0.0062506051
 30
0.0
 11
0.9206784177
 21
-0.0052663531
 31
0.0
  0
LINE
  5
18BD
330
1F
100
AcDbEntity
  8
0
  6
Continuous
 62
     7
370
    25
100
AcDbLine
 10
0.9078831421
 20
-0.0062506051
 30
0.0
 11
0.912804402
 21
-0.0062506051
 31
0.0
  0
LINE
  5
18BE
330
1F
100
AcDbEntity
  8
0
  6
Continuous
 62
     7
370
    25
100
AcDbLine
 10
0.9019776303
 20
-0.0052663531
 30
0.0
 11
0.9078831421
 21
-0.0062506051
 31
0.0
  0
LINE
  5
18BF
330
1F
100
AcDbEntity
  8
0
  6
Continuous
 62
     7
370
    25
100
AcDbLine
 10
0.8980406224
 20
-0.0042821011
 30
0.0
 11
0.9019776303
 21
-0.0052663531
 31
0.0
  0
LINE
  5
18C0
330
1F
100
AcDbEntity
  8
0
  6
Continuous
 62
     7
370
    25
100
AcDbLine
 10
0.8941036146
 20
-0.0023135972
 30
0.0
 11
0.8980406224
 21
-0.0042821011
 31
0.0
  0
LINE
  5
18C1
330
1F
100
AcDbEntity
  8
0
  6
Continuous
 62
     7
370
    25
100
AcDbLine
 10
0.8901666067
 20
0.0016234107
 30
0.0
 11
0.8941036146
 21
-0.0023135972
 31
0.0
  0
LINE
  5
18C2
330
1F
100
AcDbEntity
  8
0
  6
Continuous
 62
     7
370
    25
100
AcDbLine
 10
0.8881981028
 20
0.0065446705
 30
0.0
 11
0.8901666067
 21
0.0016234107
 31
0.0
  0
LINE
  5
18C3
330
1F
100
AcDbEntity
  8
0
  6
Continuous
 62
     7
370
    25
100
AcDbLine
 10
0.8872138508
 20
0.0134344343
 30
0.0
 11
0.8881981028
 21
0.0065446705
 31
0.0
  0
LINE
  5
18C4
330
1F
100
AcDbEntity
  8
0
  6
Continuous
 62
     7
370
    25
100
AcDbLine
 10
0.8773713311
 20
0.0134344343
 30
0.0
 11
0.8872138508
 21
0.0134344343
 31
0.0
  0
LINE
  5
18C5
330
1F
100
AcDbEntity
  8
0
  6
Continuous
 62
     7
370
    25
100
AcDbLine
 10
0.8783555831
 20
0.0065446705
 30
0.0
 11
0.8773713311
 21
0.0134344343
 31
0.0
  0
LINE
  5
18C6
330
1F
100
AcDbEntity
  8
0
  6
Continuous
 62
     7
370
    25
100
AcDbLine
 10
0.3287401575
 20
-1.6145183216
 30
0.0
 11
0.3287401575
 21
-1.6932584791
 31
0.0
  0
LINE
  5
18C7
330
1F
100
AcDbEntity
  8
0
  6
Continuous
 62
     7
370
    25
100
AcDbLine
 10
0.3149606299
 20
-1.6145183216
 30
0.0
 11
0.3287401575
 21
-1.6145183216
 31
0.0
  0
LINE
  5
18C8
330
1F
100
AcDbEntity
  8
0
  6
Continuous
 62
     7
370
    25
100
AcDbLine
 10
0.2903543307
 20
-1.6775104476
 30
0.0
 11
0.3149606299
 21
-1.6145183216
 31
0.0
  0
LINE
  5
18C9
330
1F
100
AcDbEntity
  8
0
  6
Continuous
 62
     7
370
    25
100
AcDbLine
 10
0.2657480315
 20
-1.6145183216
 30
0.0
 11
0.2903543307
 21
-1.6775104476
 31
0.0
  0
LINE
  5
18CA
330
1F
100
AcDbEntity
  8
0
  6
Continuous
 62
     7
370
    25
100
AcDbLine
 10
0.2519685039
 20
-1.6145183216
 30
0.0
 11
0.2657480315
 21
-1.6145183216
 31
0.0
  0
LINE
  5
18CB
330
1F
100
AcDbEntity
  8
0
  6
Continuous
 62
     7
370
    25
100
AcDbLine
 10
0.2519685039
 20
-1.6932584791
 30
0.0
 11
0.2519685039
 21
-1.6145183216
 31
0.0
  0
LINE
  5
18CC
330
1F
100
AcDbEntity
  8
0
  6
Continuous
 62
     7
370
    25
100
AcDbLine
 10
0.2618110236
 20
-1.6932584791
 30
0.0
 11
0.2519685039
 21
-1.6932584791
 31
0.0
  0
LINE
  5
18CD
330
1F
100
AcDbEntity
  8
0
  6
Continuous
 62
     7
370
    25
100
AcDbLine
 10
0.2618110236
 20
-1.632234857
 30
0.0
 11
0.2618110236
 21
-1.6932584791
 31
0.0
  0
LINE
  5
18CE
330
1F
100
AcDbEntity
  8
0
  6
Continuous
 62
     7
370
    25
100
AcDbLine
 10
0.2854330709
 20
-1.6932584791
 30
0.0
 11
0.2618110236
 21
-1.632234857
 31
0.0
  0
LINE
  5
18CF
330
1F
100
AcDbEntity
  8
0
  6
Continuous
 62
     7
370
    25
100
AcDbLine
 10
0.2952755906
 20
-1.6932584791
 30
0.0
 11
0.2854330709
 21
-1.6932584791
 31
0.0
  0
LINE
  5
18D0
330
1F
100
AcDbEntity
  8
0
  6
Continuous
 62
     7
370
    25
100
AcDbLine
 10
0.3188976378
 20
-1.632234857
 30
0.0
 11
0.2952755906
 21
-1.6932584791
 31
0.0
  0
LINE
  5
18D1
330
1F
100
AcDbEntity
  8
0
  6
Continuous
 62
     7
370
    25
100
AcDbLine
 10
0.3188976378
 20
-1.6932584791
 30
0.0
 11
0.3188976378
 21
-1.632234857
 31
0.0
  0
LINE
  5
18D2
330
1F
100
AcDbEntity
  8
0
  6
Continuous
 62
     7
370
    25
100
AcDbLine
 10
0.3287401575
 20
-1.6932584791
 30
0.0
 11
0.3188976378
 21
-1.6932584791
 31
0.0
  0
LINE
  5
18D3
330
1F
100
AcDbEntity
  8
0
  6
Continuous
 62
     7
370
    25
100
AcDbLine
 10
0.5270669291
 20
0.0626470327
 30
0.0
 11
0.5398622047
 21
0.0626470327
 31
0.0
  0
LINE
  5
18D4
330
1F
100
AcDbEntity
  8
0
  6
Continuous
 62
     7
370
    25
100
AcDbLine
 10
0.5073818898
 20
0.0331194737
 30
0.0
 11
0.5270669291
 21
0.0626470327
 31
0.0
  0
LINE
  5
18D5
330
1F
100
AcDbEntity
  8
0
  6
Continuous
 62
     7
370
    25
100
AcDbLine
 10
0.4876968504
 20
0.0626470327
 30
0.0
 11
0.5073818898
 21
0.0331194737
 31
0.0
  0
LINE
  5
18D6
330
1F
100
AcDbEntity
  8
0
  6
Continuous
 62
     7
370
    25
100
AcDbLine
 10
0.4749015748
 20
0.0626470327
 30
0.0
 11
0.4876968504
 21
0.0626470327
 31
0.0
  0
LINE
  5
18D7
330
1F
100
AcDbEntity
  8
0
  6
Continuous
 62
     7
370
    25
100
AcDbLine
 10
0.501476378
 20
0.024261206
 30
0.0
 11
0.4749015748
 21
0.0626470327
 31
0.0
  0
LINE
  5
18D8
330
1F
100
AcDbEntity
  8
0
  6
Continuous
 62
     7
370
    25
100
AcDbLine
 10
0.4739173228
 20
-0.0160931247
 30
0.0
 11
0.501476378
 21
0.024261206
 31
0.0
  0
LINE
  5
18D9
330
1F
100
AcDbEntity
  8
0
  6
Continuous
 62
     7
370
    25
100
AcDbLine
 10
0.4867125984
 20
-0.0160931247
 30
0.0
 11
0.4739173228
 21
-0.0160931247
 31
0.0
  0
LINE
  5
18DA
330
1F
100
AcDbEntity
  8
0
  6
Continuous
 62
     7
370
    25
100
AcDbLine
 10
0.5073818898
 20
0.0144186863
 30
0.0
 11
0.4867125984
 21
-0.0160931247
 31
0.0
  0
LINE
  5
18DB
330
1F
100
AcDbEntity
  8
0
  6
Continuous
 62
     7
370
    25
100
AcDbLine
 10
0.5280511811
 20
-0.0160931247
 30
0.0
 11
0.5073818898
 21
0.0144186863
 31
0.0
  0
LINE
  5
18DC
330
1F
100
AcDbEntity
  8
0
  6
Continuous
 62
     7
370
    25
100
AcDbLine
 10
0.5408464567
 20
-0.0160931247
 30
0.0
 11
0.5280511811
 21
-0.0160931247
 31
0.0
  0
LINE
  5
18DD
330
1F
100
AcDbEntity
  8
0
  6
Continuous
 62
     7
370
    25
100
AcDbLine
 10
0.5132874016
 20
0.024261206
 30
0.0
 11
0.5408464567
 21
-0.0160931247
 31
0.0
  0
LINE
  5
18DE
330
1F
100
AcDbEntity
  8
0
  6
Continuous
 62
     7
370
    25
100
AcDbLine
 10
0.5398622047
 20
0.0626470327
 30
0.0
 11
0.5132874016
 21
0.024261206
 31
0.0
  0
LINE
  5
18DF
330
1F
100
AcDbEntity
  8
0
  6
Continuous
 62
     7
370
    25
100
AcDbLine
 10
1.0924197957
 20
-1.3586126249
 30
0.0
 11
1.0953725516
 21
-1.3615653808
 31
0.0
  0
LINE
  5
18E0
330
1F
100
AcDbEntity
  8
0
  6
Continuous
 62
     7
370
    25
100
AcDbLine
 10
1.0904512917
 20
-1.354675617
 30
0.0
 11
1.0924197957
 21
-1.3586126249
 31
0.0
  0
LINE
  5
18E1
330
1F
100
AcDbEntity
  8
0
  6
Continuous
 62
     7
370
    25
100
AcDbLine
 10
1.0894670398
 20
-1.3517228611
 30
0.0
 11
1.0904512917
 21
-1.354675617
 31
0.0
  0
LINE
  5
18E2
330
1F
100
AcDbEntity
  8
0
  6
Continuous
 62
     7
370
    25
100
AcDbLine
 10
1.0884827878
 20
-1.3468016012
 30
0.0
 11
1.0894670398
 21
-1.3517228611
 31
0.0
  0
LINE
  5
18E3
330
1F
100
AcDbEntity
  8
0
  6
Continuous
 62
     7
370
    25
100
AcDbLine
 10
1.0884827878
 20
-1.3448330973
 30
0.0
 11
1.0884827878
 21
-1.3468016012
 31
0.0
  0
LINE
  5
18E4
330
1F
100
AcDbEntity
  8
0
  6
Continuous
 62
     7
370
    25
100
AcDbLine
 10
1.080608772
 20
-1.3448330973
 30
0.0
 11
1.0884827878
 21
-1.3448330973
 31
0.0
  0
LINE
  5
18E5
330
1F
100
AcDbEntity
  8
0
  6
Continuous
 62
     7
370
    25
100
AcDbLine
 10
1.080608772
 20
-1.3635338847
 30
0.0
 11
1.080608772
 21
-1.3448330973
 31
0.0
  0
LINE
  5
18E6
330
1F
100
AcDbEntity
  8
0
  6
Continuous
 62
     7
370
    25
100
AcDbLine
 10
1.0235221579
 20
-1.3635338847
 30
0.0
 11
1.080608772
 21
-1.3635338847
 31
0.0
  0
LINE
  5
18E7
330
1F
100
AcDbEntity
  8
0
  6
Continuous
 62
     7
370
    25
100
AcDbLine
 10
1.0235221579
 20
-1.3733764044
 30
0.0
 11
1.0235221579
 21
-1.3635338847
 31
0.0
  0
LINE
  5
18E8
330
1F
100
AcDbEntity
  8
0
  6
Continuous
 62
     7
370
    25
100
AcDbLine
 10
1.1022623154
 20
-1.3733764044
 30
0.0
 11
1.0235221579
 21
-1.3733764044
 31
0.0
  0
LINE
  5
18E9
330
1F
100
AcDbEntity
  8
0
  6
Continuous
 62
     7
370
    25
100
AcDbLine
 10
1.1022623154
 20
-1.3655023886
 30
0.0
 11
1.1022623154
 21
-1.3733764044
 31
0.0
  0
LINE
  5
18EA
330
1F
100
AcDbEntity
  8
0
  6
Continuous
 62
     7
370
    25
100
AcDbLine
 10
1.0993095594
 20
-1.3645181367
 30
0.0
 11
1.1022623154
 21
-1.3655023886
 31
0.0
  0
LINE
  5
18EB
330
1F
100
AcDbEntity
  8
0
  6
Continuous
 62
     7
370
    25
100
AcDbLine
 10
1.0953725516
 20
-1.3615653808
 30
0.0
 11
1.0993095594
 21
-1.3645181367
 31
0.0
  0
LINE
  5
18EC
330
1F
100
AcDbEntity
  8
0
  6
Continuous
 62
     7
370
    25
100
AcDbLine
 10
1.1012780634
 20
-1.477707113
 30
0.0
 11
1.1022623154
 21
-1.4816441209
 31
0.0
  0
LINE
  5
18ED
330
1F
100
AcDbEntity
  8
0
  6
Continuous
 62
     7
370
    25
100
AcDbLine
 10
1.0993095594
 20
-1.4727858532
 30
0.0
 11
1.1012780634
 21
-1.477707113
 31
0.0
  0
LINE
  5
18EE
330
1F
100
AcDbEntity
  8
0
  6
Continuous
 62
     7
370
    25
100
AcDbLine
 10
1.0973410555
 20
-1.4698330973
 30
0.0
 11
1.0993095594
 21
-1.4727858532
 31
0.0
  0
LINE
  5
18EF
330
1F
100
AcDbEntity
  8
0
  6
Continuous
 62
     7
370
    25
100
AcDbLine
 10
1.0943882996
 20
-1.4668803414
 30
0.0
 11
1.0973410555
 21
-1.4698330973
 31
0.0
  0
LINE
  5
18F0
330
1F
100
AcDbEntity
  8
0
  6
Continuous
 62
     7
370
    25
100
AcDbLine
 10
1.0904512917
 20
-1.4639275855
 30
0.0
 11
1.0943882996
 21
-1.4668803414
 31
0.0
  0
LINE
  5
18F1
330
1F
100
AcDbEntity
  8
0
  6
Continuous
 62
     7
370
    25
100
AcDbLine
 10
1.0865142839
 20
-1.4619590815
 30
0.0
 11
1.0904512917
 21
-1.4639275855
 31
0.0
  0
LINE
  5
18F2
330
1F
100
AcDbEntity
  8
0
  6
Continuous
 62
     7
370
    25
100
AcDbLine
 10
1.081593024
 20
-1.4599905776
 30
0.0
 11
1.0865142839
 21
-1.4619590815
 31
0.0
  0
LINE
  5
18F3
330
1F
100
AcDbEntity
  8
0
  6
Continuous
 62
     7
370
    25
100
AcDbLine
 10
1.0756875122
 20
-1.4590063256
 30
0.0
 11
1.081593024
 21
-1.4599905776
 31
0.0
  0
LINE
  5
18F4
330
1F
100
AcDbEntity
  8
0
  6
Continuous
 62
     7
370
    25
100
AcDbLine
 10
1.0668292445
 20
-1.4580220737
 30
0.0
 11
1.0756875122
 21
-1.4590063256
 31
0.0
  0
LINE
  5
18F5
330
1F
100
AcDbEntity
  8
0
  6
Continuous
 62
     7
370
    25
100
AcDbLine
 10
1.0589552287
 20
-1.4580220737
 30
0.0
 11
1.0668292445
 21
-1.4580220737
 31
0.0
  0
LINE
  5
18F6
330
1F
100
AcDbEntity
  8
0
  6
Continuous
 62
     7
370
    25
100
AcDbLine
 10
1.050096961
 20
-1.4590063256
 30
0.0
 11
1.0589552287
 21
-1.4580220737
 31
0.0
  0
LINE
  5
18F7
330
1F
100
AcDbEntity
  8
0
  6
Continuous
 62
     7
370
    25
100
AcDbLine
 10
1.0441914492
 20
-1.4599905776
 30
0.0
 11
1.050096961
 21
-1.4590063256
 31
0.0
  0
LINE
  5
18F8
330
1F
100
AcDbEntity
  8
0
  6
Continuous
 62
     7
370
    25
100
AcDbLine
 10
1.0392701894
 20
-1.4619590815
 30
0.0
 11
1.0441914492
 21
-1.4599905776
 31
0.0
  0
LINE
  5
18F9
330
1F
100
AcDbEntity
  8
0
  6
Continuous
 62
     7
370
    25
100
AcDbLine
 10
1.0353331815
 20
-1.4639275855
 30
0.0
 11
1.0392701894
 21
-1.4619590815
 31
0.0
  0
LINE
  5
18FA
330
1F
100
AcDbEntity
  8
0
  6
Continuous
 62
     7
370
    25
100
AcDbLine
 10
1.0313961736
 20
-1.4668803414
 30
0.0
 11
1.0353331815
 21
-1.4639275855
 31
0.0
  0
LINE
  5
18FB
330
1F
100
AcDbEntity
  8
0
  6
Continuous
 62
     7
370
    25
100
AcDbLine
 10
1.0284434177
 20
-1.4698330973
 30
0.0
 11
1.0313961736
 21
-1.4668803414
 31
0.0
  0
LINE
  5
18FC
330
1F
100
AcDbEntity
  8
0
  6
Continuous
 62
     7
370
    25
100
AcDbLine
 10
1.0264749138
 20
-1.4727858532
 30
0.0
 11
1.0284434177
 21
-1.4698330973
 31
0.0
  0
LINE
  5
18FD
330
1F
100
AcDbEntity
  8
0
  6
Continuous
 62
     7
370
    25
100
AcDbLine
 10
1.0245064098
 20
-1.477707113
 30
0.0
 11
1.0264749138
 21
-1.4727858532
 31
0.0
  0
LINE
  5
18FE
330
1F
100
AcDbEntity
  8
0
  6
Continuous
 62
     7
370
    25
100
AcDbLine
 10
1.0235221579
 20
-1.4826283729
 30
0.0
 11
1.0245064098
 21
-1.477707113
 31
0.0
  0
LINE
  5
18FF
330
1F
100
AcDbEntity
  8
0
  6
Continuous
 62
     7
370
    25
100
AcDbLine
 10
1.0235221579
 20
-1.4875496327
 30
0.0
 11
1.0235221579
 21
-1.4826283729
 31
0.0
  0
LINE
  5
1900
330
1F
100
AcDbEntity
  8
0
  6
Continuous
 62
     7
370
    25
100
AcDbLine
 10
1.0245064098
 20
-1.4924708926
 30
0.0
 11
1.0235221579
 21
-1.4875496327
 31
0.0
  0
LINE
  5
1901
330
1F
100
AcDbEntity
  8
0
  6
Continuous
 62
     7
370
    25
100
AcDbLine
 10
1.0264749138
 20
-1.4973921524
 30
0.0
 11
1.0245064098
 21
-1.4924708926
 31
0.0
  0
LINE
  5
1902
330
1F
100
AcDbEntity
  8
0
  6
Continuous
 62
     7
370
    25
100
AcDbLine
 10
1.0284434177
 20
-1.5003449083
 30
0.0
 11
1.0264749138
 21
-1.4973921524
 31
0.0
  0
LINE
  5
1903
330
1F
100
AcDbEntity
  8
0
  6
Continuous
 62
     7
370
    25
100
AcDbLine
 10
1.0313961736
 20
-1.5032976642
 30
0.0
 11
1.0284434177
 21
-1.5003449083
 31
0.0
  0
LINE
  5
1904
330
1F
100
AcDbEntity
  8
0
  6
Continuous
 62
     7
370
    25
100
AcDbLine
 10
1.0353331815
 20
-1.5062504201
 30
0.0
 11
1.0313961736
 21
-1.5032976642
 31
0.0
  0
LINE
  5
1905
330
1F
100
AcDbEntity
  8
0
  6
Continuous
 62
     7
370
    25
100
AcDbLine
 10
1.0392701894
 20
-1.5082189241
 30
0.0
 11
1.0353331815
 21
-1.5062504201
 31
0.0
  0
LINE
  5
1906
330
1F
100
AcDbEntity
  8
0
  6
Continuous
 62
     7
370
    25
100
AcDbLine
 10
1.0451757012
 20
-1.510187428
 30
0.0
 11
1.0392701894
 21
-1.5082189241
 31
0.0
  0
LINE
  5
1907
330
1F
100
AcDbEntity
  8
0
  6
Continuous
 62
     7
370
    25
100
AcDbLine
 10
1.0530497169
 20
-1.510187428
 30
0.0
 11
1.0451757012
 21
-1.510187428
 31
0.0
  0
LINE
  5
1908
330
1F
100
AcDbEntity
  8
0
  6
Continuous
 62
     7
370
    25
100
AcDbLine
 10
1.0589552287
 20
-1.5082189241
 30
0.0
 11
1.0530497169
 21
-1.510187428
 31
0.0
  0
LINE
  5
1909
330
1F
100
AcDbEntity
  8
0
  6
Continuous
 62
     7
370
    25
100
AcDbLine
 10
1.0628922366
 20
-1.5062504201
 30
0.0
 11
1.0589552287
 21
-1.5082189241
 31
0.0
  0
LINE
  5
190A
330
1F
100
AcDbEntity
  8
0
  6
Continuous
 62
     7
370
    25
100
AcDbLine
 10
1.0668292445
 20
-1.5032976642
 30
0.0
 11
1.0628922366
 21
-1.5062504201
 31
0.0
  0
LINE
  5
190B
330
1F
100
AcDbEntity
  8
0
  6
Continuous
 62
     7
370
    25
100
AcDbLine
 10
1.0697820004
 20
-1.5003449083
 30
0.0
 11
1.0668292445
 21
-1.5032976642
 31
0.0
  0
LINE
  5
190C
330
1F
100
AcDbEntity
  8
0
  6
Continuous
 62
     7
370
    25
100
AcDbLine
 10
1.0717505043
 20
-1.4973921524
 30
0.0
 11
1.0697820004
 21
-1.5003449083
 31
0.0
  0
LINE
  5
190D
330
1F
100
AcDbEntity
  8
0
  6
Continuous
 62
     7
370
    25
100
AcDbLine
 10
1.0737190083
 20
-1.4924708926
 30
0.0
 11
1.0717505043
 21
-1.4973921524
 31
0.0
  0
LINE
  5
190E
330
1F
100
AcDbEntity
  8
0
  6
Continuous
 62
     7
370
    25
100
AcDbLine
 10
1.0747032602
 20
-1.4875496327
 30
0.0
 11
1.0737190083
 21
-1.4924708926
 31
0.0
  0
LINE
  5
190F
330
1F
100
AcDbEntity
  8
0
  6
Continuous
 62
     7
370
    25
100
AcDbLine
 10
1.0747032602
 20
-1.4826283729
 30
0.0
 11
1.0747032602
 21
-1.4875496327
 31
0.0
  0
LINE
  5
1910
330
1F
100
AcDbEntity
  8
0
  6
Continuous
 62
     7
370
    25
100
AcDbLine
 10
1.0737190083
 20
-1.477707113
 30
0.0
 11
1.0747032602
 21
-1.4826283729
 31
0.0
  0
LINE
  5
1911
330
1F
100
AcDbEntity
  8
0
  6
Continuous
 62
     7
370
    25
100
AcDbLine
 10
1.0707662524
 20
-1.4727858532
 30
0.0
 11
1.0737190083
 21
-1.477707113
 31
0.0
  0
LINE
  5
1912
330
1F
100
AcDbEntity
  8
0
  6
Continuous
 62
     7
370
    25
100
AcDbLine
 10
1.0658449925
 20
-1.4678645934
 30
0.0
 11
1.0707662524
 21
-1.4727858532
 31
0.0
  0
LINE
  5
1913
330
1F
100
AcDbEntity
  8
0
  6
Continuous
 62
     7
370
    25
100
AcDbLine
 10
1.0796245201
 20
-1.4698330973
 30
0.0
 11
1.0658449925
 21
-1.4678645934
 31
0.0
  0
LINE
  5
1914
330
1F
100
AcDbEntity
  8
0
  6
Continuous
 62
     7
370
    25
100
AcDbLine
 10
1.0845457799
 20
-1.4718016012
 30
0.0
 11
1.0796245201
 21
-1.4698330973
 31
0.0
  0
LINE
  5
1915
330
1F
100
AcDbEntity
  8
0
  6
Continuous
 62
     7
370
    25
100
AcDbLine
 10
1.0874985358
 20
-1.4737701052
 30
0.0
 11
1.0845457799
 21
-1.4718016012
 31
0.0
  0
LINE
  5
1916
330
1F
100
AcDbEntity
  8
0
  6
Continuous
 62
     7
370
    25
100
AcDbLine
 10
1.0904512917
 20
-1.477707113
 30
0.0
 11
1.0874985358
 21
-1.4737701052
 31
0.0
  0
LINE
  5
1917
330
1F
100
AcDbEntity
  8
0
  6
Continuous
 62
     7
370
    25
100
AcDbLine
 10
1.0924197957
 20
-1.4816441209
 30
0.0
 11
1.0904512917
 21
-1.477707113
 31
0.0
  0
LINE
  5
1918
330
1F
100
AcDbEntity
  8
0
  6
Continuous
 62
     7
370
    25
100
AcDbLine
 10
1.0924197957
 20
-1.4885338847
 30
0.0
 11
1.0924197957
 21
-1.4816441209
 31
0.0
  0
LINE
  5
1919
330
1F
100
AcDbEntity
  8
0
  6
Continuous
 62
     7
370
    25
100
AcDbLine
 10
1.0904512917
 20
-1.4924708926
 30
0.0
 11
1.0924197957
 21
-1.4885338847
 31
0.0
  0
LINE
  5
191A
330
1F
100
AcDbEntity
  8
0
  6
Continuous
 62
     7
370
    25
100
AcDbLine
 10
1.0874985358
 20
-1.4964079004
 30
0.0
 11
1.0904512917
 21
-1.4924708926
 31
0.0
  0
LINE
  5
191B
330
1F
100
AcDbEntity
  8
0
  6
Continuous
 62
     7
370
    25
100
AcDbLine
 10
1.0845457799
 20
-1.4983764044
 30
0.0
 11
1.0874985358
 21
-1.4964079004
 31
0.0
  0
LINE
  5
191C
330
1F
100
AcDbEntity
  8
0
  6
Continuous
 62
     7
370
    25
100
AcDbLine
 10
1.0796245201
 20
-1.4993606564
 30
0.0
 11
1.0845457799
 21
-1.4983764044
 31
0.0
  0
LINE
  5
191D
330
1F
100
AcDbEntity
  8
0
  6
Continuous
 62
     7
370
    25
100
AcDbLine
 10
1.0796245201
 20
-1.509203176
 30
0.0
 11
1.0796245201
 21
-1.4993606564
 31
0.0
  0
LINE
  5
191E
330
1F
100
AcDbEntity
  8
0
  6
Continuous
 62
     7
370
    25
100
AcDbLine
 10
1.081593024
 20
-1.509203176
 30
0.0
 11
1.0796245201
 21
-1.509203176
 31
0.0
  0
LINE
  5
191F
330
1F
100
AcDbEntity
  8
0
  6
Continuous
 62
     7
370
    25
100
AcDbLine
 10
1.0865142839
 20
-1.5082189241
 30
0.0
 11
1.081593024
 21
-1.509203176
 31
0.0
  0
LINE
  5
1920
330
1F
100
AcDbEntity
  8
0
  6
Continuous
 62
     7
370
    25
100
AcDbLine
 10
1.0904512917
 20
-1.5062504201
 30
0.0
 11
1.0865142839
 21
-1.5082189241
 31
0.0
  0
LINE
  5
1921
330
1F
100
AcDbEntity
  8
0
  6
Continuous
 62
     7
370
    25
100
AcDbLine
 10
1.0943882996
 20
-1.5032976642
 30
0.0
 11
1.0904512917
 21
-1.5062504201
 31
0.0
  0
LINE
  5
1922
330
1F
100
AcDbEntity
  8
0
  6
Continuous
 62
     7
370
    25
100
AcDbLine
 10
1.0973410555
 20
-1.5003449083
 30
0.0
 11
1.0943882996
 21
-1.5032976642
 31
0.0
  0
LINE
  5
1923
330
1F
100
AcDbEntity
  8
0
  6
Continuous
 62
     7
370
    25
100
AcDbLine
 10
1.0993095594
 20
-1.4973921524
 30
0.0
 11
1.0973410555
 21
-1.5003449083
 31
0.0
  0
LINE
  5
1924
330
1F
100
AcDbEntity
  8
0
  6
Continuous
 62
     7
370
    25
100
AcDbLine
 10
1.1012780634
 20
-1.4924708926
 30
0.0
 11
1.0993095594
 21
-1.4973921524
 31
0.0
  0
LINE
  5
1925
330
1F
100
AcDbEntity
  8
0
  6
Continuous
 62
     7
370
    25
100
AcDbLine
 10
1.1022623154
 20
-1.4885338847
 30
0.0
 11
1.1012780634
 21
-1.4924708926
 31
0.0
  0
LINE
  5
1926
330
1F
100
AcDbEntity
  8
0
  6
Continuous
 62
     7
370
    25
100
AcDbLine
 10
1.1022623154
 20
-1.4816441209
 30
0.0
 11
1.1022623154
 21
-1.4885338847
 31
0.0
  0
LINE
  5
1927
330
1F
100
AcDbEntity
  8
0
  6
Continuous
 62
     7
370
    25
100
AcDbLine
 10
0.4911417323
 20
-1.6145183216
 30
0.0
 11
0.5019685039
 21
-1.6145183216
 31
0.0
  0
LINE
  5
1928
330
1F
100
AcDbEntity
  8
0
  6
Continuous
 62
     7
370
    25
100
AcDbLine
 10
0.468503937
 20
-1.6784946995
 30
0.0
 11
0.4911417323
 21
-1.6145183216
 31
0.0
  0
LINE
  5
1929
330
1F
100
AcDbEntity
  8
0
  6
Continuous
 62
     7
370
    25
100
AcDbLine
 10
0.4458661417
 20
-1.6145183216
 30
0.0
 11
0.468503937
 21
-1.6784946995
 31
0.0
  0
LINE
  5
192A
330
1F
100
AcDbEntity
  8
0
  6
Continuous
 62
     7
370
    25
100
AcDbLine
 10
0.4350393701
 20
-1.6145183216
 30
0.0
 11
0.4458661417
 21
-1.6145183216
 31
0.0
  0
LINE
  5
192B
330
1F
100
AcDbEntity
  8
0
  6
Continuous
 62
     7
370
    25
100
AcDbLine
 10
0.4625984252
 20
-1.6932584791
 30
0.0
 11
0.4350393701
 21
-1.6145183216
 31
0.0
  0
LINE
  5
192C
330
1F
100
AcDbEntity
  8
0
  6
Continuous
 62
     7
370
    25
100
AcDbLine
 10
0.4744094488
 20
-1.6932584791
 30
0.0
 11
0.4625984252
 21
-1.6932584791
 31
0.0
  0
LINE
  5
192D
330
1F
100
AcDbEntity
  8
0
  6
Continuous
 62
     7
370
    25
100
AcDbLine
 10
0.5019685039
 20
-1.6145183216
 30
0.0
 11
0.4744094488
 21
-1.6932584791
 31
0.0
  0
LINE
  5
192E
330
1F
100
AcDbEntity
  8
0
  6
Continuous
 62
     7
370
    25
100
AcDbLine
 10
1.0727347563
 20
-1.1844000264
 30
0.0
 11
1.0658449925
 21
-1.1834157745
 31
0.0
  0
LINE
  5
192F
330
1F
100
AcDbEntity
  8
0
  6
Continuous
 62
     7
370
    25
100
AcDbLine
 10
1.0786402681
 20
-1.1863685304
 30
0.0
 11
1.0727347563
 21
-1.1844000264
 31
0.0
  0
LINE
  5
1930
330
1F
100
AcDbEntity
  8
0
  6
Continuous
 62
     7
370
    25
100
AcDbLine
 10
1.0835615279
 20
-1.1893212863
 30
0.0
 11
1.0786402681
 21
-1.1863685304
 31
0.0
  0
LINE
  5
1931
330
1F
100
AcDbEntity
  8
0
  6
Continuous
 62
     7
370
    25
100
AcDbLine
 10
1.0865142839
 20
-1.1922740422
 30
0.0
 11
1.0835615279
 21
-1.1893212863
 31
0.0
  0
LINE
  5
1932
330
1F
100
AcDbEntity
  8
0
  6
Continuous
 62
     7
370
    25
100
AcDbLine
 10
1.0884827878
 20
-1.1952267981
 30
0.0
 11
1.0865142839
 21
-1.1922740422
 31
0.0
  0
LINE
  5
1933
330
1F
100
AcDbEntity
  8
0
  6
Continuous
 62
     7
370
    25
100
AcDbLine
 10
1.0904512917
 20
-1.2011323099
 30
0.0
 11
1.0884827878
 21
-1.1952267981
 31
0.0
  0
LINE
  5
1934
330
1F
100
AcDbEntity
  8
0
  6
Continuous
 62
     7
370
    25
100
AcDbLine
 10
1.0914355437
 20
-1.2070378217
 30
0.0
 11
1.0904512917
 21
-1.2011323099
 31
0.0
  0
LINE
  5
1935
330
1F
100
AcDbEntity
  8
0
  6
Continuous
 62
     7
370
    25
100
AcDbLine
 10
1.0914355437
 20
-1.2129433335
 30
0.0
 11
1.0914355437
 21
-1.2070378217
 31
0.0
  0
LINE
  5
1936
330
1F
100
AcDbEntity
  8
0
  6
Continuous
 62
     7
370
    25
100
AcDbLine
 10
1.0904512917
 20
-1.2188488453
 30
0.0
 11
1.0914355437
 21
-1.2129433335
 31
0.0
  0
LINE
  5
1937
330
1F
100
AcDbEntity
  8
0
  6
Continuous
 62
     7
370
    25
100
AcDbLine
 10
1.0884827878
 20
-1.2247543571
 30
0.0
 11
1.0904512917
 21
-1.2188488453
 31
0.0
  0
LINE
  5
1938
330
1F
100
AcDbEntity
  8
0
  6
Continuous
 62
     7
370
    25
100
AcDbLine
 10
1.0865142839
 20
-1.227707113
 30
0.0
 11
1.0884827878
 21
-1.2247543571
 31
0.0
  0
LINE
  5
1939
330
1F
100
AcDbEntity
  8
0
  6
Continuous
 62
     7
370
    25
100
AcDbLine
 10
1.0835615279
 20
-1.230659869
 30
0.0
 11
1.0865142839
 21
-1.227707113
 31
0.0
  0
LINE
  5
193A
330
1F
100
AcDbEntity
  8
0
  6
Continuous
 62
     7
370
    25
100
AcDbLine
 10
1.0786402681
 20
-1.2336126249
 30
0.0
 11
1.0835615279
 21
-1.230659869
 31
0.0
  0
LINE
  5
193B
330
1F
100
AcDbEntity
  8
0
  6
Continuous
 62
     7
370
    25
100
AcDbLine
 10
1.0786402681
 20
-1.2444393965
 30
0.0
 11
1.0786402681
 21
-1.2336126249
 31
0.0
  0
LINE
  5
193C
330
1F
100
AcDbEntity
  8
0
  6
Continuous
 62
     7
370
    25
100
AcDbLine
 10
1.0845457799
 20
-1.2424708926
 30
0.0
 11
1.0786402681
 21
-1.2444393965
 31
0.0
  0
LINE
  5
193D
330
1F
100
AcDbEntity
  8
0
  6
Continuous
 62
     7
370
    25
100
AcDbLine
 10
1.0914355437
 20
-1.2375496327
 30
0.0
 11
1.0845457799
 21
-1.2424708926
 31
0.0
  0
LINE
  5
193E
330
1F
100
AcDbEntity
  8
0
  6
Continuous
 62
     7
370
    25
100
AcDbLine
 10
1.0963568035
 20
-1.2316441209
 30
0.0
 11
1.0914355437
 21
-1.2375496327
 31
0.0
  0
LINE
  5
193F
330
1F
100
AcDbEntity
  8
0
  6
Continuous
 62
     7
370
    25
100
AcDbLine
 10
1.0993095594
 20
-1.2257386091
 30
0.0
 11
1.0963568035
 21
-1.2316441209
 31
0.0
  0
LINE
  5
1940
330
1F
100
AcDbEntity
  8
0
  6
Continuous
 62
     7
370
    25
100
AcDbLine
 10
1.1012780634
 20
-1.2188488453
 30
0.0
 11
1.0993095594
 21
-1.2257386091
 31
0.0
  0
LINE
  5
1941
330
1F
100
AcDbEntity
  8
0
  6
Continuous
 62
     7
370
    25
100
AcDbLine
 10
1.1022623154
 20
-1.2129433335
 30
0.0
 11
1.1012780634
 21
-1.2188488453
 31
0.0
  0
LINE
  5
1942
330
1F
100
AcDbEntity
  8
0
  6
Continuous
 62
     7
370
    25
100
AcDbLine
 10
1.1022623154
 20
-1.2070378217
 30
0.0
 11
1.1022623154
 21
-1.2129433335
 31
0.0
  0
LINE
  5
1943
330
1F
100
AcDbEntity
  8
0
  6
Continuous
 62
     7
370
    25
100
AcDbLine
 10
1.1012780634
 20
-1.2011323099
 30
0.0
 11
1.1022623154
 21
-1.2070378217
 31
0.0
  0
LINE
  5
1944
330
1F
100
AcDbEntity
  8
0
  6
Continuous
 62
     7
370
    25
100
AcDbLine
 10
1.0993095594
 20
-1.1942425461
 30
0.0
 11
1.1012780634
 21
-1.2011323099
 31
0.0
  0
LINE
  5
1945
330
1F
100
AcDbEntity
  8
0
  6
Continuous
 62
     7
370
    25
100
AcDbLine
 10
1.0973410555
 20
-1.1903055382
 30
0.0
 11
1.0993095594
 21
-1.1942425461
 31
0.0
  0
LINE
  5
1946
330
1F
100
AcDbEntity
  8
0
  6
Continuous
 62
     7
370
    25
100
AcDbLine
 10
1.0924197957
 20
-1.1844000264
 30
0.0
 11
1.0973410555
 21
-1.1903055382
 31
0.0
  0
LINE
  5
1947
330
1F
100
AcDbEntity
  8
0
  6
Continuous
 62
     7
370
    25
100
AcDbLine
 10
1.0874985358
 20
-1.1804630186
 30
0.0
 11
1.0924197957
 21
-1.1844000264
 31
0.0
  0
LINE
  5
1948
330
1F
100
AcDbEntity
  8
0
  6
Continuous
 62
     7
370
    25
100
AcDbLine
 10
1.081593024
 20
-1.1765260107
 30
0.0
 11
1.0874985358
 21
-1.1804630186
 31
0.0
  0
LINE
  5
1949
330
1F
100
AcDbEntity
  8
0
  6
Continuous
 62
     7
370
    25
100
AcDbLine
 10
1.0727347563
 20
-1.1735732548
 30
0.0
 11
1.081593024
 21
-1.1765260107
 31
0.0
  0
LINE
  5
194A
330
1F
100
AcDbEntity
  8
0
  6
Continuous
 62
     7
370
    25
100
AcDbLine
 10
1.0658449925
 20
-1.1725890028
 30
0.0
 11
1.0727347563
 21
-1.1735732548
 31
0.0
  0
LINE
  5
194B
330
1F
100
AcDbEntity
  8
0
  6
Continuous
 62
     7
370
    25
100
AcDbLine
 10
1.0599394807
 20
-1.1725890028
 30
0.0
 11
1.0658449925
 21
-1.1725890028
 31
0.0
  0
LINE
  5
194C
330
1F
100
AcDbEntity
  8
0
  6
Continuous
 62
     7
370
    25
100
AcDbLine
 10
1.0530497169
 20
-1.1735732548
 30
0.0
 11
1.0599394807
 21
-1.1725890028
 31
0.0
  0
LINE
  5
194D
330
1F
100
AcDbEntity
  8
0
  6
Continuous
 62
     7
370
    25
100
AcDbLine
 10
1.0441914492
 20
-1.1765260107
 30
0.0
 11
1.0530497169
 21
-1.1735732548
 31
0.0
  0
LINE
  5
194E
330
1F
100
AcDbEntity
  8
0
  6
Continuous
 62
     7
370
    25
100
AcDbLine
 10
1.0382859374
 20
-1.1804630186
 30
0.0
 11
1.0441914492
 21
-1.1765260107
 31
0.0
  0
LINE
  5
194F
330
1F
100
AcDbEntity
  8
0
  6
Continuous
 62
     7
370
    25
100
AcDbLine
 10
1.0333646776
 20
-1.1844000264
 30
0.0
 11
1.0382859374
 21
-1.1804630186
 31
0.0
  0
LINE
  5
1950
330
1F
100
AcDbEntity
  8
0
  6
Continuous
 62
     7
370
    25
100
AcDbLine
 10
1.0284434177
 20
-1.1903055382
 30
0.0
 11
1.0333646776
 21
-1.1844000264
 31
0.0
  0
LINE
  5
1951
330
1F
100
AcDbEntity
  8
0
  6
Continuous
 62
     7
370
    25
100
AcDbLine
 10
1.0264749138
 20
-1.1942425461
 30
0.0
 11
1.0284434177
 21
-1.1903055382
 31
0.0
  0
LINE
  5
1952
330
1F
100
AcDbEntity
  8
0
  6
Continuous
 62
     7
370
    25
100
AcDbLine
 10
1.0245064098
 20
-1.2011323099
 30
0.0
 11
1.0264749138
 21
-1.1942425461
 31
0.0
  0
LINE
  5
1953
330
1F
100
AcDbEntity
  8
0
  6
Continuous
 62
     7
370
    25
100
AcDbLine
 10
1.0235221579
 20
-1.2070378217
 30
0.0
 11
1.0245064098
 21
-1.2011323099
 31
0.0
  0
LINE
  5
1954
330
1F
100
AcDbEntity
  8
0
  6
Continuous
 62
     7
370
    25
100
AcDbLine
 10
1.0235221579
 20
-1.2129433335
 30
0.0
 11
1.0235221579
 21
-1.2070378217
 31
0.0
  0
LINE
  5
1955
330
1F
100
AcDbEntity
  8
0
  6
Continuous
 62
     7
370
    25
100
AcDbLine
 10
1.0245064098
 20
-1.2188488453
 30
0.0
 11
1.0235221579
 21
-1.2129433335
 31
0.0
  0
LINE
  5
1956
330
1F
100
AcDbEntity
  8
0
  6
Continuous
 62
     7
370
    25
100
AcDbLine
 10
1.0264749138
 20
-1.2257386091
 30
0.0
 11
1.0245064098
 21
-1.2188488453
 31
0.0
  0
LINE
  5
1957
330
1F
100
AcDbEntity
  8
0
  6
Continuous
 62
     7
370
    25
100
AcDbLine
 10
1.0284434177
 20
-1.229675617
 30
0.0
 11
1.0264749138
 21
-1.2257386091
 31
0.0
  0
LINE
  5
1958
330
1F
100
AcDbEntity
  8
0
  6
Continuous
 62
     7
370
    25
100
AcDbLine
 10
1.0333646776
 20
-1.2345968768
 30
0.0
 11
1.0284434177
 21
-1.229675617
 31
0.0
  0
LINE
  5
1959
330
1F
100
AcDbEntity
  8
0
  6
Continuous
 62
     7
370
    25
100
AcDbLine
 10
1.0245064098
 20
-1.2345968768
 30
0.0
 11
1.0333646776
 21
-1.2345968768
 31
0.0
  0
LINE
  5
195A
330
1F
100
AcDbEntity
  8
0
  6
Continuous
 62
     7
370
    25
100
AcDbLine
 10
1.0245064098
 20
-1.2444393965
 30
0.0
 11
1.0245064098
 21
-1.2345968768
 31
0.0
  0
LINE
  5
195B
330
1F
100
AcDbEntity
  8
0
  6
Continuous
 62
     7
370
    25
100
AcDbLine
 10
1.0678134965
 20
-1.2444393965
 30
0.0
 11
1.0245064098
 21
-1.2444393965
 31
0.0
  0
LINE
  5
195C
330
1F
100
AcDbEntity
  8
0
  6
Continuous
 62
     7
370
    25
100
AcDbLine
 10
1.0678134965
 20
-1.2099905776
 30
0.0
 11
1.0678134965
 21
-1.2444393965
 31
0.0
  0
LINE
  5
195D
330
1F
100
AcDbEntity
  8
0
  6
Continuous
 62
     7
370
    25
100
AcDbLine
 10
1.0579709768
 20
-1.2099905776
 30
0.0
 11
1.0678134965
 21
-1.2099905776
 31
0.0
  0
LINE
  5
195E
330
1F
100
AcDbEntity
  8
0
  6
Continuous
 62
     7
370
    25
100
AcDbLine
 10
1.0579709768
 20
-1.2345968768
 30
0.0
 11
1.0579709768
 21
-1.2099905776
 31
0.0
  0
LINE
  5
195F
330
1F
100
AcDbEntity
  8
0
  6
Continuous
 62
     7
370
    25
100
AcDbLine
 10
1.0560024728
 20
-1.2345968768
 30
0.0
 11
1.0579709768
 21
-1.2345968768
 31
0.0
  0
LINE
  5
1960
330
1F
100
AcDbEntity
  8
0
  6
Continuous
 62
     7
370
    25
100
AcDbLine
 10
1.0491127091
 20
-1.2336126249
 30
0.0
 11
1.0560024728
 21
-1.2345968768
 31
0.0
  0
LINE
  5
1961
330
1F
100
AcDbEntity
  8
0
  6
Continuous
 62
     7
370
    25
100
AcDbLine
 10
1.0432071972
 20
-1.230659869
 30
0.0
 11
1.0491127091
 21
-1.2336126249
 31
0.0
  0
LINE
  5
1962
330
1F
100
AcDbEntity
  8
0
  6
Continuous
 62
     7
370
    25
100
AcDbLine
 10
1.0402544413
 20
-1.227707113
 30
0.0
 11
1.0432071972
 21
-1.230659869
 31
0.0
  0
LINE
  5
1963
330
1F
100
AcDbEntity
  8
0
  6
Continuous
 62
     7
370
    25
100
AcDbLine
 10
1.0373016854
 20
-1.2237701052
 30
0.0
 11
1.0402544413
 21
-1.227707113
 31
0.0
  0
LINE
  5
1964
330
1F
100
AcDbEntity
  8
0
  6
Continuous
 62
     7
370
    25
100
AcDbLine
 10
1.0353331815
 20
-1.2188488453
 30
0.0
 11
1.0373016854
 21
-1.2237701052
 31
0.0
  0
LINE
  5
1965
330
1F
100
AcDbEntity
  8
0
  6
Continuous
 62
     7
370
    25
100
AcDbLine
 10
1.0343489295
 20
-1.2129433335
 30
0.0
 11
1.0353331815
 21
-1.2188488453
 31
0.0
  0
LINE
  5
1966
330
1F
100
AcDbEntity
  8
0
  6
Continuous
 62
     7
370
    25
100
AcDbLine
 10
1.0343489295
 20
-1.2070378217
 30
0.0
 11
1.0343489295
 21
-1.2129433335
 31
0.0
  0
LINE
  5
1967
330
1F
100
AcDbEntity
  8
0
  6
Continuous
 62
     7
370
    25
100
AcDbLine
 10
1.0353331815
 20
-1.2011323099
 30
0.0
 11
1.0343489295
 21
-1.2070378217
 31
0.0
  0
LINE
  5
1968
330
1F
100
AcDbEntity
  8
0
  6
Continuous
 62
     7
370
    25
100
AcDbLine
 10
1.0373016854
 20
-1.1952267981
 30
0.0
 11
1.0353331815
 21
-1.2011323099
 31
0.0
  0
LINE
  5
1969
330
1F
100
AcDbEntity
  8
0
  6
Continuous
 62
     7
370
    25
100
AcDbLine
 10
1.0392701894
 20
-1.1922740422
 30
0.0
 11
1.0373016854
 21
-1.1952267981
 31
0.0
  0
LINE
  5
196A
330
1F
100
AcDbEntity
  8
0
  6
Continuous
 62
     7
370
    25
100
AcDbLine
 10
1.0422229453
 20
-1.1893212863
 30
0.0
 11
1.0392701894
 21
-1.1922740422
 31
0.0
  0
LINE
  5
196B
330
1F
100
AcDbEntity
  8
0
  6
Continuous
 62
     7
370
    25
100
AcDbLine
 10
1.0471442051
 20
-1.1863685304
 30
0.0
 11
1.0422229453
 21
-1.1893212863
 31
0.0
  0
LINE
  5
196C
330
1F
100
AcDbEntity
  8
0
  6
Continuous
 62
     7
370
    25
100
AcDbLine
 10
1.0530497169
 20
-1.1844000264
 30
0.0
 11
1.0471442051
 21
-1.1863685304
 31
0.0
  0
LINE
  5
196D
330
1F
100
AcDbEntity
  8
0
  6
Continuous
 62
     7
370
    25
100
AcDbLine
 10
1.0599394807
 20
-1.1834157745
 30
0.0
 11
1.0530497169
 21
-1.1844000264
 31
0.0
  0
LINE
  5
196E
330
1F
100
AcDbEntity
  8
0
  6
Continuous
 62
     7
370
    25
100
AcDbLine
 10
1.0658449925
 20
-1.1834157745
 30
0.0
 11
1.0599394807
 21
-1.1834157745
 31
0.0
  0
LINE
  5
196F
330
1F
100
AcDbEntity
  8
0
  6
Continuous
 62
     7
370
    25
100
AcDbLine
 10
1.0392701894
 20
-1.5298724674
 30
0.0
 11
1.0441914492
 21
-1.5279039634
 31
0.0
  0
LINE
  5
1970
330
1F
100
AcDbEntity
  8
0
  6
Continuous
 62
     7
370
    25
100
AcDbLine
 10
1.0353331815
 20
-1.5318409713
 30
0.0
 11
1.0392701894
 21
-1.5298724674
 31
0.0
  0
LINE
  5
1971
330
1F
100
AcDbEntity
  8
0
  6
Continuous
 62
     7
370
    25
100
AcDbLine
 10
1.0313961736
 20
-1.5347937272
 30
0.0
 11
1.0353331815
 21
-1.5318409713
 31
0.0
  0
LINE
  5
1972
330
1F
100
AcDbEntity
  8
0
  6
Continuous
 62
     7
370
    25
100
AcDbLine
 10
1.0284434177
 20
-1.5377464831
 30
0.0
 11
1.0313961736
 21
-1.5347937272
 31
0.0
  0
LINE
  5
1973
330
1F
100
AcDbEntity
  8
0
  6
Continuous
 62
     7
370
    25
100
AcDbLine
 10
1.0264749138
 20
-1.540699239
 30
0.0
 11
1.0284434177
 21
-1.5377464831
 31
0.0
  0
LINE
  5
1974
330
1F
100
AcDbEntity
  8
0
  6
Continuous
 62
     7
370
    25
100
AcDbLine
 10
1.0245064098
 20
-1.5456204989
 30
0.0
 11
1.0264749138
 21
-1.540699239
 31
0.0
  0
LINE
  5
1975
330
1F
100
AcDbEntity
  8
0
  6
Continuous
 62
     7
370
    25
100
AcDbLine
 10
1.0235221579
 20
-1.5505417587
 30
0.0
 11
1.0245064098
 21
-1.5456204989
 31
0.0
  0
LINE
  5
1976
330
1F
100
AcDbEntity
  8
0
  6
Continuous
 62
     7
370
    25
100
AcDbLine
 10
1.0235221579
 20
-1.5554630186
 30
0.0
 11
1.0235221579
 21
-1.5505417587
 31
0.0
  0
LINE
  5
1977
330
1F
100
AcDbEntity
  8
0
  6
Continuous
 62
     7
370
    25
100
AcDbLine
 10
1.0245064098
 20
-1.5603842784
 30
0.0
 11
1.0235221579
 21
-1.5554630186
 31
0.0
  0
LINE
  5
1978
330
1F
100
AcDbEntity
  8
0
  6
Continuous
 62
     7
370
    25
100
AcDbLine
 10
1.0264749138
 20
-1.5653055382
 30
0.0
 11
1.0245064098
 21
-1.5603842784
 31
0.0
  0
LINE
  5
1979
330
1F
100
AcDbEntity
  8
0
  6
Continuous
 62
     7
370
    25
100
AcDbLine
 10
1.0284434177
 20
-1.5682582941
 30
0.0
 11
1.0264749138
 21
-1.5653055382
 31
0.0
  0
LINE
  5
197A
330
1F
100
AcDbEntity
  8
0
  6
Continuous
 62
     7
370
    25
100
AcDbLine
 10
1.0313961736
 20
-1.5712110501
 30
0.0
 11
1.0284434177
 21
-1.5682582941
 31
0.0
  0
LINE
  5
197B
330
1F
100
AcDbEntity
  8
0
  6
Continuous
 62
     7
370
    25
100
AcDbLine
 10
1.0353331815
 20
-1.574163806
 30
0.0
 11
1.0313961736
 21
-1.5712110501
 31
0.0
  0
LINE
  5
197C
330
1F
100
AcDbEntity
  8
0
  6
Continuous
 62
     7
370
    25
100
AcDbLine
 10
1.0392701894
 20
-1.5761323099
 30
0.0
 11
1.0353331815
 21
-1.574163806
 31
0.0
  0
LINE
  5
197D
330
1F
100
AcDbEntity
  8
0
  6
Continuous
 62
     7
370
    25
100
AcDbLine
 10
1.0451757012
 20
-1.5781008138
 30
0.0
 11
1.0392701894
 21
-1.5761323099
 31
0.0
  0
LINE
  5
197E
330
1F
100
AcDbEntity
  8
0
  6
Continuous
 62
     7
370
    25
100
AcDbLine
 10
1.0530497169
 20
-1.5781008138
 30
0.0
 11
1.0451757012
 21
-1.5781008138
 31
0.0
  0
LINE
  5
197F
330
1F
100
AcDbEntity
  8
0
  6
Continuous
 62
     7
370
    25
100
AcDbLine
 10
1.0589552287
 20
-1.5761323099
 30
0.0
 11
1.0530497169
 21
-1.5781008138
 31
0.0
  0
LINE
  5
1980
330
1F
100
AcDbEntity
  8
0
  6
Continuous
 62
     7
370
    25
100
AcDbLine
 10
1.0628922366
 20
-1.574163806
 30
0.0
 11
1.0589552287
 21
-1.5761323099
 31
0.0
  0
LINE
  5
1981
330
1F
100
AcDbEntity
  8
0
  6
Continuous
 62
     7
370
    25
100
AcDbLine
 10
1.0668292445
 20
-1.5712110501
 30
0.0
 11
1.0628922366
 21
-1.574163806
 31
0.0
  0
LINE
  5
1982
330
1F
100
AcDbEntity
  8
0
  6
Continuous
 62
     7
370
    25
100
AcDbLine
 10
1.0697820004
 20
-1.5682582941
 30
0.0
 11
1.0668292445
 21
-1.5712110501
 31
0.0
  0
LINE
  5
1983
330
1F
100
AcDbEntity
  8
0
  6
Continuous
 62
     7
370
    25
100
AcDbLine
 10
1.0717505043
 20
-1.5653055382
 30
0.0
 11
1.0697820004
 21
-1.5682582941
 31
0.0
  0
LINE
  5
1984
330
1F
100
AcDbEntity
  8
0
  6
Continuous
 62
     7
370
    25
100
AcDbLine
 10
1.0737190083
 20
-1.5603842784
 30
0.0
 11
1.0717505043
 21
-1.5653055382
 31
0.0
  0
LINE
  5
1985
330
1F
100
AcDbEntity
  8
0
  6
Continuous
 62
     7
370
    25
100
AcDbLine
 10
1.0747032602
 20
-1.5554630186
 30
0.0
 11
1.0737190083
 21
-1.5603842784
 31
0.0
  0
LINE
  5
1986
330
1F
100
AcDbEntity
  8
0
  6
Continuous
 62
     7
370
    25
100
AcDbLine
 10
1.0747032602
 20
-1.5505417587
 30
0.0
 11
1.0747032602
 21
-1.5554630186
 31
0.0
  0
LINE
  5
1987
330
1F
100
AcDbEntity
  8
0
  6
Continuous
 62
     7
370
    25
100
AcDbLine
 10
1.0737190083
 20
-1.5456204989
 30
0.0
 11
1.0747032602
 21
-1.5505417587
 31
0.0
  0
LINE
  5
1988
330
1F
100
AcDbEntity
  8
0
  6
Continuous
 62
     7
370
    25
100
AcDbLine
 10
1.0707662524
 20
-1.540699239
 30
0.0
 11
1.0737190083
 21
-1.5456204989
 31
0.0
  0
LINE
  5
1989
330
1F
100
AcDbEntity
  8
0
  6
Continuous
 62
     7
370
    25
100
AcDbLine
 10
1.0658449925
 20
-1.5357779792
 30
0.0
 11
1.0707662524
 21
-1.540699239
 31
0.0
  0
LINE
  5
198A
330
1F
100
AcDbEntity
  8
0
  6
Continuous
 62
     7
370
    25
100
AcDbLine
 10
1.0796245201
 20
-1.5377464831
 30
0.0
 11
1.0658449925
 21
-1.5357779792
 31
0.0
  0
LINE
  5
198B
330
1F
100
AcDbEntity
  8
0
  6
Continuous
 62
     7
370
    25
100
AcDbLine
 10
1.0845457799
 20
-1.5397149871
 30
0.0
 11
1.0796245201
 21
-1.5377464831
 31
0.0
  0
LINE
  5
198C
330
1F
100
AcDbEntity
  8
0
  6
Continuous
 62
     7
370
    25
100
AcDbLine
 10
1.0874985358
 20
-1.541683491
 30
0.0
 11
1.0845457799
 21
-1.5397149871
 31
0.0
  0
LINE
  5
198D
330
1F
100
AcDbEntity
  8
0
  6
Continuous
 62
     7
370
    25
100
AcDbLine
 10
1.0904512917
 20
-1.5456204989
 30
0.0
 11
1.0874985358
 21
-1.541683491
 31
0.0
  0
LINE
  5
198E
330
1F
100
AcDbEntity
  8
0
  6
Continuous
 62
     7
370
    25
100
AcDbLine
 10
1.0924197957
 20
-1.5495575067
 30
0.0
 11
1.0904512917
 21
-1.5456204989
 31
0.0
  0
LINE
  5
198F
330
1F
100
AcDbEntity
  8
0
  6
Continuous
 62
     7
370
    25
100
AcDbLine
 10
1.0924197957
 20
-1.5564472705
 30
0.0
 11
1.0924197957
 21
-1.5495575067
 31
0.0
  0
LINE
  5
1990
330
1F
100
AcDbEntity
  8
0
  6
Continuous
 62
     7
370
    25
100
AcDbLine
 10
1.0904512917
 20
-1.5603842784
 30
0.0
 11
1.0924197957
 21
-1.5564472705
 31
0.0
  0
LINE
  5
1991
330
1F
100
AcDbEntity
  8
0
  6
Continuous
 62
     7
370
    25
100
AcDbLine
 10
1.0874985358
 20
-1.5643212863
 30
0.0
 11
1.0904512917
 21
-1.5603842784
 31
0.0
  0
LINE
  5
1992
330
1F
100
AcDbEntity
  8
0
  6
Continuous
 62
     7
370
    25
100
AcDbLine
 10
1.0845457799
 20
-1.5662897902
 30
0.0
 11
1.0874985358
 21
-1.5643212863
 31
0.0
  0
LINE
  5
1993
330
1F
100
AcDbEntity
  8
0
  6
Continuous
 62
     7
370
    25
100
AcDbLine
 10
1.0796245201
 20
-1.5672740422
 30
0.0
 11
1.0845457799
 21
-1.5662897902
 31
0.0
  0
LINE
  5
1994
330
1F
100
AcDbEntity
  8
0
  6
Continuous
 62
     7
370
    25
100
AcDbLine
 10
1.0796245201
 20
-1.5771165619
 30
0.0
 11
1.0796245201
 21
-1.5672740422
 31
0.0
  0
LINE
  5
1995
330
1F
100
AcDbEntity
  8
0
  6
Continuous
 62
     7
370
    25
100
AcDbLine
 10
1.081593024
 20
-1.5771165619
 30
0.0
 11
1.0796245201
 21
-1.5771165619
 31
0.0
  0
LINE
  5
1996
330
1F
100
AcDbEntity
  8
0
  6
Continuous
 62
     7
370
    25
100
AcDbLine
 10
1.0865142839
 20
-1.5761323099
 30
0.0
 11
1.081593024
 21
-1.5771165619
 31
0.0
  0
LINE
  5
1997
330
1F
100
AcDbEntity
  8
0
  6
Continuous
 62
     7
370
    25
100
AcDbLine
 10
1.0904512917
 20
-1.574163806
 30
0.0
 11
1.0865142839
 21
-1.5761323099
 31
0.0
  0
LINE
  5
1998
330
1F
100
AcDbEntity
  8
0
  6
Continuous
 62
     7
370
    25
100
AcDbLine
 10
1.0943882996
 20
-1.5712110501
 30
0.0
 11
1.0904512917
 21
-1.574163806
 31
0.0
  0
LINE
  5
1999
330
1F
100
AcDbEntity
  8
0
  6
Continuous
 62
     7
370
    25
100
AcDbLine
 10
1.0973410555
 20
-1.5682582941
 30
0.0
 11
1.0943882996
 21
-1.5712110501
 31
0.0
  0
LINE
  5
199A
330
1F
100
AcDbEntity
  8
0
  6
Continuous
 62
     7
370
    25
100
AcDbLine
 10
1.0993095594
 20
-1.5653055382
 30
0.0
 11
1.0973410555
 21
-1.5682582941
 31
0.0
  0
LINE
  5
199B
330
1F
100
AcDbEntity
  8
0
  6
Continuous
 62
     7
370
    25
100
AcDbLine
 10
1.1012780634
 20
-1.5603842784
 30
0.0
 11
1.0993095594
 21
-1.5653055382
 31
0.0
  0
LINE
  5
199C
330
1F
100
AcDbEntity
  8
0
  6
Continuous
 62
     7
370
    25
100
AcDbLine
 10
1.1022623154
 20
-1.5564472705
 30
0.0
 11
1.1012780634
 21
-1.5603842784
 31
0.0
  0
LINE
  5
199D
330
1F
100
AcDbEntity
  8
0
  6
Continuous
 62
     7
370
    25
100
AcDbLine
 10
1.1022623154
 20
-1.5495575067
 30
0.0
 11
1.1022623154
 21
-1.5564472705
 31
0.0
  0
LINE
  5
199E
330
1F
100
AcDbEntity
  8
0
  6
Continuous
 62
     7
370
    25
100
AcDbLine
 10
1.1012780634
 20
-1.5456204989
 30
0.0
 11
1.1022623154
 21
-1.5495575067
 31
0.0
  0
LINE
  5
199F
330
1F
100
AcDbEntity
  8
0
  6
Continuous
 62
     7
370
    25
100
AcDbLine
 10
1.0993095594
 20
-1.540699239
 30
0.0
 11
1.1012780634
 21
-1.5456204989
 31
0.0
  0
LINE
  5
19A0
330
1F
100
AcDbEntity
  8
0
  6
Continuous
 62
     7
370
    25
100
AcDbLine
 10
1.0973410555
 20
-1.5377464831
 30
0.0
 11
1.0993095594
 21
-1.540699239
 31
0.0
  0
LINE
  5
19A1
330
1F
100
AcDbEntity
  8
0
  6
Continuous
 62
     7
370
    25
100
AcDbLine
 10
1.0943882996
 20
-1.5347937272
 30
0.0
 11
1.0973410555
 21
-1.5377464831
 31
0.0
  0
LINE
  5
19A2
330
1F
100
AcDbEntity
  8
0
  6
Continuous
 62
     7
370
    25
100
AcDbLine
 10
1.0904512917
 20
-1.5318409713
 30
0.0
 11
1.0943882996
 21
-1.5347937272
 31
0.0
  0
LINE
  5
19A3
330
1F
100
AcDbEntity
  8
0
  6
Continuous
 62
     7
370
    25
100
AcDbLine
 10
1.0865142839
 20
-1.5298724674
 30
0.0
 11
1.0904512917
 21
-1.5318409713
 31
0.0
  0
LINE
  5
19A4
330
1F
100
AcDbEntity
  8
0
  6
Continuous
 62
     7
370
    25
100
AcDbLine
 10
1.081593024
 20
-1.5279039634
 30
0.0
 11
1.0865142839
 21
-1.5298724674
 31
0.0
  0
LINE
  5
19A5
330
1F
100
AcDbEntity
  8
0
  6
Continuous
 62
     7
370
    25
100
AcDbLine
 10
1.0756875122
 20
-1.5269197115
 30
0.0
 11
1.081593024
 21
-1.5279039634
 31
0.0
  0
LINE
  5
19A6
330
1F
100
AcDbEntity
  8
0
  6
Continuous
 62
     7
370
    25
100
AcDbLine
 10
1.0668292445
 20
-1.5259354595
 30
0.0
 11
1.0756875122
 21
-1.5269197115
 31
0.0
  0
LINE
  5
19A7
330
1F
100
AcDbEntity
  8
0
  6
Continuous
 62
     7
370
    25
100
AcDbLine
 10
1.0589552287
 20
-1.5259354595
 30
0.0
 11
1.0668292445
 21
-1.5259354595
 31
0.0
  0
LINE
  5
19A8
330
1F
100
AcDbEntity
  8
0
  6
Continuous
 62
     7
370
    25
100
AcDbLine
 10
1.050096961
 20
-1.5269197115
 30
0.0
 11
1.0589552287
 21
-1.5259354595
 31
0.0
  0
LINE
  5
19A9
330
1F
100
AcDbEntity
  8
0
  6
Continuous
 62
     7
370
    25
100
AcDbLine
 10
1.0441914492
 20
-1.5279039634
 30
0.0
 11
1.050096961
 21
-1.5269197115
 31
0.0
  0
LINE
  5
19AA
330
1F
100
AcDbEntity
  8
0
  6
Continuous
 62
     7
370
    25
100
AcDbLine
 10
0.2352362205
 20
-1.6243608413
 30
0.0
 11
0.1899606299
 21
-1.6243608413
 31
0.0
  0
LINE
  5
19AB
330
1F
100
AcDbEntity
  8
0
  6
Continuous
 62
     7
370
    25
100
AcDbLine
 10
0.2352362205
 20
-1.6145183216
 30
0.0
 11
0.2352362205
 21
-1.6243608413
 31
0.0
  0
LINE
  5
19AC
330
1F
100
AcDbEntity
  8
0
  6
Continuous
 62
     7
370
    25
100
AcDbLine
 10
0.1791338583
 20
-1.6145183216
 30
0.0
 11
0.2352362205
 21
-1.6145183216
 31
0.0
  0
LINE
  5
19AD
330
1F
100
AcDbEntity
  8
0
  6
Continuous
 62
     7
370
    25
100
AcDbLine
 10
0.1791338583
 20
-1.6932584791
 30
0.0
 11
0.1791338583
 21
-1.6145183216
 31
0.0
  0
LINE
  5
19AE
330
1F
100
AcDbEntity
  8
0
  6
Continuous
 62
     7
370
    25
100
AcDbLine
 10
0.2362204724
 20
-1.6932584791
 30
0.0
 11
0.1791338583
 21
-1.6932584791
 31
0.0
  0
LINE
  5
19AF
330
1F
100
AcDbEntity
  8
0
  6
Continuous
 62
     7
370
    25
100
AcDbLine
 10
0.2362204724
 20
-1.6834159594
 30
0.0
 11
0.2362204724
 21
-1.6932584791
 31
0.0
  0
LINE
  5
19B0
330
1F
100
AcDbEntity
  8
0
  6
Continuous
 62
     7
370
    25
100
AcDbLine
 10
0.1899606299
 20
-1.6834159594
 30
0.0
 11
0.2362204724
 21
-1.6834159594
 31
0.0
  0
LINE
  5
19B1
330
1F
100
AcDbEntity
  8
0
  6
Continuous
 62
     7
370
    25
100
AcDbLine
 10
0.1899606299
 20
-1.6578254082
 30
0.0
 11
0.1899606299
 21
-1.6834159594
 31
0.0
  0
LINE
  5
19B2
330
1F
100
AcDbEntity
  8
0
  6
Continuous
 62
     7
370
    25
100
AcDbLine
 10
0.2312992126
 20
-1.6578254082
 30
0.0
 11
0.1899606299
 21
-1.6578254082
 31
0.0
  0
LINE
  5
19B3
330
1F
100
AcDbEntity
  8
0
  6
Continuous
 62
     7
370
    25
100
AcDbLine
 10
0.2312992126
 20
-1.6479828885
 30
0.0
 11
0.2312992126
 21
-1.6578254082
 31
0.0
  0
LINE
  5
19B4
330
1F
100
AcDbEntity
  8
0
  6
Continuous
 62
     7
370
    25
100
AcDbLine
 10
0.1899606299
 20
-1.6479828885
 30
0.0
 11
0.2312992126
 21
-1.6479828885
 31
0.0
  0
LINE
  5
19B5
330
1F
100
AcDbEntity
  8
0
  6
Continuous
 62
     7
370
    25
100
AcDbLine
 10
0.1899606299
 20
-1.6243608413
 30
0.0
 11
0.1899606299
 21
-1.6479828885
 31
0.0
  0
LINE
  5
19B6
330
1F
100
AcDbEntity
  8
0
  6
Continuous
 62
     7
370
    25
100
AcDbLine
 10
-0.438976378
 20
-1.6420773767
 30
0.0
 11
-0.438976378
 21
-1.5307219781
 31
0.0
  0
LINE
  5
19B7
330
1F
100
AcDbEntity
  8
0
  6
Continuous
 62
     7
370
    25
100
AcDbLine
 10
-0.3276209793
 20
-1.6420773767
 30
0.0
 11
-0.438976378
 21
-1.6420773767
 31
0.0
  0
LINE
  5
19B8
330
1F
100
AcDbEntity
  8
0
  6
Continuous
 62
     7
370
    25
100
AcDbLine
 10
-0.438976378
 20
-1.5307219781
 30
0.0
 11
-0.3276209793
 21
-1.6420773767
 31
0.0
  0
LINE
  5
19B9
330
1F
100
AcDbEntity
  8
0
  6
Continuous
 62
     7
370
    25
100
AcDbLine
 10
0.1599409449
 20
0.0449304973
 30
0.0
 11
0.1599409449
 21
-0.0160931247
 31
0.0
  0
LINE
  5
19BA
330
1F
100
AcDbEntity
  8
0
  6
Continuous
 62
     7
370
    25
100
AcDbLine
 10
0.1835629921
 20
-0.0160931247
 30
0.0
 11
0.1599409449
 21
0.0449304973
 31
0.0
  0
LINE
  5
19BB
330
1F
100
AcDbEntity
  8
0
  6
Continuous
 62
     7
370
    25
100
AcDbLine
 10
0.1934055118
 20
-0.0160931247
 30
0.0
 11
0.1835629921
 21
-0.0160931247
 31
0.0
  0
LINE
  5
19BC
330
1F
100
AcDbEntity
  8
0
  6
Continuous
 62
     7
370
    25
100
AcDbLine
 10
0.2170275591
 20
0.0449304973
 30
0.0
 11
0.1934055118
 21
-0.0160931247
 31
0.0
  0
LINE
  5
19BD
330
1F
100
AcDbEntity
  8
0
  6
Continuous
 62
     7
370
    25
100
AcDbLine
 10
0.2170275591
 20
-0.0160931247
 30
0.0
 11
0.2170275591
 21
0.0449304973
 31
0.0
  0
LINE
  5
19BE
330
1F
100
AcDbEntity
  8
0
  6
Continuous
 62
     7
370
    25
100
AcDbLine
 10
0.2268700787
 20
-0.0160931247
 30
0.0
 11
0.2170275591
 21
-0.0160931247
 31
0.0
  0
LINE
  5
19BF
330
1F
100
AcDbEntity
  8
0
  6
Continuous
 62
     7
370
    25
100
AcDbLine
 10
0.2268700787
 20
0.0626470327
 30
0.0
 11
0.2268700787
 21
-0.0160931247
 31
0.0
  0
LINE
  5
19C0
330
1F
100
AcDbEntity
  8
0
  6
Continuous
 62
     7
370
    25
100
AcDbLine
 10
0.2130905512
 20
0.0626470327
 30
0.0
 11
0.2268700787
 21
0.0626470327
 31
0.0
  0
LINE
  5
19C1
330
1F
100
AcDbEntity
  8
0
  6
Continuous
 62
     7
370
    25
100
AcDbLine
 10
0.188484252
 20
-0.0003450932
 30
0.0
 11
0.2130905512
 21
0.0626470327
 31
0.0
  0
LINE
  5
19C2
330
1F
100
AcDbEntity
  8
0
  6
Continuous
 62
     7
370
    25
100
AcDbLine
 10
0.1638779528
 20
0.0626470327
 30
0.0
 11
0.188484252
 21
-0.0003450932
 31
0.0
  0
LINE
  5
19C3
330
1F
100
AcDbEntity
  8
0
  6
Continuous
 62
     7
370
    25
100
AcDbLine
 10
0.1500984252
 20
0.0626470327
 30
0.0
 11
0.1638779528
 21
0.0626470327
 31
0.0
  0
LINE
  5
19C4
330
1F
100
AcDbEntity
  8
0
  6
Continuous
 62
     7
370
    25
100
AcDbLine
 10
0.1500984252
 20
-0.0160931247
 30
0.0
 11
0.1500984252
 21
0.0626470327
 31
0.0
  0
LINE
  5
19C5
330
1F
100
AcDbEntity
  8
0
  6
Continuous
 62
     7
370
    25
100
AcDbLine
 10
0.1599409449
 20
-0.0160931247
 30
0.0
 11
0.1500984252
 21
-0.0160931247
 31
0.0
  0
LINE
  5
19C6
330
1F
100
AcDbEntity
  8
0
  6
Continuous
 62
     7
370
    25
100
AcDbLine
 10
1.0254906618
 20
-1.4048724674
 30
0.0
 11
1.0284434177
 21
-1.3989669556
 31
0.0
  0
LINE
  5
19C7
330
1F
100
AcDbEntity
  8
0
  6
Continuous
 62
     7
370
    25
100
AcDbLine
 10
1.0235221579
 20
-1.4127464831
 30
0.0
 11
1.0254906618
 21
-1.4048724674
 31
0.0
  0
LINE
  5
19C8
330
1F
100
AcDbEntity
  8
0
  6
Continuous
 62
     7
370
    25
100
AcDbLine
 10
1.0235221579
 20
-1.4186519949
 30
0.0
 11
1.0235221579
 21
-1.4127464831
 31
0.0
  0
LINE
  5
19C9
330
1F
100
AcDbEntity
  8
0
  6
Continuous
 62
     7
370
    25
100
AcDbLine
 10
1.0254906618
 20
-1.4265260107
 30
0.0
 11
1.0235221579
 21
-1.4186519949
 31
0.0
  0
LINE
  5
19CA
330
1F
100
AcDbEntity
  8
0
  6
Continuous
 62
     7
370
    25
100
AcDbLine
 10
1.0284434177
 20
-1.4324315225
 30
0.0
 11
1.0254906618
 21
-1.4265260107
 31
0.0
  0
LINE
  5
19CB
330
1F
100
AcDbEntity
  8
0
  6
Continuous
 62
     7
370
    25
100
AcDbLine
 10
1.0333646776
 20
-1.4373527823
 30
0.0
 11
1.0284434177
 21
-1.4324315225
 31
0.0
  0
LINE
  5
19CC
330
1F
100
AcDbEntity
  8
0
  6
Continuous
 62
     7
370
    25
100
AcDbLine
 10
1.0382859374
 20
-1.4403055382
 30
0.0
 11
1.0333646776
 21
-1.4373527823
 31
0.0
  0
LINE
  5
19CD
330
1F
100
AcDbEntity
  8
0
  6
Continuous
 62
     7
370
    25
100
AcDbLine
 10
1.0451757012
 20
-1.4422740422
 30
0.0
 11
1.0382859374
 21
-1.4403055382
 31
0.0
  0
LINE
  5
19CE
330
1F
100
AcDbEntity
  8
0
  6
Continuous
 62
     7
370
    25
100
AcDbLine
 10
1.050096961
 20
-1.4422740422
 30
0.0
 11
1.0451757012
 21
-1.4422740422
 31
0.0
  0
LINE
  5
19CF
330
1F
100
AcDbEntity
  8
0
  6
Continuous
 62
     7
370
    25
100
AcDbLine
 10
1.0569867248
 20
-1.4403055382
 30
0.0
 11
1.050096961
 21
-1.4422740422
 31
0.0
  0
LINE
  5
19D0
330
1F
100
AcDbEntity
  8
0
  6
Continuous
 62
     7
370
    25
100
AcDbLine
 10
1.0628922366
 20
-1.4363685304
 30
0.0
 11
1.0569867248
 21
-1.4403055382
 31
0.0
  0
LINE
  5
19D1
330
1F
100
AcDbEntity
  8
0
  6
Continuous
 62
     7
370
    25
100
AcDbLine
 10
1.0668292445
 20
-1.4314472705
 30
0.0
 11
1.0628922366
 21
-1.4363685304
 31
0.0
  0
LINE
  5
19D2
330
1F
100
AcDbEntity
  8
0
  6
Continuous
 62
     7
370
    25
100
AcDbLine
 10
1.0687977484
 20
-1.4334157745
 30
0.0
 11
1.0668292445
 21
-1.4314472705
 31
0.0
  0
LINE
  5
19D3
330
1F
100
AcDbEntity
  8
0
  6
Continuous
 62
     7
370
    25
100
AcDbLine
 10
1.0747032602
 20
-1.4373527823
 30
0.0
 11
1.0687977484
 21
-1.4334157745
 31
0.0
  0
LINE
  5
19D4
330
1F
100
AcDbEntity
  8
0
  6
Continuous
 62
     7
370
    25
100
AcDbLine
 10
1.0796245201
 20
-1.4383370343
 30
0.0
 11
1.0747032602
 21
-1.4373527823
 31
0.0
  0
LINE
  5
19D5
330
1F
100
AcDbEntity
  8
0
  6
Continuous
 62
     7
370
    25
100
AcDbLine
 10
1.0835615279
 20
-1.4383370343
 30
0.0
 11
1.0796245201
 21
-1.4383370343
 31
0.0
  0
LINE
  5
19D6
330
1F
100
AcDbEntity
  8
0
  6
Continuous
 62
     7
370
    25
100
AcDbLine
 10
1.0884827878
 20
-1.4373527823
 30
0.0
 11
1.0835615279
 21
-1.4383370343
 31
0.0
  0
LINE
  5
19D7
330
1F
100
AcDbEntity
  8
0
  6
Continuous
 62
     7
370
    25
100
AcDbLine
 10
1.0943882996
 20
-1.4334157745
 30
0.0
 11
1.0884827878
 21
-1.4373527823
 31
0.0
  0
LINE
  5
19D8
330
1F
100
AcDbEntity
  8
0
  6
Continuous
 62
     7
370
    25
100
AcDbLine
 10
1.0983253075
 20
-1.4294787666
 30
0.0
 11
1.0943882996
 21
-1.4334157745
 31
0.0
  0
LINE
  5
19D9
330
1F
100
AcDbEntity
  8
0
  6
Continuous
 62
     7
370
    25
100
AcDbLine
 10
1.1012780634
 20
-1.4235732548
 30
0.0
 11
1.0983253075
 21
-1.4294787666
 31
0.0
  0
LINE
  5
19DA
330
1F
100
AcDbEntity
  8
0
  6
Continuous
 62
     7
370
    25
100
AcDbLine
 10
1.1022623154
 20
-1.4186519949
 30
0.0
 11
1.1012780634
 21
-1.4235732548
 31
0.0
  0
LINE
  5
19DB
330
1F
100
AcDbEntity
  8
0
  6
Continuous
 62
     7
370
    25
100
AcDbLine
 10
1.1022623154
 20
-1.4127464831
 30
0.0
 11
1.1022623154
 21
-1.4186519949
 31
0.0
  0
LINE
  5
19DC
330
1F
100
AcDbEntity
  8
0
  6
Continuous
 62
     7
370
    25
100
AcDbLine
 10
1.1012780634
 20
-1.4078252233
 30
0.0
 11
1.1022623154
 21
-1.4127464831
 31
0.0
  0
LINE
  5
19DD
330
1F
100
AcDbEntity
  8
0
  6
Continuous
 62
     7
370
    25
100
AcDbLine
 10
1.0983253075
 20
-1.4019197115
 30
0.0
 11
1.1012780634
 21
-1.4078252233
 31
0.0
  0
LINE
  5
19DE
330
1F
100
AcDbEntity
  8
0
  6
Continuous
 62
     7
370
    25
100
AcDbLine
 10
1.0943882996
 20
-1.3979827036
 30
0.0
 11
1.0983253075
 21
-1.4019197115
 31
0.0
  0
LINE
  5
19DF
330
1F
100
AcDbEntity
  8
0
  6
Continuous
 62
     7
370
    25
100
AcDbLine
 10
1.0884827878
 20
-1.3940456957
 30
0.0
 11
1.0943882996
 21
-1.3979827036
 31
0.0
  0
LINE
  5
19E0
330
1F
100
AcDbEntity
  8
0
  6
Continuous
 62
     7
370
    25
100
AcDbLine
 10
1.0835615279
 20
-1.3930614438
 30
0.0
 11
1.0884827878
 21
-1.3940456957
 31
0.0
  0
LINE
  5
19E1
330
1F
100
AcDbEntity
  8
0
  6
Continuous
 62
     7
370
    25
100
AcDbLine
 10
1.0796245201
 20
-1.3930614438
 30
0.0
 11
1.0835615279
 21
-1.3930614438
 31
0.0
  0
LINE
  5
19E2
330
1F
100
AcDbEntity
  8
0
  6
Continuous
 62
     7
370
    25
100
AcDbLine
 10
1.0796245201
 20
-1.4038882154
 30
0.0
 11
1.0796245201
 21
-1.3930614438
 31
0.0
  0
LINE
  5
19E3
330
1F
100
AcDbEntity
  8
0
  6
Continuous
 62
     7
370
    25
100
AcDbLine
 10
1.0835615279
 20
-1.4038882154
 30
0.0
 11
1.0796245201
 21
-1.4038882154
 31
0.0
  0
LINE
  5
19E4
330
1F
100
AcDbEntity
  8
0
  6
Continuous
 62
     7
370
    25
100
AcDbLine
 10
1.0865142839
 20
-1.4048724674
 30
0.0
 11
1.0835615279
 21
-1.4038882154
 31
0.0
  0
LINE
  5
19E5
330
1F
100
AcDbEntity
  8
0
  6
Continuous
 62
     7
370
    25
100
AcDbLine
 10
1.0894670398
 20
-1.4068409713
 30
0.0
 11
1.0865142839
 21
-1.4048724674
 31
0.0
  0
LINE
  5
19E6
330
1F
100
AcDbEntity
  8
0
  6
Continuous
 62
     7
370
    25
100
AcDbLine
 10
1.0914355437
 20
-1.4097937272
 30
0.0
 11
1.0894670398
 21
-1.4068409713
 31
0.0
  0
LINE
  5
19E7
330
1F
100
AcDbEntity
  8
0
  6
Continuous
 62
     7
370
    25
100
AcDbLine
 10
1.0924197957
 20
-1.4137307351
 30
0.0
 11
1.0914355437
 21
-1.4097937272
 31
0.0
  0
LINE
  5
19E8
330
1F
100
AcDbEntity
  8
0
  6
Continuous
 62
     7
370
    25
100
AcDbLine
 10
1.0924197957
 20
-1.417667743
 30
0.0
 11
1.0924197957
 21
-1.4137307351
 31
0.0
  0
LINE
  5
19E9
330
1F
100
AcDbEntity
  8
0
  6
Continuous
 62
     7
370
    25
100
AcDbLine
 10
1.0914355437
 20
-1.4216047508
 30
0.0
 11
1.0924197957
 21
-1.417667743
 31
0.0
  0
LINE
  5
19EA
330
1F
100
AcDbEntity
  8
0
  6
Continuous
 62
     7
370
    25
100
AcDbLine
 10
1.0894670398
 20
-1.4245575067
 30
0.0
 11
1.0914355437
 21
-1.4216047508
 31
0.0
  0
LINE
  5
19EB
330
1F
100
AcDbEntity
  8
0
  6
Continuous
 62
     7
370
    25
100
AcDbLine
 10
1.0865142839
 20
-1.4265260107
 30
0.0
 11
1.0894670398
 21
-1.4245575067
 31
0.0
  0
LINE
  5
19EC
330
1F
100
AcDbEntity
  8
0
  6
Continuous
 62
     7
370
    25
100
AcDbLine
 10
1.0835615279
 20
-1.4275102627
 30
0.0
 11
1.0865142839
 21
-1.4265260107
 31
0.0
  0
LINE
  5
19ED
330
1F
100
AcDbEntity
  8
0
  6
Continuous
 62
     7
370
    25
100
AcDbLine
 10
1.0796245201
 20
-1.4275102627
 30
0.0
 11
1.0835615279
 21
-1.4275102627
 31
0.0
  0
LINE
  5
19EE
330
1F
100
AcDbEntity
  8
0
  6
Continuous
 62
     7
370
    25
100
AcDbLine
 10
1.0766717642
 20
-1.4265260107
 30
0.0
 11
1.0796245201
 21
-1.4275102627
 31
0.0
  0
LINE
  5
19EF
330
1F
100
AcDbEntity
  8
0
  6
Continuous
 62
     7
370
    25
100
AcDbLine
 10
1.0737190083
 20
-1.4245575067
 30
0.0
 11
1.0766717642
 21
-1.4265260107
 31
0.0
  0
LINE
  5
19F0
330
1F
100
AcDbEntity
  8
0
  6
Continuous
 62
     7
370
    25
100
AcDbLine
 10
1.0717505043
 20
-1.4216047508
 30
0.0
 11
1.0737190083
 21
-1.4245575067
 31
0.0
  0
LINE
  5
19F1
330
1F
100
AcDbEntity
  8
0
  6
Continuous
 62
     7
370
    25
100
AcDbLine
 10
1.0707662524
 20
-1.417667743
 30
0.0
 11
1.0717505043
 21
-1.4216047508
 31
0.0
  0
LINE
  5
19F2
330
1F
100
AcDbEntity
  8
0
  6
Continuous
 62
     7
370
    25
100
AcDbLine
 10
1.0707662524
 20
-1.4137307351
 30
0.0
 11
1.0707662524
 21
-1.417667743
 31
0.0
  0
LINE
  5
19F3
330
1F
100
AcDbEntity
  8
0
  6
Continuous
 62
     7
370
    25
100
AcDbLine
 10
1.0619079846
 20
-1.4137307351
 30
0.0
 11
1.0707662524
 21
-1.4137307351
 31
0.0
  0
LINE
  5
19F4
330
1F
100
AcDbEntity
  8
0
  6
Continuous
 62
     7
370
    25
100
AcDbLine
 10
1.0619079846
 20
-1.417667743
 30
0.0
 11
1.0619079846
 21
-1.4137307351
 31
0.0
  0
LINE
  5
19F5
330
1F
100
AcDbEntity
  8
0
  6
Continuous
 62
     7
370
    25
100
AcDbLine
 10
1.0609237327
 20
-1.4225890028
 30
0.0
 11
1.0619079846
 21
-1.417667743
 31
0.0
  0
LINE
  5
19F6
330
1F
100
AcDbEntity
  8
0
  6
Continuous
 62
     7
370
    25
100
AcDbLine
 10
1.0579709768
 20
-1.4265260107
 30
0.0
 11
1.0609237327
 21
-1.4225890028
 31
0.0
  0
LINE
  5
19F7
330
1F
100
AcDbEntity
  8
0
  6
Continuous
 62
     7
370
    25
100
AcDbLine
 10
1.0540339689
 20
-1.4294787666
 30
0.0
 11
1.0579709768
 21
-1.4265260107
 31
0.0
  0
LINE
  5
19F8
330
1F
100
AcDbEntity
  8
0
  6
Continuous
 62
     7
370
    25
100
AcDbLine
 10
1.050096961
 20
-1.4304630186
 30
0.0
 11
1.0540339689
 21
-1.4294787666
 31
0.0
  0
LINE
  5
19F9
330
1F
100
AcDbEntity
  8
0
  6
Continuous
 62
     7
370
    25
100
AcDbLine
 10
1.0461599531
 20
-1.4304630186
 30
0.0
 11
1.050096961
 21
-1.4304630186
 31
0.0
  0
LINE
  5
19FA
330
1F
100
AcDbEntity
  8
0
  6
Continuous
 62
     7
370
    25
100
AcDbLine
 10
1.0422229453
 20
-1.4294787666
 30
0.0
 11
1.0461599531
 21
-1.4304630186
 31
0.0
  0
LINE
  5
19FB
330
1F
100
AcDbEntity
  8
0
  6
Continuous
 62
     7
370
    25
100
AcDbLine
 10
1.0382859374
 20
-1.4265260107
 30
0.0
 11
1.0422229453
 21
-1.4294787666
 31
0.0
  0
LINE
  5
19FC
330
1F
100
AcDbEntity
  8
0
  6
Continuous
 62
     7
370
    25
100
AcDbLine
 10
1.0353331815
 20
-1.4225890028
 30
0.0
 11
1.0382859374
 21
-1.4265260107
 31
0.0
  0
LINE
  5
19FD
330
1F
100
AcDbEntity
  8
0
  6
Continuous
 62
     7
370
    25
100
AcDbLine
 10
1.0343489295
 20
-1.417667743
 30
0.0
 11
1.0353331815
 21
-1.4225890028
 31
0.0
  0
LINE
  5
19FE
330
1F
100
AcDbEntity
  8
0
  6
Continuous
 62
     7
370
    25
100
AcDbLine
 10
1.0343489295
 20
-1.4137307351
 30
0.0
 11
1.0343489295
 21
-1.417667743
 31
0.0
  0
LINE
  5
19FF
330
1F
100
AcDbEntity
  8
0
  6
Continuous
 62
     7
370
    25
100
AcDbLine
 10
1.0353331815
 20
-1.4088094752
 30
0.0
 11
1.0343489295
 21
-1.4137307351
 31
0.0
  0
LINE
  5
1A00
330
1F
100
AcDbEntity
  8
0
  6
Continuous
 62
     7
370
    25
100
AcDbLine
 10
1.0382859374
 20
-1.4048724674
 30
0.0
 11
1.0353331815
 21
-1.4088094752
 31
0.0
  0
LINE
  5
1A01
330
1F
100
AcDbEntity
  8
0
  6
Continuous
 62
     7
370
    25
100
AcDbLine
 10
1.0422229453
 20
-1.4019197115
 30
0.0
 11
1.0382859374
 21
-1.4048724674
 31
0.0
  0
LINE
  5
1A02
330
1F
100
AcDbEntity
  8
0
  6
Continuous
 62
     7
370
    25
100
AcDbLine
 10
1.0461599531
 20
-1.4009354595
 30
0.0
 11
1.0422229453
 21
-1.4019197115
 31
0.0
  0
LINE
  5
1A03
330
1F
100
AcDbEntity
  8
0
  6
Continuous
 62
     7
370
    25
100
AcDbLine
 10
1.050096961
 20
-1.4009354595
 30
0.0
 11
1.0461599531
 21
-1.4009354595
 31
0.0
  0
LINE
  5
1A04
330
1F
100
AcDbEntity
  8
0
  6
Continuous
 62
     7
370
    25
100
AcDbLine
 10
1.050096961
 20
-1.3891244359
 30
0.0
 11
1.050096961
 21
-1.4009354595
 31
0.0
  0
LINE
  5
1A05
330
1F
100
AcDbEntity
  8
0
  6
Continuous
 62
     7
370
    25
100
AcDbLine
 10
1.0451757012
 20
-1.3891244359
 30
0.0
 11
1.050096961
 21
-1.3891244359
 31
0.0
  0
LINE
  5
1A06
330
1F
100
AcDbEntity
  8
0
  6
Continuous
 62
     7
370
    25
100
AcDbLine
 10
1.0382859374
 20
-1.3910929398
 30
0.0
 11
1.0451757012
 21
-1.3891244359
 31
0.0
  0
LINE
  5
1A07
330
1F
100
AcDbEntity
  8
0
  6
Continuous
 62
     7
370
    25
100
AcDbLine
 10
1.0333646776
 20
-1.3940456957
 30
0.0
 11
1.0382859374
 21
-1.3910929398
 31
0.0
  0
LINE
  5
1A08
330
1F
100
AcDbEntity
  8
0
  6
Continuous
 62
     7
370
    25
100
AcDbLine
 10
1.0284434177
 20
-1.3989669556
 30
0.0
 11
1.0333646776
 21
-1.3940456957
 31
0.0
  0
LINE
  5
1A09
330
1F
100
AcDbEntity
  8
0
  6
Continuous
 62
     7
370
    25
100
AcDbLine
 10
0.1427165354
 20
-1.664715172
 30
0.0
 11
0.1377952756
 21
-1.6627466681
 31
0.0
  0
LINE
  5
1A0A
330
1F
100
AcDbEntity
  8
0
  6
Continuous
 62
     7
370
    25
100
AcDbLine
 10
0.1456692913
 20
-1.6676679279
 30
0.0
 11
0.1427165354
 21
-1.664715172
 31
0.0
  0
LINE
  5
1A0B
330
1F
100
AcDbEntity
  8
0
  6
Continuous
 62
     7
370
    25
100
AcDbLine
 10
0.1476377953
 20
-1.6725891877
 30
0.0
 11
0.1456692913
 21
-1.6676679279
 31
0.0
  0
LINE
  5
1A0C
330
1F
100
AcDbEntity
  8
0
  6
Continuous
 62
     7
370
    25
100
AcDbLine
 10
0.1476377953
 20
-1.6784946995
 30
0.0
 11
0.1476377953
 21
-1.6725891877
 31
0.0
  0
LINE
  5
1A0D
330
1F
100
AcDbEntity
  8
0
  6
Continuous
 62
     7
370
    25
100
AcDbLine
 10
0.1486220472
 20
-1.6863687153
 30
0.0
 11
0.1476377953
 21
-1.6784946995
 31
0.0
  0
LINE
  5
1A0E
330
1F
100
AcDbEntity
  8
0
  6
Continuous
 62
     7
370
    25
100
AcDbLine
 10
0.1505905512
 20
-1.6932584791
 30
0.0
 11
0.1486220472
 21
-1.6863687153
 31
0.0
  0
LINE
  5
1A0F
330
1F
100
AcDbEntity
  8
0
  6
Continuous
 62
     7
370
    25
100
AcDbLine
 10
0.1633858268
 20
-1.6932584791
 30
0.0
 11
0.1505905512
 21
-1.6932584791
 31
0.0
  0
LINE
  5
1A10
330
1F
100
AcDbEntity
  8
0
  6
Continuous
 62
     7
370
    25
100
AcDbLine
 10
0.1604330709
 20
-1.6853844633
 30
0.0
 11
0.1633858268
 21
-1.6932584791
 31
0.0
  0
LINE
  5
1A11
330
1F
100
AcDbEntity
  8
0
  6
Continuous
 62
     7
370
    25
100
AcDbLine
 10
0.1594488189
 20
-1.6784946995
 30
0.0
 11
0.1604330709
 21
-1.6853844633
 31
0.0
  0
LINE
  5
1A12
330
1F
100
AcDbEntity
  8
0
  6
Continuous
 62
     7
370
    25
100
AcDbLine
 10
0.1594488189
 20
-1.6725891877
 30
0.0
 11
0.1594488189
 21
-1.6784946995
 31
0.0
  0
LINE
  5
1A13
330
1F
100
AcDbEntity
  8
0
  6
Continuous
 62
     7
370
    25
100
AcDbLine
 10
0.1584645669
 20
-1.665699424
 30
0.0
 11
0.1594488189
 21
-1.6725891877
 31
0.0
  0
LINE
  5
1A14
330
1F
100
AcDbEntity
  8
0
  6
Continuous
 62
     7
370
    25
100
AcDbLine
 10
0.1545275591
 20
-1.6597939121
 30
0.0
 11
0.1584645669
 21
-1.665699424
 31
0.0
  0
LINE
  5
1A15
330
1F
100
AcDbEntity
  8
0
  6
Continuous
 62
     7
370
    25
100
AcDbLine
 10
0.1496062992
 20
-1.6568411562
 30
0.0
 11
0.1545275591
 21
-1.6597939121
 31
0.0
  0
LINE
  5
1A16
330
1F
100
AcDbEntity
  8
0
  6
Continuous
 62
     7
370
    25
100
AcDbLine
 10
0.1545275591
 20
-1.6538884003
 30
0.0
 11
0.1496062992
 21
-1.6568411562
 31
0.0
  0
LINE
  5
1A17
330
1F
100
AcDbEntity
  8
0
  6
Continuous
 62
     7
370
    25
100
AcDbLine
 10
0.1584645669
 20
-1.6479828885
 30
0.0
 11
0.1545275591
 21
-1.6538884003
 31
0.0
  0
LINE
  5
1A18
330
1F
100
AcDbEntity
  8
0
  6
Continuous
 62
     7
370
    25
100
AcDbLine
 10
0.1594488189
 20
-1.6410931247
 30
0.0
 11
0.1584645669
 21
-1.6479828885
 31
0.0
  0
LINE
  5
1A19
330
1F
100
AcDbEntity
  8
0
  6
Continuous
 62
     7
370
    25
100
AcDbLine
 10
0.1594488189
 20
-1.6351876129
 30
0.0
 11
0.1594488189
 21
-1.6410931247
 31
0.0
  0
LINE
  5
1A1A
330
1F
100
AcDbEntity
  8
0
  6
Continuous
 62
     7
370
    25
100
AcDbLine
 10
0.1584645669
 20
-1.6282978492
 30
0.0
 11
0.1594488189
 21
-1.6351876129
 31
0.0
  0
LINE
  5
1A1B
330
1F
100
AcDbEntity
  8
0
  6
Continuous
 62
     7
370
    25
100
AcDbLine
 10
0.1545275591
 20
-1.6223923373
 30
0.0
 11
0.1584645669
 21
-1.6282978492
 31
0.0
  0
LINE
  5
1A1C
330
1F
100
AcDbEntity
  8
0
  6
Continuous
 62
     7
370
    25
100
AcDbLine
 10
0.1505905512
 20
-1.6184553295
 30
0.0
 11
0.1545275591
 21
-1.6223923373
 31
0.0
  0
LINE
  5
1A1D
330
1F
100
AcDbEntity
  8
0
  6
Continuous
 62
     7
370
    25
100
AcDbLine
 10
0.1446850394
 20
-1.6155025736
 30
0.0
 11
0.1505905512
 21
-1.6184553295
 31
0.0
  0
LINE
  5
1A1E
330
1F
100
AcDbEntity
  8
0
  6
Continuous
 62
     7
370
    25
100
AcDbLine
 10
0.1368110236
 20
-1.6145183216
 30
0.0
 11
0.1446850394
 21
-1.6155025736
 31
0.0
  0
LINE
  5
1A1F
330
1F
100
AcDbEntity
  8
0
  6
Continuous
 62
     7
370
    25
100
AcDbLine
 10
0.1023622047
 20
-1.6145183216
 30
0.0
 11
0.1368110236
 21
-1.6145183216
 31
0.0
  0
LINE
  5
1A20
330
1F
100
AcDbEntity
  8
0
  6
Continuous
 62
     7
370
    25
100
AcDbLine
 10
0.1023622047
 20
-1.6932584791
 30
0.0
 11
0.1023622047
 21
-1.6145183216
 31
0.0
  0
LINE
  5
1A21
330
1F
100
AcDbEntity
  8
0
  6
Continuous
 62
     7
370
    25
100
AcDbLine
 10
0.1131889764
 20
-1.6932584791
 30
0.0
 11
0.1023622047
 21
-1.6932584791
 31
0.0
  0
LINE
  5
1A22
330
1F
100
AcDbEntity
  8
0
  6
Continuous
 62
     7
370
    25
100
AcDbLine
 10
0.1131889764
 20
-1.6617624161
 30
0.0
 11
0.1131889764
 21
-1.6932584791
 31
0.0
  0
LINE
  5
1A23
330
1F
100
AcDbEntity
  8
0
  6
Continuous
 62
     7
370
    25
100
AcDbLine
 10
0.1318897638
 20
-1.6617624161
 30
0.0
 11
0.1131889764
 21
-1.6617624161
 31
0.0
  0
LINE
  5
1A24
330
1F
100
AcDbEntity
  8
0
  6
Continuous
 62
     7
370
    25
100
AcDbLine
 10
0.1377952756
 20
-1.6627466681
 30
0.0
 11
0.1318897638
 21
-1.6617624161
 31
0.0
  0
LINE
  5
1A25
330
1F
100
AcDbEntity
  8
0
  6
Continuous
 62
     7
370
    25
100
AcDbLine
 10
1.0235221579
 20
-1.3182582941
 30
0.0
 11
1.0471442051
 21
-1.3094000264
 31
0.0
  0
LINE
  5
1A26
330
1F
100
AcDbEntity
  8
0
  6
Continuous
 62
     7
370
    25
100
AcDbLine
 10
1.0235221579
 20
-1.3290850658
 30
0.0
 11
1.0235221579
 21
-1.3182582941
 31
0.0
  0
LINE
  5
1A27
330
1F
100
AcDbEntity
  8
0
  6
Continuous
 62
     7
370
    25
100
AcDbLine
 10
1.1022623154
 20
-1.3005417587
 30
0.0
 11
1.0235221579
 21
-1.3290850658
 31
0.0
  0
LINE
  5
1A28
330
1F
100
AcDbEntity
  8
0
  6
Continuous
 62
     7
370
    25
100
AcDbLine
 10
1.1022623154
 20
-1.2887307351
 30
0.0
 11
1.1022623154
 21
-1.3005417587
 31
0.0
  0
LINE
  5
1A29
330
1F
100
AcDbEntity
  8
0
  6
Continuous
 62
     7
370
    25
100
AcDbLine
 10
1.0235221579
 20
-1.260187428
 30
0.0
 11
1.1022623154
 21
-1.2887307351
 31
0.0
  0
LINE
  5
1A2A
330
1F
100
AcDbEntity
  8
0
  6
Continuous
 62
     7
370
    25
100
AcDbLine
 10
1.0235221579
 20
-1.2710141997
 30
0.0
 11
1.0235221579
 21
-1.260187428
 31
0.0
  0
LINE
  5
1A2B
330
1F
100
AcDbEntity
  8
0
  6
Continuous
 62
     7
370
    25
100
AcDbLine
 10
1.0471442051
 20
-1.2798724674
 30
0.0
 11
1.0235221579
 21
-1.2710141997
 31
0.0
  0
LINE
  5
1A2C
330
1F
100
AcDbEntity
  8
0
  6
Continuous
 62
     7
370
    25
100
AcDbLine
 10
1.0471442051
 20
-1.3094000264
 30
0.0
 11
1.0471442051
 21
-1.2798724674
 31
0.0
  0
LINE
  5
1A2D
330
1F
100
AcDbEntity
  8
0
  6
Continuous
 62
     7
370
    25
100
AcDbLine
 10
0.5177165354
 20
-1.6932584791
 30
0.0
 11
0.5177165354
 21
-1.6145183216
 31
0.0
  0
LINE
  5
1A2E
330
1F
100
AcDbEntity
  8
0
  6
Continuous
 62
     7
370
    25
100
AcDbLine
 10
0.5748031496
 20
-1.6932584791
 30
0.0
 11
0.5177165354
 21
-1.6932584791
 31
0.0
  0
LINE
  5
1A2F
330
1F
100
AcDbEntity
  8
0
  6
Continuous
 62
     7
370
    25
100
AcDbLine
 10
0.5748031496
 20
-1.6834159594
 30
0.0
 11
0.5748031496
 21
-1.6932584791
 31
0.0
  0
LINE
  5
1A30
330
1F
100
AcDbEntity
  8
0
  6
Continuous
 62
     7
370
    25
100
AcDbLine
 10
0.5285433071
 20
-1.6834159594
 30
0.0
 11
0.5748031496
 21
-1.6834159594
 31
0.0
  0
LINE
  5
1A31
330
1F
100
AcDbEntity
  8
0
  6
Continuous
 62
     7
370
    25
100
AcDbLine
 10
0.5285433071
 20
-1.6578254082
 30
0.0
 11
0.5285433071
 21
-1.6834159594
 31
0.0
  0
LINE
  5
1A32
330
1F
100
AcDbEntity
  8
0
  6
Continuous
 62
     7
370
    25
100
AcDbLine
 10
0.5698818898
 20
-1.6578254082
 30
0.0
 11
0.5285433071
 21
-1.6578254082
 31
0.0
  0
LINE
  5
1A33
330
1F
100
AcDbEntity
  8
0
  6
Continuous
 62
     7
370
    25
100
AcDbLine
 10
0.5698818898
 20
-1.6479828885
 30
0.0
 11
0.5698818898
 21
-1.6578254082
 31
0.0
  0
LINE
  5
1A34
330
1F
100
AcDbEntity
  8
0
  6
Continuous
 62
     7
370
    25
100
AcDbLine
 10
0.5285433071
 20
-1.6479828885
 30
0.0
 11
0.5698818898
 21
-1.6479828885
 31
0.0
  0
LINE
  5
1A35
330
1F
100
AcDbEntity
  8
0
  6
Continuous
 62
     7
370
    25
100
AcDbLine
 10
0.5285433071
 20
-1.6243608413
 30
0.0
 11
0.5285433071
 21
-1.6479828885
 31
0.0
  0
LINE
  5
1A36
330
1F
100
AcDbEntity
  8
0
  6
Continuous
 62
     7
370
    25
100
AcDbLine
 10
0.5738188976
 20
-1.6243608413
 30
0.0
 11
0.5285433071
 21
-1.6243608413
 31
0.0
  0
LINE
  5
1A37
330
1F
100
AcDbEntity
  8
0
  6
Continuous
 62
     7
370
    25
100
AcDbLine
 10
0.5738188976
 20
-1.6145183216
 30
0.0
 11
0.5738188976
 21
-1.6243608413
 31
0.0
  0
LINE
  5
1A38
330
1F
100
AcDbEntity
  8
0
  6
Continuous
 62
     7
370
    25
100
AcDbLine
 10
0.5177165354
 20
-1.6145183216
 30
0.0
 11
0.5738188976
 21
-1.6145183216
 31
0.0
  0
LINE
  5
1A39
330
1F
100
AcDbEntity
  8
0
  6
Continuous
 62
     7
370
    25
100
AcDbLine
 10
0.4532480315
 20
0.0193399461
 30
0.0
 11
0.4119094488
 21
0.0193399461
 31
0.0
  0
LINE
  5
1A3A
330
1F
100
AcDbEntity
  8
0
  6
Continuous
 62
     7
370
    25
100
AcDbLine
 10
0.4532480315
 20
0.0291824658
 30
0.0
 11
0.4532480315
 21
0.0193399461
 31
0.0
  0
LINE
  5
1A3B
330
1F
100
AcDbEntity
  8
0
  6
Continuous
 62
     7
370
    25
100
AcDbLine
 10
0.4119094488
 20
0.0291824658
 30
0.0
 11
0.4532480315
 21
0.0291824658
 31
0.0
  0
LINE
  5
1A3C
330
1F
100
AcDbEntity
  8
0
  6
Continuous
 62
     7
370
    25
100
AcDbLine
 10
0.4119094488
 20
0.052804513
 30
0.0
 11
0.4119094488
 21
0.0291824658
 31
0.0
  0
LINE
  5
1A3D
330
1F
100
AcDbEntity
  8
0
  6
Continuous
 62
     7
370
    25
100
AcDbLine
 10
0.4571850394
 20
0.052804513
 30
0.0
 11
0.4119094488
 21
0.052804513
 31
0.0
  0
LINE
  5
1A3E
330
1F
100
AcDbEntity
  8
0
  6
Continuous
 62
     7
370
    25
100
AcDbLine
 10
0.4571850394
 20
0.0626470327
 30
0.0
 11
0.4571850394
 21
0.052804513
 31
0.0
  0
LINE
  5
1A3F
330
1F
100
AcDbEntity
  8
0
  6
Continuous
 62
     7
370
    25
100
AcDbLine
 10
0.4010826772
 20
0.0626470327
 30
0.0
 11
0.4571850394
 21
0.0626470327
 31
0.0
  0
LINE
  5
1A40
330
1F
100
AcDbEntity
  8
0
  6
Continuous
 62
     7
370
    25
100
AcDbLine
 10
0.4010826772
 20
-0.0160931247
 30
0.0
 11
0.4010826772
 21
0.0626470327
 31
0.0
  0
LINE
  5
1A41
330
1F
100
AcDbEntity
  8
0
  6
Continuous
 62
     7
370
    25
100
AcDbLine
 10
0.4581692913
 20
-0.0160931247
 30
0.0
 11
0.4010826772
 21
-0.0160931247
 31
0.0
  0
LINE
  5
1A42
330
1F
100
AcDbEntity
  8
0
  6
Continuous
 62
     7
370
    25
100
AcDbLine
 10
0.4581692913
 20
-0.0062506051
 30
0.0
 11
0.4581692913
 21
-0.0160931247
 31
0.0
  0
LINE
  5
1A43
330
1F
100
AcDbEntity
  8
0
  6
Continuous
 62
     7
370
    25
100
AcDbLine
 10
0.4119094488
 20
-0.0062506051
 30
0.0
 11
0.4581692913
 21
-0.0062506051
 31
0.0
  0
LINE
  5
1A44
330
1F
100
AcDbEntity
  8
0
  6
Continuous
 62
     7
370
    25
100
AcDbLine
 10
0.4119094488
 20
0.0193399461
 30
0.0
 11
0.4119094488
 21
-0.0062506051
 31
0.0
  0
LINE
  5
1A45
330
1F
100
AcDbEntity
  8
0
  6
Continuous
 62
     7
370
    25
100
AcDbLine
 10
0.2829724409
 20
-0.0160931247
 30
0.0
 11
0.2770669291
 21
-0.0160931247
 31
0.0
  0
LINE
  5
1A46
330
1F
100
AcDbEntity
  8
0
  6
Continuous
 62
     7
370
    25
100
AcDbLine
 10
0.2888779528
 20
-0.0151088728
 30
0.0
 11
0.2829724409
 21
-0.0160931247
 31
0.0
  0
LINE
  5
1A47
330
1F
100
AcDbEntity
  8
0
  6
Continuous
 62
     7
370
    25
100
AcDbLine
 10
0.2957677165
 20
-0.0131403688
 30
0.0
 11
0.2888779528
 21
-0.0151088728
 31
0.0
  0
LINE
  5
1A48
330
1F
100
AcDbEntity
  8
0
  6
Continuous
 62
     7
370
    25
100
AcDbLine
 10
0.2997047244
 20
-0.0111718649
 30
0.0
 11
0.2957677165
 21
-0.0131403688
 31
0.0
  0
LINE
  5
1A49
330
1F
100
AcDbEntity
  8
0
  6
Continuous
 62
     7
370
    25
100
AcDbLine
 10
0.3056102362
 20
-0.0062506051
 30
0.0
 11
0.2997047244
 21
-0.0111718649
 31
0.0
  0
LINE
  5
1A4A
330
1F
100
AcDbEntity
  8
0
  6
Continuous
 62
     7
370
    25
100
AcDbLine
 10
0.3095472441
 20
-0.0013293452
 30
0.0
 11
0.3056102362
 21
-0.0062506051
 31
0.0
  0
LINE
  5
1A4B
330
1F
100
AcDbEntity
  8
0
  6
Continuous
 62
     7
370
    25
100
AcDbLine
 10
0.313484252
 20
0.0045761666
 30
0.0
 11
0.3095472441
 21
-0.0013293452
 31
0.0
  0
LINE
  5
1A4C
330
1F
100
AcDbEntity
  8
0
  6
Continuous
 62
     7
370
    25
100
AcDbLine
 10
0.3164370079
 20
0.0134344343
 30
0.0
 11
0.313484252
 21
0.0045761666
 31
0.0
  0
LINE
  5
1A4D
330
1F
100
AcDbEntity
  8
0
  6
Continuous
 62
     7
370
    25
100
AcDbLine
 10
0.3174212598
 20
0.0203241981
 30
0.0
 11
0.3164370079
 21
0.0134344343
 31
0.0
  0
LINE
  5
1A4E
330
1F
100
AcDbEntity
  8
0
  6
Continuous
 62
     7
370
    25
100
AcDbLine
 10
0.3174212598
 20
0.0262297099
 30
0.0
 11
0.3174212598
 21
0.0203241981
 31
0.0
  0
LINE
  5
1A4F
330
1F
100
AcDbEntity
  8
0
  6
Continuous
 62
     7
370
    25
100
AcDbLine
 10
0.3164370079
 20
0.0331194737
 30
0.0
 11
0.3174212598
 21
0.0262297099
 31
0.0
  0
LINE
  5
1A50
330
1F
100
AcDbEntity
  8
0
  6
Continuous
 62
     7
370
    25
100
AcDbLine
 10
0.313484252
 20
0.0419777414
 30
0.0
 11
0.3164370079
 21
0.0331194737
 31
0.0
  0
LINE
  5
1A51
330
1F
100
AcDbEntity
  8
0
  6
Continuous
 62
     7
370
    25
100
AcDbLine
 10
0.3095472441
 20
0.0488675052
 30
0.0
 11
0.313484252
 21
0.0419777414
 31
0.0
  0
LINE
  5
1A52
330
1F
100
AcDbEntity
  8
0
  6
Continuous
 62
     7
370
    25
100
AcDbLine
 10
0.3056102362
 20
0.053788765
 30
0.0
 11
0.3095472441
 21
0.0488675052
 31
0.0
  0
LINE
  5
1A53
330
1F
100
AcDbEntity
  8
0
  6
Continuous
 62
     7
370
    25
100
AcDbLine
 10
0.3006889764
 20
0.0577257729
 30
0.0
 11
0.3056102362
 21
0.053788765
 31
0.0
  0
LINE
  5
1A54
330
1F
100
AcDbEntity
  8
0
  6
Continuous
 62
     7
370
    25
100
AcDbLine
 10
0.2957677165
 20
0.0596942768
 30
0.0
 11
0.3006889764
 21
0.0577257729
 31
0.0
  0
LINE
  5
1A55
330
1F
100
AcDbEntity
  8
0
  6
Continuous
 62
     7
370
    25
100
AcDbLine
 10
0.2888779528
 20
0.0616627808
 30
0.0
 11
0.2957677165
 21
0.0596942768
 31
0.0
  0
LINE
  5
1A56
330
1F
100
AcDbEntity
  8
0
  6
Continuous
 62
     7
370
    25
100
AcDbLine
 10
0.2829724409
 20
0.0626470327
 30
0.0
 11
0.2888779528
 21
0.0616627808
 31
0.0
  0
LINE
  5
1A57
330
1F
100
AcDbEntity
  8
0
  6
Continuous
 62
     7
370
    25
100
AcDbLine
 10
0.2770669291
 20
0.0626470327
 30
0.0
 11
0.2829724409
 21
0.0626470327
 31
0.0
  0
LINE
  5
1A58
330
1F
100
AcDbEntity
  8
0
  6
Continuous
 62
     7
370
    25
100
AcDbLine
 10
0.2711614173
 20
0.0616627808
 30
0.0
 11
0.2770669291
 21
0.0626470327
 31
0.0
  0
LINE
  5
1A59
330
1F
100
AcDbEntity
  8
0
  6
Continuous
 62
     7
370
    25
100
AcDbLine
 10
0.2642716535
 20
0.0596942768
 30
0.0
 11
0.2711614173
 21
0.0616627808
 31
0.0
  0
LINE
  5
1A5A
330
1F
100
AcDbEntity
  8
0
  6
Continuous
 62
     7
370
    25
100
AcDbLine
 10
0.2603346457
 20
0.0577257729
 30
0.0
 11
0.2642716535
 21
0.0596942768
 31
0.0
  0
LINE
  5
1A5B
330
1F
100
AcDbEntity
  8
0
  6
Continuous
 62
     7
370
    25
100
AcDbLine
 10
0.2544291339
 20
0.052804513
 30
0.0
 11
0.2603346457
 21
0.0577257729
 31
0.0
  0
LINE
  5
1A5C
330
1F
100
AcDbEntity
  8
0
  6
Continuous
 62
     7
370
    25
100
AcDbLine
 10
0.250492126
 20
0.0478832532
 30
0.0
 11
0.2544291339
 21
0.052804513
 31
0.0
  0
LINE
  5
1A5D
330
1F
100
AcDbEntity
  8
0
  6
Continuous
 62
     7
370
    25
100
AcDbLine
 10
0.2465551181
 20
0.0419777414
 30
0.0
 11
0.250492126
 21
0.0478832532
 31
0.0
  0
LINE
  5
1A5E
330
1F
100
AcDbEntity
  8
0
  6
Continuous
 62
     7
370
    25
100
AcDbLine
 10
0.2436023622
 20
0.0331194737
 30
0.0
 11
0.2465551181
 21
0.0419777414
 31
0.0
  0
LINE
  5
1A5F
330
1F
100
AcDbEntity
  8
0
  6
Continuous
 62
     7
370
    25
100
AcDbLine
 10
0.2426181102
 20
0.0262297099
 30
0.0
 11
0.2436023622
 21
0.0331194737
 31
0.0
  0
LINE
  5
1A60
330
1F
100
AcDbEntity
  8
0
  6
Continuous
 62
     7
370
    25
100
AcDbLine
 10
0.2426181102
 20
0.0203241981
 30
0.0
 11
0.2426181102
 21
0.0262297099
 31
0.0
  0
LINE
  5
1A61
330
1F
100
AcDbEntity
  8
0
  6
Continuous
 62
     7
370
    25
100
AcDbLine
 10
0.2436023622
 20
0.0134344343
 30
0.0
 11
0.2426181102
 21
0.0203241981
 31
0.0
  0
LINE
  5
1A62
330
1F
100
AcDbEntity
  8
0
  6
Continuous
 62
     7
370
    25
100
AcDbLine
 10
0.2465551181
 20
0.0045761666
 30
0.0
 11
0.2436023622
 21
0.0134344343
 31
0.0
  0
LINE
  5
1A63
330
1F
100
AcDbEntity
  8
0
  6
Continuous
 62
     7
370
    25
100
AcDbLine
 10
0.250492126
 20
-0.0013293452
 30
0.0
 11
0.2465551181
 21
0.0045761666
 31
0.0
  0
LINE
  5
1A64
330
1F
100
AcDbEntity
  8
0
  6
Continuous
 62
     7
370
    25
100
AcDbLine
 10
0.2544291339
 20
-0.0062506051
 30
0.0
 11
0.250492126
 21
-0.0013293452
 31
0.0
  0
LINE
  5
1A65
330
1F
100
AcDbEntity
  8
0
  6
Continuous
 62
     7
370
    25
100
AcDbLine
 10
0.2603346457
 20
-0.0111718649
 30
0.0
 11
0.2544291339
 21
-0.0062506051
 31
0.0
  0
LINE
  5
1A66
330
1F
100
AcDbEntity
  8
0
  6
Continuous
 62
     7
370
    25
100
AcDbLine
 10
0.2642716535
 20
-0.0131403688
 30
0.0
 11
0.2603346457
 21
-0.0111718649
 31
0.0
  0
LINE
  5
1A67
330
1F
100
AcDbEntity
  8
0
  6
Continuous
 62
     7
370
    25
100
AcDbLine
 10
0.2711614173
 20
-0.0151088728
 30
0.0
 11
0.2642716535
 21
-0.0131403688
 31
0.0
  0
LINE
  5
1A68
330
1F
100
AcDbEntity
  8
0
  6
Continuous
 62
     7
370
    25
100
AcDbLine
 10
0.2770669291
 20
-0.0160931247
 30
0.0
 11
0.2711614173
 21
-0.0151088728
 31
0.0
  0
LINE
  5
1A69
330
1F
100
AcDbEntity
  8
0
  6
Continuous
 62
     7
370
    25
100
AcDbLine
 10
1.0333646776
 20
-1.1155023886
 30
0.0
 11
1.0333646776
 21
-1.1568409713
 31
0.0
  0
LINE
  5
1A6A
330
1F
100
AcDbEntity
  8
0
  6
Continuous
 62
     7
370
    25
100
AcDbLine
 10
1.1022623154
 20
-1.1155023886
 30
0.0
 11
1.0333646776
 21
-1.1155023886
 31
0.0
  0
LINE
  5
1A6B
330
1F
100
AcDbEntity
  8
0
  6
Continuous
 62
     7
370
    25
100
AcDbLine
 10
1.1022623154
 20
-1.104675617
 30
0.0
 11
1.1022623154
 21
-1.1155023886
 31
0.0
  0
LINE
  5
1A6C
330
1F
100
AcDbEntity
  8
0
  6
Continuous
 62
     7
370
    25
100
AcDbLine
 10
1.0235221579
 20
-1.104675617
 30
0.0
 11
1.1022623154
 21
-1.104675617
 31
0.0
  0
LINE
  5
1A6D
330
1F
100
AcDbEntity
  8
0
  6
Continuous
 62
     7
370
    25
100
AcDbLine
 10
1.0235221579
 20
-1.1568409713
 30
0.0
 11
1.0235221579
 21
-1.104675617
 31
0.0
  0
LINE
  5
1A6E
330
1F
100
AcDbEntity
  8
0
  6
Continuous
 62
     7
370
    25
100
AcDbLine
 10
1.0333646776
 20
-1.1568409713
 30
0.0
 11
1.0235221579
 21
-1.1568409713
 31
0.0
  0
LINE
  5
1A6F
330
1F
100
AcDbEntity
  8
0
  6
Continuous
 62
     7
370
    25
100
AcDbLine
 10
0.3523622047
 20
-1.6784946995
 30
0.0
 11
0.3484251969
 21
-1.6725891877
 31
0.0
  0
LINE
  5
1A70
330
1F
100
AcDbEntity
  8
0
  6
Continuous
 62
     7
370
    25
100
AcDbLine
 10
0.3562992126
 20
-1.6834159594
 30
0.0
 11
0.3523622047
 21
-1.6784946995
 31
0.0
  0
LINE
  5
1A71
330
1F
100
AcDbEntity
  8
0
  6
Continuous
 62
     7
370
    25
100
AcDbLine
 10
0.3622047244
 20
-1.6883372192
 30
0.0
 11
0.3562992126
 21
-1.6834159594
 31
0.0
  0
LINE
  5
1A72
330
1F
100
AcDbEntity
  8
0
  6
Continuous
 62
     7
370
    25
100
AcDbLine
 10
0.3661417323
 20
-1.6903057232
 30
0.0
 11
0.3622047244
 21
-1.6883372192
 31
0.0
  0
LINE
  5
1A73
330
1F
100
AcDbEntity
  8
0
  6
Continuous
 62
     7
370
    25
100
AcDbLine
 10
0.3730314961
 20
-1.6922742271
 30
0.0
 11
0.3661417323
 21
-1.6903057232
 31
0.0
  0
LINE
  5
1A74
330
1F
100
AcDbEntity
  8
0
  6
Continuous
 62
     7
370
    25
100
AcDbLine
 10
0.3789370079
 20
-1.6932584791
 30
0.0
 11
0.3730314961
 21
-1.6922742271
 31
0.0
  0
LINE
  5
1A75
330
1F
100
AcDbEntity
  8
0
  6
Continuous
 62
     7
370
    25
100
AcDbLine
 10
0.3848425197
 20
-1.6932584791
 30
0.0
 11
0.3789370079
 21
-1.6932584791
 31
0.0
  0
LINE
  5
1A76
330
1F
100
AcDbEntity
  8
0
  6
Continuous
 62
     7
370
    25
100
AcDbLine
 10
0.3907480315
 20
-1.6922742271
 30
0.0
 11
0.3848425197
 21
-1.6932584791
 31
0.0
  0
LINE
  5
1A77
330
1F
100
AcDbEntity
  8
0
  6
Continuous
 62
     7
370
    25
100
AcDbLine
 10
0.3976377953
 20
-1.6903057232
 30
0.0
 11
0.3907480315
 21
-1.6922742271
 31
0.0
  0
LINE
  5
1A78
330
1F
100
AcDbEntity
  8
0
  6
Continuous
 62
     7
370
    25
100
AcDbLine
 10
0.4015748031
 20
-1.6883372192
 30
0.0
 11
0.3976377953
 21
-1.6903057232
 31
0.0
  0
LINE
  5
1A79
330
1F
100
AcDbEntity
  8
0
  6
Continuous
 62
     7
370
    25
100
AcDbLine
 10
0.407480315
 20
-1.6834159594
 30
0.0
 11
0.4015748031
 21
-1.6883372192
 31
0.0
  0
LINE
  5
1A7A
330
1F
100
AcDbEntity
  8
0
  6
Continuous
 62
     7
370
    25
100
AcDbLine
 10
0.4114173228
 20
-1.6784946995
 30
0.0
 11
0.407480315
 21
-1.6834159594
 31
0.0
  0
LINE
  5
1A7B
330
1F
100
AcDbEntity
  8
0
  6
Continuous
 62
     7
370
    25
100
AcDbLine
 10
0.4153543307
 20
-1.6725891877
 30
0.0
 11
0.4114173228
 21
-1.6784946995
 31
0.0
  0
LINE
  5
1A7C
330
1F
100
AcDbEntity
  8
0
  6
Continuous
 62
     7
370
    25
100
AcDbLine
 10
0.4183070866
 20
-1.66373092
 30
0.0
 11
0.4153543307
 21
-1.6725891877
 31
0.0
  0
LINE
  5
1A7D
330
1F
100
AcDbEntity
  8
0
  6
Continuous
 62
     7
370
    25
100
AcDbLine
 10
0.4192913386
 20
-1.6568411562
 30
0.0
 11
0.4183070866
 21
-1.66373092
 31
0.0
  0
LINE
  5
1A7E
330
1F
100
AcDbEntity
  8
0
  6
Continuous
 62
     7
370
    25
100
AcDbLine
 10
0.4192913386
 20
-1.6509356444
 30
0.0
 11
0.4192913386
 21
-1.6568411562
 31
0.0
  0
LINE
  5
1A7F
330
1F
100
AcDbEntity
  8
0
  6
Continuous
 62
     7
370
    25
100
AcDbLine
 10
0.4183070866
 20
-1.6440458807
 30
0.0
 11
0.4192913386
 21
-1.6509356444
 31
0.0
  0
LINE
  5
1A80
330
1F
100
AcDbEntity
  8
0
  6
Continuous
 62
     7
370
    25
100
AcDbLine
 10
0.4153543307
 20
-1.6351876129
 30
0.0
 11
0.4183070866
 21
-1.6440458807
 31
0.0
  0
LINE
  5
1A81
330
1F
100
AcDbEntity
  8
0
  6
Continuous
 62
     7
370
    25
100
AcDbLine
 10
0.4114173228
 20
-1.6282978492
 30
0.0
 11
0.4153543307
 21
-1.6351876129
 31
0.0
  0
LINE
  5
1A82
330
1F
100
AcDbEntity
  8
0
  6
Continuous
 62
     7
370
    25
100
AcDbLine
 10
0.407480315
 20
-1.6233765893
 30
0.0
 11
0.4114173228
 21
-1.6282978492
 31
0.0
  0
LINE
  5
1A83
330
1F
100
AcDbEntity
  8
0
  6
Continuous
 62
     7
370
    25
100
AcDbLine
 10
0.4025590551
 20
-1.6194395814
 30
0.0
 11
0.407480315
 21
-1.6233765893
 31
0.0
  0
LINE
  5
1A84
330
1F
100
AcDbEntity
  8
0
  6
Continuous
 62
     7
370
    25
100
AcDbLine
 10
0.3976377953
 20
-1.6174710775
 30
0.0
 11
0.4025590551
 21
-1.6194395814
 31
0.0
  0
LINE
  5
1A85
330
1F
100
AcDbEntity
  8
0
  6
Continuous
 62
     7
370
    25
100
AcDbLine
 10
0.3907480315
 20
-1.6155025736
 30
0.0
 11
0.3976377953
 21
-1.6174710775
 31
0.0
  0
LINE
  5
1A86
330
1F
100
AcDbEntity
  8
0
  6
Continuous
 62
     7
370
    25
100
AcDbLine
 10
0.3848425197
 20
-1.6145183216
 30
0.0
 11
0.3907480315
 21
-1.6155025736
 31
0.0
  0
LINE
  5
1A87
330
1F
100
AcDbEntity
  8
0
  6
Continuous
 62
     7
370
    25
100
AcDbLine
 10
0.3789370079
 20
-1.6145183216
 30
0.0
 11
0.3848425197
 21
-1.6145183216
 31
0.0
  0
LINE
  5
1A88
330
1F
100
AcDbEntity
  8
0
  6
Continuous
 62
     7
370
    25
100
AcDbLine
 10
0.3730314961
 20
-1.6155025736
 30
0.0
 11
0.3789370079
 21
-1.6145183216
 31
0.0
  0
LINE
  5
1A89
330
1F
100
AcDbEntity
  8
0
  6
Continuous
 62
     7
370
    25
100
AcDbLine
 10
0.3661417323
 20
-1.6174710775
 30
0.0
 11
0.3730314961
 21
-1.6155025736
 31
0.0
  0
LINE
  5
1A8A
330
1F
100
AcDbEntity
  8
0
  6
Continuous
 62
     7
370
    25
100
AcDbLine
 10
0.3622047244
 20
-1.6194395814
 30
0.0
 11
0.3661417323
 21
-1.6174710775
 31
0.0
  0
LINE
  5
1A8B
330
1F
100
AcDbEntity
  8
0
  6
Continuous
 62
     7
370
    25
100
AcDbLine
 10
0.3562992126
 20
-1.6243608413
 30
0.0
 11
0.3622047244
 21
-1.6194395814
 31
0.0
  0
LINE
  5
1A8C
330
1F
100
AcDbEntity
  8
0
  6
Continuous
 62
     7
370
    25
100
AcDbLine
 10
0.3523622047
 20
-1.6292821011
 30
0.0
 11
0.3562992126
 21
-1.6243608413
 31
0.0
  0
LINE
  5
1A8D
330
1F
100
AcDbEntity
  8
0
  6
Continuous
 62
     7
370
    25
100
AcDbLine
 10
0.3484251969
 20
-1.6351876129
 30
0.0
 11
0.3523622047
 21
-1.6292821011
 31
0.0
  0
LINE
  5
1A8E
330
1F
100
AcDbEntity
  8
0
  6
Continuous
 62
     7
370
    25
100
AcDbLine
 10
0.3454724409
 20
-1.6440458807
 30
0.0
 11
0.3484251969
 21
-1.6351876129
 31
0.0
  0
LINE
  5
1A8F
330
1F
100
AcDbEntity
  8
0
  6
Continuous
 62
     7
370
    25
100
AcDbLine
 10
0.344488189
 20
-1.6509356444
 30
0.0
 11
0.3454724409
 21
-1.6440458807
 31
0.0
  0
LINE
  5
1A90
330
1F
100
AcDbEntity
  8
0
  6
Continuous
 62
     7
370
    25
100
AcDbLine
 10
0.344488189
 20
-1.6568411562
 30
0.0
 11
0.344488189
 21
-1.6509356444
 31
0.0
  0
LINE
  5
1A91
330
1F
100
AcDbEntity
  8
0
  6
Continuous
 62
     7
370
    25
100
AcDbLine
 10
0.3454724409
 20
-1.66373092
 30
0.0
 11
0.344488189
 21
-1.6568411562
 31
0.0
  0
LINE
  5
1A92
330
1F
100
AcDbEntity
  8
0
  6
Continuous
 62
     7
370
    25
100
AcDbLine
 10
0.3484251969
 20
-1.6725891877
 30
0.0
 11
0.3454724409
 21
-1.66373092
 31
0.0
  0
LINE
  5
1A93
330
1F
100
AcDbEntity
  8
0
  6
Continuous
 62
     7
370
    25
100
AcDbLine
 10
1.1751968504
 20
-0.9727860381
 30
0.0
 11
1.2192761906
 21
-1.0397696817
 31
0.0
  0
LINE
  5
1A94
330
1F
100
AcDbEntity
  8
0
  6
Continuous
 62
     7
370
    25
100
AcDbLine
 10
1.1751968504
 20
-0.9727860381
 30
0.0
 11
1.1751968504
 21
-0.6578254082
 31
0.0
  0
LINE
  5
1A95
330
1F
100
AcDbEntity
  8
0
  6
Continuous
 62
     7
370
    25
100
AcDbLine
 10
1.1751968504
 20
-0.6578254082
 30
0.0
 11
1.2192761906
 21
-0.5908417647
 31
0.0
  0
LINE
  5
1A96
330
1F
100
AcDbEntity
  8
0
  6
Continuous
 62
     7
370
    25
100
AcDbLine
 10
1.1751968504
 20
-0.6578254082
 30
0.0
 11
0.9492313477
 21
-0.6578254082
 31
0.0
  0
LINE
  5
1A97
330
1F
100
AcDbEntity
  8
0
  6
Continuous
 62
     7
370
    25
100
AcDbLine
 10
0.9492313477
 20
-0.9727860381
 30
0.0
 11
1.1751968504
 21
-0.9727860381
 31
0.0
  0
LINE
  5
1A98
330
1F
100
AcDbEntity
  8
0
  6
Continuous
 62
     7
370
    25
100
AcDbLine
 10
-0.4980314961
 20
-0.6578254082
 30
0.0
 11
-0.5421108363
 21
-0.5908417647
 31
0.0
  0
LINE
  5
1A99
330
1F
100
AcDbEntity
  8
0
  6
Continuous
 62
     7
370
    25
100
AcDbLine
 10
-0.4980314961
 20
-0.6578254082
 30
0.0
 11
-0.4980314961
 21
-0.9727860381
 31
0.0
  0
LINE
  5
1A9A
330
1F
100
AcDbEntity
  8
0
  6
Continuous
 62
     7
370
    25
100
AcDbLine
 10
-0.4980314961
 20
-0.9727860381
 30
0.0
 11
-0.5421108363
 21
-1.0397696817
 31
0.0
  0
LINE
  5
1A9B
330
1F
100
AcDbEntity
  8
0
  6
Continuous
 62
     7
370
    25
100
AcDbLine
 10
-0.2720659933
 20
-0.6578254082
 30
0.0
 11
-0.4980314961
 21
-0.6578254082
 31
0.0
  0
LINE
  5
1A9C
330
1F
100
AcDbEntity
  8
0
  6
Continuous
 62
     7
370
    25
100
AcDbLine
 10
-0.4980314961
 20
-0.9727860381
 30
0.0
 11
-0.2720659933
 21
-0.9727860381
 31
0.0
  0
LINE
  5
1A9D
330
1F
100
AcDbEntity
  8
0
  6
Continuous
 62
     7
370
    25
100
AcDbLine
 10
-0.1692913386
 20
-1.8389277704
 30
0.0
 11
-0.1692913386
 21
-1.8074317074
 31
0.0
  0
LINE
  5
1A9E
330
1F
100
AcDbEntity
  8
0
  6
Continuous
 62
     7
370
    25
100
AcDbLine
 10
-0.1692913386
 20
-1.8074317074
 30
0.0
 11
0.1338582677
 21
-1.8074317074
 31
0.0
  0
LINE
  5
1A9F
330
1F
100
AcDbEntity
  8
0
  6
Continuous
 62
     7
370
    25
100
AcDbLine
 10
0.5433070866
 20
-1.8074317074
 30
0.0
 11
0.8464566929
 21
-1.8074317074
 31
0.0
  0
LINE
  5
1AA0
330
1F
100
AcDbEntity
  8
0
  6
Continuous
 62
     7
370
    25
100
AcDbLine
 10
0.8464566929
 20
-1.8074317074
 30
0.0
 11
0.8464566929
 21
-1.8389277704
 31
0.0
  0
LINE
  5
1AA1
330
1F
100
AcDbEntity
  8
0
  6
Continuous
 62
     7
370
    25
100
AcDbLine
 10
0.8464566929
 20
-1.8389277704
 30
0.0
 11
0.5748031496
 21
-1.8782838941
 31
0.0
  0
LINE
  5
1AA2
330
1F
100
AcDbEntity
  8
0
  6
Continuous
 62
     7
370
    25
100
AcDbLine
 10
-0.142212676
 20
-1.8428508232
 30
0.0
 11
0.8193780303
 21
-1.8428508232
 31
0.0
  0
LINE
  5
1AA3
330
1F
100
AcDbEntity
  8
0
  6
Continuous
 62
     7
370
    25
100
AcDbLine
 10
0.1023622047
 20
-1.8782838941
 30
0.0
 11
-0.1692913386
 21
-1.8389277704
 31
0.0
  0
LINE
  5
1AA4
330
1F
100
AcDbEntity
  8
0
  6
Continuous
 62
     7
370
    25
100
AcDbLine
 10
-0.5728346457
 20
-0.0475891877
 30
0.0
 11
-0.5728346457
 21
-0.2719986366
 31
0.0
  0
LINE
  5
1AA5
330
1F
100
AcDbEntity
  8
0
  6
Continuous
 62
     7
370
    25
100
AcDbLine
 10
-0.5728346457
 20
-0.508219109
 30
0.0
 11
-0.5728346457
 21
-1.5830222586
 31
0.0
  0
LINE
  5
1AA6
330
1F
100
AcDbEntity
  8
0
  6
Continuous
 62
     7
370
    25
100
AcDbLine
 10
1.25
 20
-0.2719986366
 30
0.0
 11
1.25
 21
-0.0475891877
 31
0.0
  0
LINE
  5
1AA7
330
1F
100
AcDbEntity
  8
0
  6
Continuous
 62
     7
370
    25
100
AcDbLine
 10
1.25
 20
-1.5830222586
 30
0.0
 11
1.25
 21
-0.508219109
 31
0.0
  0
LINE
  5
1AA8
330
1F
100
AcDbEntity
  8
0
  6
Continuous
 62
     7
370
    25
100
AcDbLine
 10
-0.4061772516
 20
-1.6351718375
 30
0.0
 11
-0.4007638658
 21
-1.6351718375
 31
0.0
  0
LINE
  5
1AA9
330
1F
100
AcDbEntity
  8
0
  6
Continuous
 62
     7
370
    25
100
AcDbLine
 10
-0.4106063854
 20
-1.6233608138
 30
0.0
 11
-0.4061772516
 21
-1.6351718375
 31
0.0
  0
LINE
  5
1AAA
330
1F
100
AcDbEntity
  8
0
  6
Continuous
 62
     7
370
    25
100
AcDbLine
 10
-0.425370165
 20
-1.6233608138
 30
0.0
 11
-0.4106063854
 21
-1.6233608138
 31
0.0
  0
LINE
  5
1AAB
330
1F
100
AcDbEntity
  8
0
  6
Continuous
 62
     7
370
    25
100
AcDbLine
 10
-0.4297992988
 20
-1.6351718375
 30
0.0
 11
-0.425370165
 21
-1.6233608138
 31
0.0
  0
LINE
  5
1AAC
330
1F
100
AcDbEntity
  8
0
  6
Continuous
 62
     7
370
    25
100
AcDbLine
 10
-0.4352126846
 20
-1.6351718375
 30
0.0
 11
-0.4297992988
 21
-1.6351718375
 31
0.0
  0
LINE
  5
1AAD
330
1F
100
AcDbEntity
  8
0
  6
Continuous
 62
     7
370
    25
100
AcDbLine
 10
-0.4209410311
 20
-1.5958017587
 30
0.0
 11
-0.4352126846
 21
-1.6351718375
 31
0.0
  0
LINE
  5
1AAE
330
1F
100
AcDbEntity
  8
0
  6
Continuous
 62
     7
370
    25
100
AcDbLine
 10
-0.4150355193
 20
-1.5958017587
 30
0.0
 11
-0.4209410311
 21
-1.5958017587
 31
0.0
  0
LINE
  5
1AAF
330
1F
100
AcDbEntity
  8
0
  6
Continuous
 62
     7
370
    25
100
AcDbLine
 10
-0.4007638658
 20
-1.6351718375
 30
0.0
 11
-0.4150355193
 21
-1.5958017587
 31
0.0
  0
LINE
  5
1AB0
330
1F
100
AcDbEntity
  8
0
  6
Continuous
 62
     7
370
    25
100
AcDbLine
 10
-0.4179882752
 20
-1.6026915225
 30
0.0
 11
-0.4115906374
 21
-1.618439554
 31
0.0
  0
LINE
  5
1AB1
330
1F
100
AcDbEntity
  8
0
  6
Continuous
 62
     7
370
    25
100
AcDbLine
 10
-0.423893787
 20
-1.618439554
 30
0.0
 11
-0.4179882752
 21
-1.6026915225
 31
0.0
  0
LINE
  5
1AB2
330
1F
100
AcDbEntity
  8
0
  6
Continuous
 62
     7
370
    25
100
AcDbLine
 10
-0.4115906374
 20
-1.618439554
 30
0.0
 11
-0.423893787
 21
-1.618439554
 31
0.0
  0
LINE
  5
1AB3
330
1F
100
AcDbEntity
  8
0
  6
Continuous
 62
     7
370
    25
100
AcDbLine
 10
-0.0905511811
 20
0.2063478201
 30
0.0
 11
0.7677165354
 21
0.2063478201
 31
0.0
  0
LINE
  5
1AB4
330
1F
100
AcDbEntity
  8
0
  6
Continuous
 62
     7
370
    25
100
AcDbLine
 10
0.7677165354
 20
0.2063478201
 30
0.0
 11
0.7677165354
 21
0.1768202611
 31
0.0
  0
LINE
  5
1AB5
330
1F
100
AcDbEntity
  8
0
  6
Continuous
 62
     7
370
    25
100
AcDbLine
 10
0.7677165354
 20
0.1768202611
 30
0.0
 11
0.5433070866
 21
0.1768202611
 31
0.0
  0
LINE
  5
1AB6
330
1F
100
AcDbEntity
  8
0
  6
Continuous
 62
     7
370
    25
100
AcDbLine
 10
0.1338582677
 20
0.1768202611
 30
0.0
 11
-0.0905511811
 21
0.1768202611
 31
0.0
  0
LINE
  5
1AB7
330
1F
100
AcDbEntity
  8
0
  6
Continuous
 62
     7
370
    25
100
AcDbLine
 10
-0.0905511811
 20
0.1768202611
 30
0.0
 11
-0.0905511811
 21
0.2063478201
 31
0.0
  0
LINE
  5
1AB8
330
1F
100
AcDbEntity
  8
0
  6
Continuous
 62
     7
370
    25
100
AcDbLine
 10
1.1830708661
 20
-0.4019198964
 30
0.0
 11
1.1830708661
 21
-0.4216049358
 31
0.0
  0
LINE
  5
1AB9
330
1F
100
AcDbEntity
  8
0
  6
Continuous
 62
     7
370
    25
100
AcDbLine
 10
1.1830708661
 20
-0.3586128098
 30
0.0
 11
1.1830708661
 21
-0.3782978492
 31
0.0
  0
LINE
  5
1ABA
330
1F
100
AcDbEntity
  8
0
  6
Continuous
 62
     7
370
    25
100
AcDbLine
 10
-0.5059055118
 20
-0.4019198964
 30
0.0
 11
-0.5059055118
 21
-0.4216049358
 31
0.0
  0
LINE
  5
1ABB
330
1F
100
AcDbEntity
  8
0
  6
Continuous
 62
     7
370
    25
100
AcDbLine
 10
-0.5059055118
 20
-0.3586128098
 30
0.0
 11
-0.5059055118
 21
-0.3782978492
 31
0.0
  0
LINE
  5
1ABC
330
1F
100
AcDbEntity
  8
0
  6
Continuous
 62
     7
370
    25
100
AcDbLine
 10
0.5748031496
 20
-1.8782838941
 30
0.0
 11
0.1023622047
 21
-1.8782838941
 31
0.0
  0
LINE
  5
1ABD
330
1F
100
AcDbEntity
  8
0
  6
Continuous
 62
     7
370
    25
100
AcDbLine
 10
1.2011811024
 20
0.0728832532
 30
0.0
 11
1.2011811024
 21
0.049261206
 31
0.0
  0
LINE
  5
1ABE
330
1F
100
AcDbEntity
  8
0
  6
Continuous
 62
     7
370
    25
100
AcDbLine
 10
1.1539370079
 20
0.0965053005
 30
0.0
 11
1.1775590551
 21
0.0965053005
 31
0.0
  0
LINE
  5
1ABF
330
1F
100
AcDbEntity
  8
0
  6
Continuous
 62
     7
370
    25
100
AcDbLine
 10
1.1539370079
 20
0.0728832532
 30
0.0
 11
1.1539370079
 21
0.0965053005
 31
0.0
  0
LINE
  5
1AC0
330
1F
100
AcDbEntity
  8
0
  6
Continuous
 62
     7
370
    25
100
AcDbLine
 10
1.094488189
 20
0.0886312847
 30
0.0
 11
1.1539370079
 21
0.0886312847
 31
0.0
  0
LINE
  5
1AC1
330
1F
100
AcDbEntity
  8
0
  6
Continuous
 62
     7
370
    25
100
AcDbLine
 10
1.094488189
 20
0.0728832532
 30
0.0
 11
1.094488189
 21
0.1689462453
 31
0.0
  0
LINE
  5
1AC2
330
1F
100
AcDbEntity
  8
0
  6
Continuous
 62
     7
370
    25
100
AcDbLine
 10
1.063618973
 20
0.1689462453
 30
0.0
 11
1.2342519685
 21
0.1689462453
 31
0.0
  0
LINE
  5
1AC3
330
1F
100
AcDbEntity
  8
0
  6
Continuous
 62
     7
370
    25
100
AcDbLine
 10
1.2342519685
 20
-0.0259356444
 30
0.0
 11
1.2342519685
 21
0.1689462453
 31
0.0
  0
LINE
  5
1AC4
330
1F
100
AcDbEntity
  8
0
  6
Continuous
 62
     7
370
    25
100
AcDbLine
 10
1.2618110236
 20
-0.0259356444
 30
0.0
 11
1.1775590551
 21
-0.0259356444
 31
0.0
  0
LINE
  5
1AC5
330
1F
100
AcDbEntity
  8
0
  6
Continuous
 62
     7
370
    25
100
AcDbLine
 10
1.1933070866
 20
0.049261206
 30
0.0
 11
1.1933070866
 21
-0.0259356444
 31
0.0
  0
LINE
  5
1AC6
330
1F
100
AcDbEntity
  8
0
  6
Continuous
 62
     7
370
    25
100
AcDbLine
 10
1.2011811024
 20
0.049261206
 30
0.0
 11
1.1775590551
 21
0.049261206
 31
0.0
  0
LINE
  5
1AC7
330
1F
100
AcDbEntity
  8
0
  6
Continuous
 62
     7
370
    25
100
AcDbLine
 10
-0.4767716535
 20
0.0965053005
 30
0.0
 11
-0.4767716535
 21
0.0728832532
 31
0.0
  0
LINE
  5
1AC8
330
1F
100
AcDbEntity
  8
0
  6
Continuous
 62
     7
370
    25
100
AcDbLine
 10
-0.5003937008
 20
0.0965053005
 30
0.0
 11
-0.4767716535
 21
0.0965053005
 31
0.0
  0
LINE
  5
1AC9
330
1F
100
AcDbEntity
  8
0
  6
Continuous
 62
     7
370
    25
100
AcDbLine
 10
-0.524015748
 20
0.049261206
 30
0.0
 11
-0.524015748
 21
0.0728832532
 31
0.0
  0
LINE
  5
1ACA
330
1F
100
AcDbEntity
  8
0
  6
Continuous
 62
     7
370
    25
100
AcDbLine
 10
-0.5003937008
 20
0.049261206
 30
0.0
 11
-0.524015748
 21
0.049261206
 31
0.0
  0
LINE
  5
1ACB
330
1F
100
AcDbEntity
  8
0
  6
Continuous
 62
     7
370
    25
100
AcDbLine
 10
-0.5161417323
 20
-0.0259356444
 30
0.0
 11
-0.5161417323
 21
0.049261206
 31
0.0
  0
LINE
  5
1ACC
330
1F
100
AcDbEntity
  8
0
  6
Continuous
 62
     7
370
    25
100
AcDbLine
 10
-0.5003937008
 20
-0.0259356444
 30
0.0
 11
-0.5846456693
 21
-0.0259356444
 31
0.0
  0
LINE
  5
1ACD
330
1F
100
AcDbEntity
  8
0
  6
Continuous
 62
     7
370
    25
100
AcDbLine
 10
-0.5570866142
 20
0.2831194737
 30
0.0
 11
-0.5570866142
 21
-0.0259356444
 31
0.0
  0
LINE
  5
1ACE
330
1F
100
AcDbEntity
  8
0
  6
Continuous
 62
     7
370
    25
100
AcDbLine
 10
-0.4173228346
 20
0.1689462453
 30
0.0
 11
-0.5570866142
 21
0.1689462453
 31
0.0
  0
LINE
  5
1ACF
330
1F
100
AcDbEntity
  8
0
  6
Continuous
 62
     7
370
    25
100
AcDbLine
 10
-0.4173228346
 20
0.1689462453
 30
0.0
 11
-0.4173228346
 21
0.0728832532
 31
0.0
  0
LINE
  5
1AD0
330
1F
100
AcDbEntity
  8
0
  6
Continuous
 62
     7
370
    25
100
AcDbLine
 10
-0.4767716535
 20
0.0886312847
 30
0.0
 11
-0.4173228346
 21
0.0886312847
 31
0.0
  0
LINE
  5
1AD1
330
1F
100
AcDbEntity
  8
0
  6
Continuous
 62
     7
370
    25
100
AcDbLine
 10
-0.5846456693
 20
-1.6046758019
 30
0.0
 11
-0.5846456693
 21
-0.0259356444
 31
0.0
  0
LINE
  5
1AD2
330
1F
100
AcDbEntity
  8
0
  6
Continuous
 62
     7
370
    25
100
AcDbLine
 10
-0.5846456693
 20
-1.6046758019
 30
0.0
 11
-0.5003937008
 21
-1.6046758019
 31
0.0
  0
LINE
  5
1AD3
330
1F
100
AcDbEntity
  8
0
  6
Continuous
 62
     7
370
    25
100
AcDbLine
 10
-0.5570866142
 20
-1.6046758019
 30
0.0
 11
-0.5570866142
 21
-1.7601876129
 31
0.0
  0
LINE
  5
1AD4
330
1F
100
AcDbEntity
  8
0
  6
Continuous
 62
     7
370
    25
100
AcDbLine
 10
-0.5177165354
 20
-1.7995576917
 30
0.0
 11
-0.5964566929
 21
-1.7208175342
 31
0.0
  0
LINE
  5
1AD5
330
1F
100
AcDbEntity
  8
0
  6
Continuous
 62
     7
370
    25
100
AcDbLine
 10
-0.5964566929
 20
-1.7208175342
 30
0.0
 11
-0.5964566929
 21
0.1007552687
 31
0.0
  0
LINE
  5
1AD6
330
1F
100
AcDbEntity
  8
0
  6
Continuous
 62
     7
370
    25
100
AcDbLine
 10
-0.5570866142
 20
0.1689462453
 30
0.0
 11
-0.5964566929
 21
0.1007552687
 31
0.0
  0
LINE
  5
1AD7
330
1F
100
AcDbEntity
  8
0
  6
Continuous
 62
     7
370
    25
100
AcDbLine
 10
-0.524015748
 20
-1.6798726523
 30
0.0
 11
-0.5003937008
 21
-1.6798726523
 31
0.0
  0
LINE
  5
1AD8
330
1F
100
AcDbEntity
  8
0
  6
Continuous
 62
     7
370
    25
100
AcDbLine
 10
-0.524015748
 20
-1.7034946995
 30
0.0
 11
-0.524015748
 21
-1.6798726523
 31
0.0
  0
LINE
  5
1AD9
330
1F
100
AcDbEntity
  8
0
  6
Continuous
 62
     7
370
    25
100
AcDbLine
 10
-0.4767716535
 20
-1.7271167468
 30
0.0
 11
-0.5003937008
 21
-1.7271167468
 31
0.0
  0
LINE
  5
1ADA
330
1F
100
AcDbEntity
  8
0
  6
Continuous
 62
     7
370
    25
100
AcDbLine
 10
-0.4767716535
 20
-1.7034946995
 30
0.0
 11
-0.4767716535
 21
-1.7271167468
 31
0.0
  0
LINE
  5
1ADB
330
1F
100
AcDbEntity
  8
0
  6
Continuous
 62
     7
370
    25
100
AcDbLine
 10
-0.4173228346
 20
-1.719242731
 30
0.0
 11
-0.4767716535
 21
-1.719242731
 31
0.0
  0
LINE
  5
1ADC
330
1F
100
AcDbEntity
  8
0
  6
Continuous
 62
     7
370
    25
100
AcDbLine
 10
-0.4173228346
 20
-1.7034946995
 30
0.0
 11
-0.4173228346
 21
-1.7995576917
 31
0.0
  0
LINE
  5
1ADD
330
1F
100
AcDbEntity
  8
0
  6
Continuous
 62
     7
370
    25
100
AcDbLine
 10
-0.3864536186
 20
-1.7995576917
 30
0.0
 11
-0.5177165354
 21
-1.7995576917
 31
0.0
  0
LINE
  5
1ADE
330
1F
100
AcDbEntity
  8
0
  6
Continuous
 62
     7
370
    25
100
AcDbLine
 10
-0.5161417323
 20
-1.6798726523
 30
0.0
 11
-0.5161417323
 21
-1.6046758019
 31
0.0
  0
LINE
  5
1ADF
330
1F
100
AcDbEntity
  8
0
  6
Continuous
 62
     7
370
    25
100
AcDbLine
 10
1.1775590551
 20
-0.0259356444
 30
0.0
 11
1.1775590551
 21
-0.0143094046
 31
0.0
  0
LINE
  5
1AE0
330
1F
100
AcDbEntity
  8
0
  6
Continuous
 62
     7
370
    25
100
AcDbLine
 10
-0.5003937008
 20
-0.0259356444
 30
0.0
 11
-0.5003937008
 21
0.049261206
 31
0.0
  0
LINE
  5
1AE1
330
1F
100
AcDbEntity
  8
0
  6
Continuous
 62
     7
370
    25
100
AcDbLine
 10
1.1775590551
 20
-1.6046758019
 30
0.0
 11
1.2618110236
 21
-1.6046758019
 31
0.0
  0
LINE
  5
1AE2
330
1F
100
AcDbEntity
  8
0
  6
Continuous
 62
     7
370
    25
100
AcDbLine
 10
1.2342519685
 20
-1.7995576917
 30
0.0
 11
1.2342519685
 21
-1.6046758019
 31
0.0
  0
LINE
  5
1AE3
330
1F
100
AcDbEntity
  8
0
  6
Continuous
 62
     7
370
    25
100
AcDbLine
 10
1.2736220472
 20
-1.7995576917
 30
0.0
 11
1.063618973
 21
-1.7995576917
 31
0.0
  0
LINE
  5
1AE4
330
1F
100
AcDbEntity
  8
0
  6
Continuous
 62
     7
370
    25
100
AcDbLine
 10
1.094488189
 20
-1.7995576917
 30
0.0
 11
1.094488189
 21
-1.7034946995
 31
0.0
  0
LINE
  5
1AE5
330
1F
100
AcDbEntity
  8
0
  6
Continuous
 62
     7
370
    25
100
AcDbLine
 10
1.1539370079
 20
-1.719242731
 30
0.0
 11
1.094488189
 21
-1.719242731
 31
0.0
  0
LINE
  5
1AE6
330
1F
100
AcDbEntity
  8
0
  6
Continuous
 62
     7
370
    25
100
AcDbLine
 10
1.1539370079
 20
-1.7271167468
 30
0.0
 11
1.1539370079
 21
-1.7034946995
 31
0.0
  0
LINE
  5
1AE7
330
1F
100
AcDbEntity
  8
0
  6
Continuous
 62
     7
370
    25
100
AcDbLine
 10
1.1775590551
 20
-1.7271167468
 30
0.0
 11
1.1539370079
 21
-1.7271167468
 31
0.0
  0
LINE
  5
1AE8
330
1F
100
AcDbEntity
  8
0
  6
Continuous
 62
     7
370
    25
100
AcDbLine
 10
1.2011811024
 20
-1.6798726523
 30
0.0
 11
1.2011811024
 21
-1.7034946995
 31
0.0
  0
LINE
  5
1AE9
330
1F
100
AcDbEntity
  8
0
  6
Continuous
 62
     7
370
    25
100
AcDbLine
 10
1.1775590551
 20
-1.6798726523
 30
0.0
 11
1.2011811024
 21
-1.6798726523
 31
0.0
  0
LINE
  5
1AEA
330
1F
100
AcDbEntity
  8
0
  6
Continuous
 62
     7
370
    25
100
AcDbLine
 10
1.1933070866
 20
-1.6046758019
 30
0.0
 11
1.1933070866
 21
-1.6798726523
 31
0.0
  0
LINE
  5
1AEB
330
1F
100
AcDbEntity
  8
0
  6
Continuous
 62
     7
370
    25
100
AcDbLine
 10
-0.5003937008
 20
-1.6046758019
 30
0.0
 11
-0.5003937008
 21
-1.6798726523
 31
0.0
  0
LINE
  5
1AEC
330
1F
100
AcDbEntity
  8
0
  6
Continuous
 62
     7
370
    25
100
AcDbLine
 10
1.1775590551
 20
-1.6163020418
 30
0.0
 11
1.1775590551
 21
-1.6046758019
 31
0.0
  0
LINE
  5
1AED
330
1F
100
AcDbEntity
  8
0
  6
Continuous
 62
     7
370
    25
100
AcDbLine
 10
1.2736220472
 20
0.1007552687
 30
0.0
 11
1.2736220472
 21
-1.7995576917
 31
0.0
  0
LINE
  5
1AEE
330
1F
100
AcDbEntity
  8
0
  6
Continuous
 62
     7
370
    25
100
AcDbLine
 10
1.2618110236
 20
-0.0259356444
 30
0.0
 11
1.2618110236
 21
-1.6046758019
 31
0.0
  0
LINE
  5
1AEF
330
1F
100
AcDbEntity
  8
0
  6
Continuous
 62
     7
370
    25
100
AcDbLine
 10
1.2342519685
 20
0.1689462453
 30
0.0
 11
1.2736220472
 21
0.1007552687
 31
0.0
  0
LINE
  5
1AF0
330
1F
100
AcDbEntity
  8
0
  6
Continuous
 62
     7
370
    25
100
AcDbLine
 10
0.631496063
 20
-1.7995576917
 30
0.0
 11
0.5748031496
 21
-1.7428647783
 31
0.0
  0
LINE
  5
1AF1
330
1F
100
AcDbEntity
  8
0
  6
Continuous
 62
     7
370
    25
100
AcDbLine
 10
1.0570866142
 20
-1.7428647783
 30
0.0
 11
1.094488189
 21
-1.7428647783
 31
0.0
  0
LINE
  5
1AF2
330
1F
100
AcDbEntity
  8
0
  6
Continuous
 62
     7
370
    25
100
AcDbLine
 10
0.8503937008
 20
-1.7798726523
 30
0.0
 11
0.8503937008
 21
-1.7995576917
 31
0.0
  0
LINE
  5
1AF3
330
1F
100
AcDbEntity
  8
0
  6
Continuous
 62
     7
370
    25
100
AcDbLine
 10
0.7913385827
 20
-1.7798726523
 30
0.0
 11
0.8503937008
 21
-1.7798726523
 31
0.0
  0
LINE
  5
1AF4
330
1F
100
AcDbEntity
  8
0
  6
Continuous
 62
     7
370
    25
100
AcDbLine
 10
0.7913385827
 20
-1.7995576917
 30
0.0
 11
0.7913385827
 21
-1.7798726523
 31
0.0
  0
LINE
  5
1AF5
330
1F
100
AcDbEntity
  8
0
  6
Continuous
 62
     7
370
    25
100
AcDbLine
 10
0.8714203971
 20
-1.7995576917
 30
0.0
 11
0.8503937008
 21
-1.7995576917
 31
0.0
  0
LINE
  5
1AF6
330
1F
100
AcDbEntity
  8
0
  6
Continuous
 62
     7
370
    25
100
AcDbLine
 10
0.7972440945
 20
-1.795193537
 30
0.0
 11
0.8464566929
 21
-1.795193537
 31
0.0
  0
LINE
  5
1AF7
330
1F
100
AcDbEntity
  8
0
  6
Continuous
 62
     7
370
    25
100
AcDbLine
 10
-0.1732283465
 20
-1.7798726523
 30
0.0
 11
-0.1141732283
 21
-1.7798726523
 31
0.0
  0
LINE
  5
1AF8
330
1F
100
AcDbEntity
  8
0
  6
Continuous
 62
     7
370
    25
100
AcDbLine
 10
-0.1732283465
 20
-1.7995576917
 30
0.0
 11
-0.1732283465
 21
-1.7798726523
 31
0.0
  0
LINE
  5
1AF9
330
1F
100
AcDbEntity
  8
0
  6
Continuous
 62
     7
370
    25
100
AcDbLine
 10
-0.4173228346
 20
-1.7428647783
 30
0.0
 11
-0.3799212598
 21
-1.7428647783
 31
0.0
  0
LINE
  5
1AFA
330
1F
100
AcDbEntity
  8
0
  6
Continuous
 62
     7
370
    25
100
AcDbLine
 10
0.0456692913
 20
-1.7995576917
 30
0.0
 11
0.1023622047
 21
-1.7428647783
 31
0.0
  0
LINE
  5
1AFB
330
1F
100
AcDbEntity
  8
0
  6
Continuous
 62
     7
370
    25
100
AcDbLine
 10
-0.1141732283
 20
-1.7995576917
 30
0.0
 11
0.7913385827
 21
-1.7995576917
 31
0.0
  0
LINE
  5
1AFC
330
1F
100
AcDbEntity
  8
0
  6
Continuous
 62
     7
370
    25
100
AcDbLine
 10
-0.1141732283
 20
-1.7798726523
 30
0.0
 11
-0.1141732283
 21
-1.7995576917
 31
0.0
  0
LINE
  5
1AFD
330
1F
100
AcDbEntity
  8
0
  6
Continuous
 62
     7
370
    25
100
AcDbLine
 10
-0.1732283465
 20
-1.7995576917
 30
0.0
 11
-0.1942550428
 21
-1.7995576917
 31
0.0
  0
LINE
  5
1AFE
330
1F
100
AcDbEntity
  8
0
  6
Continuous
 62
     7
370
    25
100
AcDbLine
 10
-0.1692913386
 20
-1.795193537
 30
0.0
 11
-0.1200787402
 21
-1.795193537
 31
0.0
  0
LINE
  5
1AFF
330
1F
100
AcDbEntity
  8
0
  6
Continuous
 62
     7
370
    25
100
AcDbLine
 10
-0.094488189
 20
0.149261206
 30
0.0
 11
-0.0354330709
 21
0.149261206
 31
0.0
  0
LINE
  5
1B00
330
1F
100
AcDbEntity
  8
0
  6
Continuous
 62
     7
370
    25
100
AcDbLine
 10
-0.0354330709
 20
0.149261206
 30
0.0
 11
-0.0354330709
 21
0.1689462453
 31
0.0
  0
LINE
  5
1B01
330
1F
100
AcDbEntity
  8
0
  6
Continuous
 62
     7
370
    25
100
AcDbLine
 10
0.0462718505
 20
0.1689462453
 30
0.0
 11
0.1023622047
 21
0.1128558911
 31
0.0
  0
LINE
  5
1B02
330
1F
100
AcDbEntity
  8
0
  6
Continuous
 62
     7
370
    25
100
AcDbLine
 10
-0.3799212598
 20
0.1122533319
 30
0.0
 11
-0.4173228346
 21
0.1122533319
 31
0.0
  0
LINE
  5
1B03
330
1F
100
AcDbEntity
  8
0
  6
Continuous
 62
     7
370
    25
100
AcDbLine
 10
-0.5570866142
 20
0.2831194737
 30
0.0
 11
-0.4980314961
 21
0.2831194737
 31
0.0
  0
LINE
  5
1B04
330
1F
100
AcDbEntity
  8
0
  6
Continuous
 62
     7
370
    25
100
AcDbLine
 10
-0.4980314961
 20
0.2831194737
 30
0.0
 11
-0.3996062992
 21
0.2240643556
 31
0.0
  0
LINE
  5
1B05
330
1F
100
AcDbEntity
  8
0
  6
Continuous
 62
     7
370
    25
100
AcDbLine
 10
-0.3996062992
 20
0.2240643556
 30
0.0
 11
-0.3996062992
 21
0.1689462453
 31
0.0
  0
LINE
  5
1B06
330
1F
100
AcDbEntity
  8
0
  6
Continuous
 62
     7
370
    25
100
AcDbLine
 10
-0.3996062992
 20
0.1689462453
 30
0.0
 11
-0.3864536186
 21
0.1689462453
 31
0.0
  0
LINE
  5
1B07
330
1F
100
AcDbEntity
  8
0
  6
Continuous
 62
     7
370
    25
100
AcDbLine
 10
-0.1942550428
 20
0.1689462453
 30
0.0
 11
-0.094488189
 21
0.1689462453
 31
0.0
  0
LINE
  5
1B08
330
1F
100
AcDbEntity
  8
0
  6
Continuous
 62
     7
370
    25
100
AcDbLine
 10
-0.094488189
 20
0.1689462453
 30
0.0
 11
-0.094488189
 21
0.149261206
 31
0.0
  0
LINE
  5
1B09
330
1F
100
AcDbEntity
  8
0
  6
Continuous
 62
     7
370
    25
100
AcDbLine
 10
0.7716535433
 20
0.149261206
 30
0.0
 11
0.7125984252
 21
0.149261206
 31
0.0
  0
LINE
  5
1B0A
330
1F
100
AcDbEntity
  8
0
  6
Continuous
 62
     7
370
    25
100
AcDbLine
 10
0.7677165354
 20
0.1645820907
 30
0.0
 11
0.718503937
 21
0.1645820907
 31
0.0
  0
LINE
  5
1B0B
330
1F
100
AcDbEntity
  8
0
  6
Continuous
 62
     7
370
    25
100
AcDbLine
 10
0.7125984252
 20
0.1689462453
 30
0.0
 11
-0.0354330709
 21
0.1689462453
 31
0.0
  0
LINE
  5
1B0C
330
1F
100
AcDbEntity
  8
0
  6
Continuous
 62
     7
370
    25
100
AcDbLine
 10
0.7125984252
 20
0.149261206
 30
0.0
 11
0.7125984252
 21
0.1689462453
 31
0.0
  0
LINE
  5
1B0D
330
1F
100
AcDbEntity
  8
0
  6
Continuous
 62
     7
370
    25
100
AcDbLine
 10
0.7716535433
 20
0.1689462453
 30
0.0
 11
0.7716535433
 21
0.149261206
 31
0.0
  0
LINE
  5
1B0E
330
1F
100
AcDbEntity
  8
0
  6
Continuous
 62
     7
370
    25
100
AcDbLine
 10
1.094488189
 20
0.1122533319
 30
0.0
 11
1.0570866142
 21
0.1122533319
 31
0.0
  0
LINE
  5
1B0F
330
1F
100
AcDbEntity
  8
0
  6
Continuous
 62
     7
370
    25
100
AcDbLine
 10
0.6308935038
 20
0.1689462453
 30
0.0
 11
0.5748031496
 21
0.1128558911
 31
0.0
  0
LINE
  5
1B10
330
1F
100
AcDbEntity
  8
0
  6
Continuous
 62
     7
370
    25
100
AcDbLine
 10
0.7716535433
 20
0.1689462453
 30
0.0
 11
0.8714203971
 21
0.1689462453
 31
0.0
  0
LINE
  5
1B11
330
1F
100
AcDbEntity
  8
0
  6
Continuous
 62
     7
370
    25
100
AcDbLine
 10
-0.0413385827
 20
0.1645820907
 30
0.0
 11
-0.0905511811
 21
0.1645820907
 31
0.0
  0
LINE
  5
1B12
330
1F
100
AcDbEntity
  8
0
  6
Continuous
 62
     7
370
    25
100
AcDbLine
 10
-0.5397637795
 20
-0.0259356444
 30
0.0
 11
-0.5397637795
 21
-0.0475891877
 31
0.0
  0
LINE
  5
1B13
330
1F
100
AcDbEntity
  8
0
  6
Continuous
 62
     7
370
    25
100
AcDbLine
 10
-0.5122047244
 20
-0.3426259078
 30
0.0
 11
-0.5122047244
 21
-0.3592491595
 31
0.0
  0
LINE
  5
1B14
330
1F
100
AcDbEntity
  8
0
  6
Continuous
 62
     7
370
    25
100
AcDbLine
 10
-0.5059055118
 20
-0.4216049358
 30
0.0
 11
-0.5379113928
 21
-0.4216049358
 31
0.0
  0
LINE
  5
1B15
330
1F
100
AcDbEntity
  8
0
  6
Continuous
 62
     7
370
    25
100
AcDbLine
 10
-0.5379113928
 20
-0.4216049358
 30
0.0
 11
-0.5379113928
 21
-0.508219109
 31
0.0
  0
LINE
  5
1B16
330
1F
100
AcDbEntity
  8
0
  6
Continuous
 62
     7
370
    25
100
AcDbLine
 10
-0.5397637795
 20
-1.5830222586
 30
0.0
 11
-0.5397637795
 21
-1.6046758019
 31
0.0
  0
LINE
  5
1B17
330
1F
100
AcDbEntity
  8
0
  6
Continuous
 62
     7
370
    25
100
AcDbLine
 10
1.1893700787
 20
-0.3586128098
 30
0.0
 11
1.1893700787
 21
-0.2774585265
 31
0.0
  0
LINE
  5
1B18
330
1F
100
AcDbEntity
  8
0
  6
Continuous
 62
     7
370
    25
100
AcDbLine
 10
1.2169291339
 20
-0.0475891877
 30
0.0
 11
1.2169291339
 21
-0.0259356444
 31
0.0
  0
LINE
  5
1B19
330
1F
100
AcDbEntity
  8
0
  6
Continuous
 62
     7
370
    25
100
AcDbLine
 10
1.2169291339
 20
-1.6046758019
 30
0.0
 11
1.2169291339
 21
-1.5830222586
 31
0.0
  0
LINE
  5
1B1A
330
1F
100
AcDbEntity
  8
0
  6
Continuous
 62
     7
370
    25
100
AcDbLine
 10
1.2169291339
 20
-0.508219109
 30
0.0
 11
1.2169291339
 21
-0.4335215186
 31
0.0
  0
LINE
  5
1B1B
330
1F
100
AcDbEntity
  8
0
  6
Continuous
 62
     7
370
    25
100
AcDbLine
 10
1.2169291339
 20
-0.4335215186
 30
0.0
 11
1.1611641915
 21
-0.4335215186
 31
0.0
  0
LINE
  5
1B1C
330
1F
100
AcDbEntity
  8
0
  6
Continuous
 62
     7
370
    25
100
AcDbLine
 10
1.1893700787
 20
-0.4335215186
 30
0.0
 11
1.1893700787
 21
-0.4216049358
 31
0.0
  0
LINE
  5
1B1D
330
1F
100
AcDbEntity
  8
0
  6
Continuous
 62
     7
370
    25
100
AcDbLine
 10
1.1893700787
 20
-0.4216049358
 30
0.0
 11
1.1830708661
 21
-0.4216049358
 31
0.0
  0
LINE
  5
1B1E
330
1F
100
AcDbEntity
  8
0
  6
Continuous
 62
     7
370
    25
100
AcDbLine
 10
1.1830708661
 20
-0.3586128098
 30
0.0
 11
1.1893700787
 21
-0.3586128098
 31
0.0
  0
LINE
  5
1B1F
330
1F
100
AcDbEntity
  8
0
  6
Continuous
 62
     7
370
    25
100
AcDbLine
 10
1.1941988083
 20
-0.508219109
 30
0.0
 11
1.1941988083
 21
-0.4335215186
 31
0.0
  0
LINE
  5
1B20
330
1F
100
AcDbEntity
  8
0
  6
Continuous
 62
     7
370
    25
100
AcDbLine
 10
-0.5151810672
 20
-0.508219109
 30
0.0
 11
-0.5151810672
 21
-0.4216049358
 31
0.0
  0
LINE
  5
1B21
330
1F
100
AcDbEntity
  8
0
  6
Continuous
 62
     7
370
    25
100
AcDbLine
 10
-0.5151810672
 20
-0.4769718339
 30
0.0
 11
-0.5059055118
 21
-0.4769718339
 31
0.0
  0
LINE
  5
1B22
330
1F
100
AcDbEntity
  8
0
  6
Continuous
 62
     7
370
    25
100
AcDbLine
 10
-0.524015748
 20
-0.0259356444
 30
0.0
 11
-0.524015748
 21
-0.0338096602
 31
0.0
  0
LINE
  5
1B23
330
1F
100
AcDbEntity
  8
0
  6
Continuous
 62
     7
370
    25
100
AcDbLine
 10
-0.524015748
 20
-0.0338096602
 30
0.0
 11
-0.492519685
 21
-0.0338096602
 31
0.0
  0
LINE
  5
1B24
330
1F
100
AcDbEntity
  8
0
  6
Continuous
 62
     7
370
    25
100
AcDbLine
 10
-0.4094488189
 20
0.0705210485
 30
0.0
 11
-0.4094488189
 21
0.0965053005
 31
0.0
  0
LINE
  5
1B25
330
1F
100
AcDbEntity
  8
0
  6
Continuous
 62
     7
370
    25
100
AcDbLine
 10
-0.4094488189
 20
0.0965053005
 30
0.0
 11
-0.4173228346
 21
0.0965053005
 31
0.0
  0
LINE
  5
1B26
330
1F
100
AcDbEntity
  8
0
  6
Continuous
 62
     7
370
    25
100
AcDbLine
 10
-0.387107168
 20
0.0705210485
 30
0.0
 11
-0.387107168
 21
0.0864784814
 31
0.0
  0
LINE
  5
1B27
330
1F
100
AcDbEntity
  8
0
  6
Continuous
 62
     7
370
    25
100
AcDbLine
 10
-0.3799212598
 20
0.0864784814
 30
0.0
 11
-0.387107168
 21
0.0864784814
 31
0.0
  0
LINE
  5
1B28
330
1F
100
AcDbEntity
  8
0
  6
Continuous
 62
     7
370
    25
100
AcDbLine
 10
1.0599121898
 20
0.0864784814
 30
0.0
 11
1.0599121898
 21
0.0705210485
 31
0.0
  0
LINE
  5
1B29
330
1F
100
AcDbEntity
  8
0
  6
Continuous
 62
     7
370
    25
100
AcDbLine
 10
1.094488189
 20
0.0965053005
 30
0.0
 11
1.0866141732
 21
0.0965053005
 31
0.0
  0
LINE
  5
1B2A
330
1F
100
AcDbEntity
  8
0
  6
Continuous
 62
     7
370
    25
100
AcDbLine
 10
1.0866141732
 20
0.0965053005
 30
0.0
 11
1.0866141732
 21
0.0705210485
 31
0.0
  0
LINE
  5
1B2B
330
1F
100
AcDbEntity
  8
0
  6
Continuous
 62
     7
370
    25
100
AcDbLine
 10
-0.3827468355
 20
-1.719526952
 30
0.0
 11
-0.3827468355
 21
-1.7011324948
 31
0.0
  0
LINE
  5
1B2C
330
1F
100
AcDbEntity
  8
0
  6
Continuous
 62
     7
370
    25
100
AcDbLine
 10
-0.4173228346
 20
-1.7271167468
 30
0.0
 11
-0.4094488189
 21
-1.7271167468
 31
0.0
  0
LINE
  5
1B2D
330
1F
100
AcDbEntity
  8
0
  6
Continuous
 62
     7
370
    25
100
AcDbLine
 10
-0.4094488189
 20
-1.7271167468
 30
0.0
 11
-0.4094488189
 21
-1.7011324948
 31
0.0
  0
LINE
  5
1B2E
330
1F
100
AcDbEntity
  8
0
  6
Continuous
 62
     7
370
    25
100
AcDbLine
 10
1.2011811024
 20
-1.6046758019
 30
0.0
 11
1.2011811024
 21
-1.5968017862
 31
0.0
  0
LINE
  5
1B2F
330
1F
100
AcDbEntity
  8
0
  6
Continuous
 62
     7
370
    25
100
AcDbLine
 10
1.2011811024
 20
-1.5968017862
 30
0.0
 11
1.1696850394
 21
-1.5968017862
 31
0.0
  0
LINE
  5
1B30
330
1F
100
AcDbEntity
  8
0
  6
Continuous
 62
     7
370
    25
100
AcDbLine
 10
1.0866141732
 20
-1.7011324948
 30
0.0
 11
1.0866141732
 21
-1.7271167468
 31
0.0
  0
LINE
  5
1B31
330
1F
100
AcDbEntity
  8
0
  6
Continuous
 62
     7
370
    25
100
AcDbLine
 10
1.0866141732
 20
-1.7271167468
 30
0.0
 11
1.094488189
 21
-1.7271167468
 31
0.0
  0
LINE
  5
1B32
330
1F
100
AcDbEntity
  8
0
  6
Continuous
 62
     7
370
    25
100
AcDbLine
 10
1.0642725223
 20
-1.7011324948
 30
0.0
 11
1.0642725223
 21
-1.719526952
 31
0.0
  0
LINE
  5
1B33
330
1F
100
AcDbEntity
  8
0
  6
Continuous
 62
     7
370
    25
100
AcDbLine
 10
1.0570866142
 20
-1.719526952
 30
0.0
 11
1.0642725223
 21
-1.719526952
 31
0.0
  0
LINE
  5
1B34
330
1F
100
AcDbEntity
  8
0
  6
Continuous
 62
     7
370
    25
100
AcDbLine
 10
-0.524015748
 20
-1.5968017862
 30
0.0
 11
-0.492519685
 21
-1.5968017862
 31
0.0
  0
LINE
  5
1B35
330
1F
100
AcDbEntity
  8
0
  6
Continuous
 62
     7
370
    25
100
AcDbLine
 10
-0.524015748
 20
-1.5968017862
 30
0.0
 11
-0.524015748
 21
-1.6046758019
 31
0.0
  0
LINE
  5
1B36
330
1F
100
AcDbEntity
  8
0
  6
Continuous
 62
     7
370
    25
100
AcDbLine
 10
-0.5151810672
 20
-1.5968017862
 30
0.0
 11
-0.5151810672
 21
-1.5830222586
 31
0.0
  0
LINE
  5
1B37
330
1F
100
AcDbEntity
  8
0
  6
Continuous
 62
     7
370
    25
100
AcDbLine
 10
1.1696850394
 20
-0.0309658715
 30
0.0
 11
1.2011811024
 21
-0.0309658715
 31
0.0
  0
LINE
  5
1B38
330
1F
100
AcDbEntity
  8
0
  6
Continuous
 62
     7
370
    25
100
AcDbLine
 10
1.1941988083
 20
-0.0309658715
 30
0.0
 11
1.1941988083
 21
-0.0475891877
 31
0.0
  0
LINE
  5
1B39
330
1F
100
AcDbEntity
  8
0
  6
Continuous
 62
     7
370
    25
100
AcDbLine
 10
-2.6374373234
 20
-2.7955318785
 30
0.0
 11
-2.6374373234
 21
-1.770277555
 31
0.0
  0
LINE
  5
1B3A
330
1F
100
AcDbEntity
  8
0
  6
Continuous
 62
     7
370
    25
100
AcDbLine
 10
-3.3464566929
 20
-2.7955318785
 30
0.0
 11
-2.6374373234
 21
-2.7955318785
 31
0.0
  0
LINE
  5
1B3B
330
1F
100
AcDbEntity
  8
0
  6
Continuous
 62
     7
370
    25
100
AcDbLine
 10
-3.3464566929
 20
-1.770277555
 30
0.0
 11
-3.3464566929
 21
-2.7955318785
 31
0.0
  0
LINE
  5
1B3C
330
1F
100
AcDbEntity
  8
0
  6
Continuous
 62
     7
370
    25
100
AcDbLine
 10
-2.6374373234
 20
-1.770277555
 30
0.0
 11
-3.3464566929
 21
-1.770277555
 31
0.0
  0
LINE
  5
1B3D
330
1F
100
AcDbEntity
  8
0
  6
Continuous
 62
     7
370
    25
100
AcDbLine
 10
3.1515748031
 20
-1.7590551181
 30
0.0
 11
3.0137795276
 21
-1.7590551181
 31
0.0
  0
LINE
  5
1B3E
330
1F
100
AcDbEntity
  8
0
  6
Continuous
 62
     7
370
    25
100
AcDbLine
 10
3.1515748031
 20
-1.6212598425
 30
0.0
 11
3.1515748031
 21
-1.7590551181
 31
0.0
  0
LINE
  5
1B3F
330
1F
100
AcDbEntity
  8
0
  6
Continuous
 62
     7
370
    25
100
AcDbLine
 10
3.0137795276
 20
-1.6212598425
 30
0.0
 11
3.1515748031
 21
-1.6212598425
 31
0.0
  0
LINE
  5
1B40
330
1F
100
AcDbEntity
  8
0
  6
Continuous
 62
     7
370
    25
100
AcDbLine
 10
3.0137795276
 20
-1.7590551181
 30
0.0
 11
3.0137795276
 21
-1.6212598425
 31
0.0
  0
LINE
  5
1B41
330
1F
100
AcDbEntity
  8
0
  6
Continuous
 62
     7
370
    25
100
AcDbLine
 10
3.3169291339
 20
-1.7590551181
 30
0.0
 11
3.2106299213
 21
-1.7590551181
 31
0.0
  0
LINE
  5
1B42
330
1F
100
AcDbEntity
  8
0
  6
Continuous
 62
     7
370
    25
100
AcDbLine
 10
3.3169291339
 20
-1.6212598425
 30
0.0
 11
3.3169291339
 21
-1.7590551181
 31
0.0
  0
LINE
  5
1B43
330
1F
100
AcDbEntity
  8
0
  6
Continuous
 62
     7
370
    25
100
AcDbLine
 10
3.2106299213
 20
-1.6212598425
 30
0.0
 11
3.3169291339
 21
-1.6212598425
 31
0.0
  0
LINE
  5
1B44
330
1F
100
AcDbEntity
  8
0
  6
Continuous
 62
     7
370
    25
100
AcDbLine
 10
3.1791338583
 20
-1.6527559055
 30
0.0
 11
3.2106299213
 21
-1.6212598425
 31
0.0
  0
LINE
  5
1B45
330
1F
100
AcDbEntity
  8
0
  6
Continuous
 62
     7
370
    25
100
AcDbLine
 10
3.1791338583
 20
-1.7275590551
 30
0.0
 11
3.1791338583
 21
-1.6527559055
 31
0.0
  0
LINE
  5
1B46
330
1F
100
AcDbEntity
  8
0
  6
Continuous
 62
     7
370
    25
100
AcDbLine
 10
3.2106299213
 20
-1.7590551181
 30
0.0
 11
3.1791338583
 21
-1.7275590551
 31
0.0
  0
LINE
  5
1B47
330
1F
100
AcDbEntity
  8
0
  6
Continuous
 62
     7
370
    25
100
AcDbLine
 10
3.1515748031
 20
0.0598425197
 30
0.0
 11
3.0137795276
 21
0.0598425197
 31
0.0
  0
LINE
  5
1B48
330
1F
100
AcDbEntity
  8
0
  6
Continuous
 62
     7
370
    25
100
AcDbLine
 10
3.1515748031
 20
0.1976377953
 30
0.0
 11
3.1515748031
 21
0.0598425197
 31
0.0
  0
LINE
  5
1B49
330
1F
100
AcDbEntity
  8
0
  6
Continuous
 62
     7
370
    25
100
AcDbLine
 10
3.0137795276
 20
0.1976377953
 30
0.0
 11
3.1515748031
 21
0.1976377953
 31
0.0
  0
LINE
  5
1B4A
330
1F
100
AcDbEntity
  8
0
  6
Continuous
 62
     7
370
    25
100
AcDbLine
 10
3.0137795276
 20
0.0598425197
 30
0.0
 11
3.0137795276
 21
0.1976377953
 31
0.0
  0
LINE
  5
1B4B
330
1F
100
AcDbEntity
  8
0
  6
Continuous
 62
     7
370
    25
100
AcDbLine
 10
3.3169291339
 20
0.0598425197
 30
0.0
 11
3.2106299213
 21
0.0598425197
 31
0.0
  0
LINE
  5
1B4C
330
1F
100
AcDbEntity
  8
0
  6
Continuous
 62
     7
370
    25
100
AcDbLine
 10
3.3169291339
 20
0.1976377953
 30
0.0
 11
3.3169291339
 21
0.0598425197
 31
0.0
  0
LINE
  5
1B4D
330
1F
100
AcDbEntity
  8
0
  6
Continuous
 62
     7
370
    25
100
AcDbLine
 10
3.2106299213
 20
0.1976377953
 30
0.0
 11
3.3169291339
 21
0.1976377953
 31
0.0
  0
LINE
  5
1B4E
330
1F
100
AcDbEntity
  8
0
  6
Continuous
 62
     7
370
    25
100
AcDbLine
 10
3.1791338583
 20
0.1661417323
 30
0.0
 11
3.2106299213
 21
0.1976377953
 31
0.0
  0
LINE
  5
1B4F
330
1F
100
AcDbEntity
  8
0
  6
Continuous
 62
     7
370
    25
100
AcDbLine
 10
3.1791338583
 20
0.0913385827
 30
0.0
 11
3.1791338583
 21
0.1661417323
 31
0.0
  0
LINE
  5
1B50
330
1F
100
AcDbEntity
  8
0
  6
Continuous
 62
     7
370
    25
100
AcDbLine
 10
3.2106299213
 20
0.0598425197
 30
0.0
 11
3.1791338583
 21
0.0913385827
 31
0.0
  0
LINE
  5
1B51
330
1F
100
AcDbEntity
  8
0
  6
Continuous
 62
     7
370
    25
100
AcDbLine
 10
3.1515748031
 20
-1.5937007874
 30
0.0
 11
3.0452755906
 21
-1.5937007874
 31
0.0
  0
LINE
  5
1B52
330
1F
100
AcDbEntity
  8
0
  6
Continuous
 62
     7
370
    25
100
AcDbLine
 10
3.1515748031
 20
-1.4559055118
 30
0.0
 11
3.1515748031
 21
-1.5937007874
 31
0.0
  0
LINE
  5
1B53
330
1F
100
AcDbEntity
  8
0
  6
Continuous
 62
     7
370
    25
100
AcDbLine
 10
3.0452755906
 20
-1.4559055118
 30
0.0
 11
3.1515748031
 21
-1.4559055118
 31
0.0
  0
LINE
  5
1B54
330
1F
100
AcDbEntity
  8
0
  6
Continuous
 62
     7
370
    25
100
AcDbLine
 10
3.0137795276
 20
-1.4874015748
 30
0.0
 11
3.0452755906
 21
-1.4559055118
 31
0.0
  0
LINE
  5
1B55
330
1F
100
AcDbEntity
  8
0
  6
Continuous
 62
     7
370
    25
100
AcDbLine
 10
3.0137795276
 20
-1.5622047244
 30
0.0
 11
3.0137795276
 21
-1.4874015748
 31
0.0
  0
LINE
  5
1B56
330
1F
100
AcDbEntity
  8
0
  6
Continuous
 62
     7
370
    25
100
AcDbLine
 10
3.0452755906
 20
-1.5937007874
 30
0.0
 11
3.0137795276
 21
-1.5622047244
 31
0.0
  0
LINE
  5
1B57
330
1F
100
AcDbEntity
  8
0
  6
Continuous
 62
     7
370
    25
100
AcDbLine
 10
3.3169291339
 20
-1.5937007874
 30
0.0
 11
3.1791338583
 21
-1.5937007874
 31
0.0
  0
LINE
  5
1B58
330
1F
100
AcDbEntity
  8
0
  6
Continuous
 62
     7
370
    25
100
AcDbLine
 10
3.3169291339
 20
-1.4559055118
 30
0.0
 11
3.3169291339
 21
-1.5937007874
 31
0.0
  0
LINE
  5
1B59
330
1F
100
AcDbEntity
  8
0
  6
Continuous
 62
     7
370
    25
100
AcDbLine
 10
3.1791338583
 20
-1.4559055118
 30
0.0
 11
3.3169291339
 21
-1.4559055118
 31
0.0
  0
LINE
  5
1B5A
330
1F
100
AcDbEntity
  8
0
  6
Continuous
 62
     7
370
    25
100
AcDbLine
 10
3.1791338583
 20
-1.5937007874
 30
0.0
 11
3.1791338583
 21
-1.4559055118
 31
0.0
  0
LINE
  5
1B5B
330
1F
100
AcDbEntity
  8
0
  6
Continuous
 62
     7
370
    25
100
AcDbLine
 10
3.1791338583
 20
-1.2905511811
 30
0.0
 11
3.3169291339
 21
-1.2905511811
 31
0.0
  0
LINE
  5
1B5C
330
1F
100
AcDbEntity
  8
0
  6
Continuous
 62
     7
370
    25
100
AcDbLine
 10
3.1791338583
 20
-1.4283464567
 30
0.0
 11
3.1791338583
 21
-1.2905511811
 31
0.0
  0
LINE
  5
1B5D
330
1F
100
AcDbEntity
  8
0
  6
Continuous
 62
     7
370
    25
100
AcDbLine
 10
3.3169291339
 20
-1.4283464567
 30
0.0
 11
3.1791338583
 21
-1.4283464567
 31
0.0
  0
LINE
  5
1B5E
330
1F
100
AcDbEntity
  8
0
  6
Continuous
 62
     7
370
    25
100
AcDbLine
 10
3.3169291339
 20
-1.2905511811
 30
0.0
 11
3.3169291339
 21
-1.4283464567
 31
0.0
  0
LINE
  5
1B5F
330
1F
100
AcDbEntity
  8
0
  6
Continuous
 62
     7
370
    25
100
AcDbLine
 10
3.0452755906
 20
-1.2905511811
 30
0.0
 11
3.1515748031
 21
-1.2905511811
 31
0.0
  0
LINE
  5
1B60
330
1F
100
AcDbEntity
  8
0
  6
Continuous
 62
     7
370
    25
100
AcDbLine
 10
3.0137795276
 20
-1.3220472441
 30
0.0
 11
3.0452755906
 21
-1.2905511811
 31
0.0
  0
LINE
  5
1B61
330
1F
100
AcDbEntity
  8
0
  6
Continuous
 62
     7
370
    25
100
AcDbLine
 10
3.0137795276
 20
-1.3968503937
 30
0.0
 11
3.0137795276
 21
-1.3220472441
 31
0.0
  0
LINE
  5
1B62
330
1F
100
AcDbEntity
  8
0
  6
Continuous
 62
     7
370
    25
100
AcDbLine
 10
3.0452755906
 20
-1.4283464567
 30
0.0
 11
3.0137795276
 21
-1.3968503937
 31
0.0
  0
LINE
  5
1B63
330
1F
100
AcDbEntity
  8
0
  6
Continuous
 62
     7
370
    25
100
AcDbLine
 10
3.1515748031
 20
-1.4283464567
 30
0.0
 11
3.0452755906
 21
-1.4283464567
 31
0.0
  0
LINE
  5
1B64
330
1F
100
AcDbEntity
  8
0
  6
Continuous
 62
     7
370
    25
100
AcDbLine
 10
3.1515748031
 20
-1.2905511811
 30
0.0
 11
3.1515748031
 21
-1.4283464567
 31
0.0
  0
LINE
  5
1B65
330
1F
100
AcDbEntity
  8
0
  6
Continuous
 62
     7
370
    25
100
AcDbLine
 10
3.1515748031
 20
-0.9322834646
 30
0.0
 11
3.0452755906
 21
-0.9322834646
 31
0.0
  0
LINE
  5
1B66
330
1F
100
AcDbEntity
  8
0
  6
Continuous
 62
     7
370
    25
100
AcDbLine
 10
3.1515748031
 20
-0.794488189
 30
0.0
 11
3.1515748031
 21
-0.9322834646
 31
0.0
  0
LINE
  5
1B67
330
1F
100
AcDbEntity
  8
0
  6
Continuous
 62
     7
370
    25
100
AcDbLine
 10
3.0452755906
 20
-0.794488189
 30
0.0
 11
3.1515748031
 21
-0.794488189
 31
0.0
  0
LINE
  5
1B68
330
1F
100
AcDbEntity
  8
0
  6
Continuous
 62
     7
370
    25
100
AcDbLine
 10
3.0137795276
 20
-0.825984252
 30
0.0
 11
3.0452755906
 21
-0.794488189
 31
0.0
  0
LINE
  5
1B69
330
1F
100
AcDbEntity
  8
0
  6
Continuous
 62
     7
370
    25
100
AcDbLine
 10
3.0137795276
 20
-0.9007874016
 30
0.0
 11
3.0137795276
 21
-0.825984252
 31
0.0
  0
LINE
  5
1B6A
330
1F
100
AcDbEntity
  8
0
  6
Continuous
 62
     7
370
    25
100
AcDbLine
 10
3.0452755906
 20
-0.9322834646
 30
0.0
 11
3.0137795276
 21
-0.9007874016
 31
0.0
  0
LINE
  5
1B6B
330
1F
100
AcDbEntity
  8
0
  6
Continuous
 62
     7
370
    25
100
AcDbLine
 10
3.3169291339
 20
-0.9322834646
 30
0.0
 11
3.1791338583
 21
-0.9322834646
 31
0.0
  0
LINE
  5
1B6C
330
1F
100
AcDbEntity
  8
0
  6
Continuous
 62
     7
370
    25
100
AcDbLine
 10
3.3169291339
 20
-0.794488189
 30
0.0
 11
3.3169291339
 21
-0.9322834646
 31
0.0
  0
LINE
  5
1B6D
330
1F
100
AcDbEntity
  8
0
  6
Continuous
 62
     7
370
    25
100
AcDbLine
 10
3.1791338583
 20
-0.794488189
 30
0.0
 11
3.3169291339
 21
-0.794488189
 31
0.0
  0
LINE
  5
1B6E
330
1F
100
AcDbEntity
  8
0
  6
Continuous
 62
     7
370
    25
100
AcDbLine
 10
3.1791338583
 20
-0.9322834646
 30
0.0
 11
3.1791338583
 21
-0.794488189
 31
0.0
  0
LINE
  5
1B6F
330
1F
100
AcDbEntity
  8
0
  6
Continuous
 62
     7
370
    25
100
AcDbLine
 10
3.1791338583
 20
-0.6291338583
 30
0.0
 11
3.3169291339
 21
-0.6291338583
 31
0.0
  0
LINE
  5
1B70
330
1F
100
AcDbEntity
  8
0
  6
Continuous
 62
     7
370
    25
100
AcDbLine
 10
3.1791338583
 20
-0.7669291339
 30
0.0
 11
3.1791338583
 21
-0.6291338583
 31
0.0
  0
LINE
  5
1B71
330
1F
100
AcDbEntity
  8
0
  6
Continuous
 62
     7
370
    25
100
AcDbLine
 10
3.3169291339
 20
-0.7669291339
 30
0.0
 11
3.1791338583
 21
-0.7669291339
 31
0.0
  0
LINE
  5
1B72
330
1F
100
AcDbEntity
  8
0
  6
Continuous
 62
     7
370
    25
100
AcDbLine
 10
3.3169291339
 20
-0.6291338583
 30
0.0
 11
3.3169291339
 21
-0.7669291339
 31
0.0
  0
LINE
  5
1B73
330
1F
100
AcDbEntity
  8
0
  6
Continuous
 62
     7
370
    25
100
AcDbLine
 10
3.0452755906
 20
-0.6291338583
 30
0.0
 11
3.1515748031
 21
-0.6291338583
 31
0.0
  0
LINE
  5
1B74
330
1F
100
AcDbEntity
  8
0
  6
Continuous
 62
     7
370
    25
100
AcDbLine
 10
3.0137795276
 20
-0.6606299213
 30
0.0
 11
3.0452755906
 21
-0.6291338583
 31
0.0
  0
LINE
  5
1B75
330
1F
100
AcDbEntity
  8
0
  6
Continuous
 62
     7
370
    25
100
AcDbLine
 10
3.0137795276
 20
-0.7354330709
 30
0.0
 11
3.0137795276
 21
-0.6606299213
 31
0.0
  0
LINE
  5
1B76
330
1F
100
AcDbEntity
  8
0
  6
Continuous
 62
     7
370
    25
100
AcDbLine
 10
3.0452755906
 20
-0.7669291339
 30
0.0
 11
3.0137795276
 21
-0.7354330709
 31
0.0
  0
LINE
  5
1B77
330
1F
100
AcDbEntity
  8
0
  6
Continuous
 62
     7
370
    25
100
AcDbLine
 10
3.1515748031
 20
-0.7669291339
 30
0.0
 11
3.0452755906
 21
-0.7669291339
 31
0.0
  0
LINE
  5
1B78
330
1F
100
AcDbEntity
  8
0
  6
Continuous
 62
     7
370
    25
100
AcDbLine
 10
3.1515748031
 20
-0.6291338583
 30
0.0
 11
3.1515748031
 21
-0.7669291339
 31
0.0
  0
LINE
  5
1B79
330
1F
100
AcDbEntity
  8
0
  6
Continuous
 62
     7
370
    25
100
AcDbLine
 10
3.1515748031
 20
-0.2708661417
 30
0.0
 11
3.0452755906
 21
-0.2708661417
 31
0.0
  0
LINE
  5
1B7A
330
1F
100
AcDbEntity
  8
0
  6
Continuous
 62
     7
370
    25
100
AcDbLine
 10
3.1515748031
 20
-0.1330708661
 30
0.0
 11
3.1515748031
 21
-0.2708661417
 31
0.0
  0
LINE
  5
1B7B
330
1F
100
AcDbEntity
  8
0
  6
Continuous
 62
     7
370
    25
100
AcDbLine
 10
3.0452755906
 20
-0.1330708661
 30
0.0
 11
3.1515748031
 21
-0.1330708661
 31
0.0
  0
LINE
  5
1B7C
330
1F
100
AcDbEntity
  8
0
  6
Continuous
 62
     7
370
    25
100
AcDbLine
 10
3.0137795276
 20
-0.1645669291
 30
0.0
 11
3.0452755906
 21
-0.1330708661
 31
0.0
  0
LINE
  5
1B7D
330
1F
100
AcDbEntity
  8
0
  6
Continuous
 62
     7
370
    25
100
AcDbLine
 10
3.0137795276
 20
-0.2393700787
 30
0.0
 11
3.0137795276
 21
-0.1645669291
 31
0.0
  0
LINE
  5
1B7E
330
1F
100
AcDbEntity
  8
0
  6
Continuous
 62
     7
370
    25
100
AcDbLine
 10
3.0452755906
 20
-0.2708661417
 30
0.0
 11
3.0137795276
 21
-0.2393700787
 31
0.0
  0
LINE
  5
1B7F
330
1F
100
AcDbEntity
  8
0
  6
Continuous
 62
     7
370
    25
100
AcDbLine
 10
3.3169291339
 20
-0.2708661417
 30
0.0
 11
3.1791338583
 21
-0.2708661417
 31
0.0
  0
LINE
  5
1B80
330
1F
100
AcDbEntity
  8
0
  6
Continuous
 62
     7
370
    25
100
AcDbLine
 10
3.3169291339
 20
-0.1330708661
 30
0.0
 11
3.3169291339
 21
-0.2708661417
 31
0.0
  0
LINE
  5
1B81
330
1F
100
AcDbEntity
  8
0
  6
Continuous
 62
     7
370
    25
100
AcDbLine
 10
3.1791338583
 20
-0.1330708661
 30
0.0
 11
3.3169291339
 21
-0.1330708661
 31
0.0
  0
LINE
  5
1B82
330
1F
100
AcDbEntity
  8
0
  6
Continuous
 62
     7
370
    25
100
AcDbLine
 10
3.1791338583
 20
-0.2708661417
 30
0.0
 11
3.1791338583
 21
-0.1330708661
 31
0.0
  0
LINE
  5
1B83
330
1F
100
AcDbEntity
  8
0
  6
Continuous
 62
     7
370
    25
100
AcDbLine
 10
3.1791338583
 20
0.0322834646
 30
0.0
 11
3.3169291339
 21
0.0322834646
 31
0.0
  0
LINE
  5
1B84
330
1F
100
AcDbEntity
  8
0
  6
Continuous
 62
     7
370
    25
100
AcDbLine
 10
3.1791338583
 20
-0.105511811
 30
0.0
 11
3.1791338583
 21
0.0322834646
 31
0.0
  0
LINE
  5
1B85
330
1F
100
AcDbEntity
  8
0
  6
Continuous
 62
     7
370
    25
100
AcDbLine
 10
3.3169291339
 20
-0.105511811
 30
0.0
 11
3.1791338583
 21
-0.105511811
 31
0.0
  0
LINE
  5
1B86
330
1F
100
AcDbEntity
  8
0
  6
Continuous
 62
     7
370
    25
100
AcDbLine
 10
3.3169291339
 20
0.0322834646
 30
0.0
 11
3.3169291339
 21
-0.105511811
 31
0.0
  0
LINE
  5
1B87
330
1F
100
AcDbEntity
  8
0
  6
Continuous
 62
     7
370
    25
100
AcDbLine
 10
3.0452755906
 20
0.0322834646
 30
0.0
 11
3.1515748031
 21
0.0322834646
 31
0.0
  0
LINE
  5
1B88
330
1F
100
AcDbEntity
  8
0
  6
Continuous
 62
     7
370
    25
100
AcDbLine
 10
3.0137795276
 20
0.0007874016
 30
0.0
 11
3.0452755906
 21
0.0322834646
 31
0.0
  0
LINE
  5
1B89
330
1F
100
AcDbEntity
  8
0
  6
Continuous
 62
     7
370
    25
100
AcDbLine
 10
3.0137795276
 20
-0.074015748
 30
0.0
 11
3.0137795276
 21
0.0007874016
 31
0.0
  0
LINE
  5
1B8A
330
1F
100
AcDbEntity
  8
0
  6
Continuous
 62
     7
370
    25
100
AcDbLine
 10
3.0452755906
 20
-0.105511811
 30
0.0
 11
3.0137795276
 21
-0.074015748
 31
0.0
  0
LINE
  5
1B8B
330
1F
100
AcDbEntity
  8
0
  6
Continuous
 62
     7
370
    25
100
AcDbLine
 10
3.1515748031
 20
-0.105511811
 30
0.0
 11
3.0452755906
 21
-0.105511811
 31
0.0
  0
LINE
  5
1B8C
330
1F
100
AcDbEntity
  8
0
  6
Continuous
 62
     7
370
    25
100
AcDbLine
 10
3.1515748031
 20
0.0322834646
 30
0.0
 11
3.1515748031
 21
-0.105511811
 31
0.0
  0
LINE
  5
1B8D
330
1F
100
AcDbEntity
  8
0
  6
Continuous
 62
     7
370
    25
100
AcDbLine
 10
3.1515748031
 20
-1.262992126
 30
0.0
 11
3.0137795276
 21
-1.262992126
 31
0.0
  0
LINE
  5
1B8E
330
1F
100
AcDbEntity
  8
0
  6
Continuous
 62
     7
370
    25
100
AcDbLine
 10
3.1515748031
 20
-1.1251968504
 30
0.0
 11
3.1515748031
 21
-1.262992126
 31
0.0
  0
LINE
  5
1B8F
330
1F
100
AcDbEntity
  8
0
  6
Continuous
 62
     7
370
    25
100
AcDbLine
 10
3.0137795276
 20
-1.1251968504
 30
0.0
 11
3.1515748031
 21
-1.1251968504
 31
0.0
  0
LINE
  5
1B90
330
1F
100
AcDbEntity
  8
0
  6
Continuous
 62
     7
370
    25
100
AcDbLine
 10
3.0137795276
 20
-1.262992126
 30
0.0
 11
3.0137795276
 21
-1.1251968504
 31
0.0
  0
LINE
  5
1B91
330
1F
100
AcDbEntity
  8
0
  6
Continuous
 62
     7
370
    25
100
AcDbLine
 10
3.3169291339
 20
-1.262992126
 30
0.0
 11
3.218503937
 21
-1.262992126
 31
0.0
  0
LINE
  5
1B92
330
1F
100
AcDbEntity
  8
0
  6
Continuous
 62
     7
370
    25
100
AcDbLine
 10
3.3169291339
 20
-1.1251968504
 30
0.0
 11
3.3169291339
 21
-1.262992126
 31
0.0
  0
LINE
  5
1B93
330
1F
100
AcDbEntity
  8
0
  6
Continuous
 62
     7
370
    25
100
AcDbLine
 10
3.218503937
 20
-1.1251968504
 30
0.0
 11
3.3169291339
 21
-1.1251968504
 31
0.0
  0
LINE
  5
1B94
330
1F
100
AcDbEntity
  8
0
  6
Continuous
 62
     7
370
    25
100
AcDbLine
 10
3.1791338583
 20
-1.1566929134
 30
0.0
 11
3.218503937
 21
-1.1251968504
 31
0.0
  0
LINE
  5
1B95
330
1F
100
AcDbEntity
  8
0
  6
Continuous
 62
     7
370
    25
100
AcDbLine
 10
3.1791338583
 20
-1.231496063
 30
0.0
 11
3.1791338583
 21
-1.1566929134
 31
0.0
  0
LINE
  5
1B96
330
1F
100
AcDbEntity
  8
0
  6
Continuous
 62
     7
370
    25
100
AcDbLine
 10
3.218503937
 20
-1.262992126
 30
0.0
 11
3.1791338583
 21
-1.231496063
 31
0.0
  0
LINE
  5
1B97
330
1F
100
AcDbEntity
  8
0
  6
Continuous
 62
     7
370
    25
100
AcDbLine
 10
3.3169291339
 20
-0.9598425197
 30
0.0
 11
3.3169291339
 21
-1.0976377953
 31
0.0
  0
LINE
  5
1B98
330
1F
100
AcDbEntity
  8
0
  6
Continuous
 62
     7
370
    25
100
AcDbLine
 10
3.2106299213
 20
-0.9598425197
 30
0.0
 11
3.3169291339
 21
-0.9598425197
 31
0.0
  0
LINE
  5
1B99
330
1F
100
AcDbEntity
  8
0
  6
Continuous
 62
     7
370
    25
100
AcDbLine
 10
3.1791338583
 20
-0.9913385827
 30
0.0
 11
3.2106299213
 21
-0.9598425197
 31
0.0
  0
LINE
  5
1B9A
330
1F
100
AcDbEntity
  8
0
  6
Continuous
 62
     7
370
    25
100
AcDbLine
 10
3.1791338583
 20
-1.0661417323
 30
0.0
 11
3.1791338583
 21
-0.9913385827
 31
0.0
  0
LINE
  5
1B9B
330
1F
100
AcDbEntity
  8
0
  6
Continuous
 62
     7
370
    25
100
AcDbLine
 10
3.2106299213
 20
-1.0976377953
 30
0.0
 11
3.1791338583
 21
-1.0661417323
 31
0.0
  0
LINE
  5
1B9C
330
1F
100
AcDbEntity
  8
0
  6
Continuous
 62
     7
370
    25
100
AcDbLine
 10
3.3169291339
 20
-1.0976377953
 30
0.0
 11
3.2106299213
 21
-1.0976377953
 31
0.0
  0
LINE
  5
1B9D
330
1F
100
AcDbEntity
  8
0
  6
Continuous
 62
     7
370
    25
100
AcDbLine
 10
3.1515748031
 20
-0.9598425197
 30
0.0
 11
3.1515748031
 21
-1.0976377953
 31
0.0
  0
LINE
  5
1B9E
330
1F
100
AcDbEntity
  8
0
  6
Continuous
 62
     7
370
    25
100
AcDbLine
 10
3.0137795276
 20
-0.9598425197
 30
0.0
 11
3.1515748031
 21
-0.9598425197
 31
0.0
  0
LINE
  5
1B9F
330
1F
100
AcDbEntity
  8
0
  6
Continuous
 62
     7
370
    25
100
AcDbLine
 10
3.0137795276
 20
-1.0976377953
 30
0.0
 11
3.0137795276
 21
-0.9598425197
 31
0.0
  0
LINE
  5
1BA0
330
1F
100
AcDbEntity
  8
0
  6
Continuous
 62
     7
370
    25
100
AcDbLine
 10
3.1515748031
 20
-1.0976377953
 30
0.0
 11
3.0137795276
 21
-1.0976377953
 31
0.0
  0
LINE
  5
1BA1
330
1F
100
AcDbEntity
  8
0
  6
Continuous
 62
     7
370
    25
100
AcDbLine
 10
3.1515748031
 20
-0.6015748031
 30
0.0
 11
3.0137795276
 21
-0.6015748031
 31
0.0
  0
LINE
  5
1BA2
330
1F
100
AcDbEntity
  8
0
  6
Continuous
 62
     7
370
    25
100
AcDbLine
 10
3.1515748031
 20
-0.4637795276
 30
0.0
 11
3.1515748031
 21
-0.6015748031
 31
0.0
  0
LINE
  5
1BA3
330
1F
100
AcDbEntity
  8
0
  6
Continuous
 62
     7
370
    25
100
AcDbLine
 10
3.0137795276
 20
-0.4637795276
 30
0.0
 11
3.1515748031
 21
-0.4637795276
 31
0.0
  0
LINE
  5
1BA4
330
1F
100
AcDbEntity
  8
0
  6
Continuous
 62
     7
370
    25
100
AcDbLine
 10
3.0137795276
 20
-0.6015748031
 30
0.0
 11
3.0137795276
 21
-0.4637795276
 31
0.0
  0
LINE
  5
1BA5
330
1F
100
AcDbEntity
  8
0
  6
Continuous
 62
     7
370
    25
100
AcDbLine
 10
3.3169291339
 20
-0.6015748031
 30
0.0
 11
3.218503937
 21
-0.6015748031
 31
0.0
  0
LINE
  5
1BA6
330
1F
100
AcDbEntity
  8
0
  6
Continuous
 62
     7
370
    25
100
AcDbLine
 10
3.3169291339
 20
-0.4637795276
 30
0.0
 11
3.3169291339
 21
-0.6015748031
 31
0.0
  0
LINE
  5
1BA7
330
1F
100
AcDbEntity
  8
0
  6
Continuous
 62
     7
370
    25
100
AcDbLine
 10
3.218503937
 20
-0.4637795276
 30
0.0
 11
3.3169291339
 21
-0.4637795276
 31
0.0
  0
LINE
  5
1BA8
330
1F
100
AcDbEntity
  8
0
  6
Continuous
 62
     7
370
    25
100
AcDbLine
 10
3.1791338583
 20
-0.4952755906
 30
0.0
 11
3.218503937
 21
-0.4637795276
 31
0.0
  0
LINE
  5
1BA9
330
1F
100
AcDbEntity
  8
0
  6
Continuous
 62
     7
370
    25
100
AcDbLine
 10
3.1791338583
 20
-0.5700787402
 30
0.0
 11
3.1791338583
 21
-0.4952755906
 31
0.0
  0
LINE
  5
1BAA
330
1F
100
AcDbEntity
  8
0
  6
Continuous
 62
     7
370
    25
100
AcDbLine
 10
3.218503937
 20
-0.6015748031
 30
0.0
 11
3.1791338583
 21
-0.5700787402
 31
0.0
  0
LINE
  5
1BAB
330
1F
100
AcDbEntity
  8
0
  6
Continuous
 62
     7
370
    25
100
AcDbLine
 10
3.3169291339
 20
-0.2984251969
 30
0.0
 11
3.3169291339
 21
-0.4362204724
 31
0.0
  0
LINE
  5
1BAC
330
1F
100
AcDbEntity
  8
0
  6
Continuous
 62
     7
370
    25
100
AcDbLine
 10
3.2106299213
 20
-0.2984251969
 30
0.0
 11
3.3169291339
 21
-0.2984251969
 31
0.0
  0
LINE
  5
1BAD
330
1F
100
AcDbEntity
  8
0
  6
Continuous
 62
     7
370
    25
100
AcDbLine
 10
3.1791338583
 20
-0.3299212598
 30
0.0
 11
3.2106299213
 21
-0.2984251969
 31
0.0
  0
LINE
  5
1BAE
330
1F
100
AcDbEntity
  8
0
  6
Continuous
 62
     7
370
    25
100
AcDbLine
 10
3.1791338583
 20
-0.4047244094
 30
0.0
 11
3.1791338583
 21
-0.3299212598
 31
0.0
  0
LINE
  5
1BAF
330
1F
100
AcDbEntity
  8
0
  6
Continuous
 62
     7
370
    25
100
AcDbLine
 10
3.2106299213
 20
-0.4362204724
 30
0.0
 11
3.1791338583
 21
-0.4047244094
 31
0.0
  0
LINE
  5
1BB0
330
1F
100
AcDbEntity
  8
0
  6
Continuous
 62
     7
370
    25
100
AcDbLine
 10
3.3169291339
 20
-0.4362204724
 30
0.0
 11
3.2106299213
 21
-0.4362204724
 31
0.0
  0
LINE
  5
1BB1
330
1F
100
AcDbEntity
  8
0
  6
Continuous
 62
     7
370
    25
100
AcDbLine
 10
3.1515748031
 20
-0.2984251969
 30
0.0
 11
3.1515748031
 21
-0.4362204724
 31
0.0
  0
LINE
  5
1BB2
330
1F
100
AcDbEntity
  8
0
  6
Continuous
 62
     7
370
    25
100
AcDbLine
 10
3.0137795276
 20
-0.2984251969
 30
0.0
 11
3.1515748031
 21
-0.2984251969
 31
0.0
  0
LINE
  5
1BB3
330
1F
100
AcDbEntity
  8
0
  6
Continuous
 62
     7
370
    25
100
AcDbLine
 10
3.0137795276
 20
-0.4362204724
 30
0.0
 11
3.0137795276
 21
-0.2984251969
 31
0.0
  0
LINE
  5
1BB4
330
1F
100
AcDbEntity
  8
0
  6
Continuous
 62
     7
370
    25
100
AcDbLine
 10
3.1515748031
 20
-0.4362204724
 30
0.0
 11
3.0137795276
 21
-0.4362204724
 31
0.0
  0
LINE
  5
1BB5
330
1F
100
AcDbEntity
  8
0
  6
Continuous
 62
     7
370
    25
100
AcDbLine
 10
3.3464566929
 20
-1.7846456693
 30
0.0
 11
3.3464566929
 21
0.2232283465
 31
0.0
  0
LINE
  5
1BB6
330
1F
100
AcDbEntity
  8
0
  6
Continuous
 62
     7
370
    25
100
AcDbLine
 10
3.0708661417
 20
-1.7964566929
 30
0.0
 11
3.3346456693
 21
-1.7964566929
 31
0.0
  0
LINE
  5
1BB7
330
1F
100
AcDbEntity
  8
0
  6
Continuous
 62
     7
370
    25
100
AcDbLine
 10
3.0393700787
 20
-1.7964566929
 30
0.0
 11
2.9803149606
 21
-1.7964566929
 31
0.0
  0
LINE
  5
1BB8
330
1F
100
AcDbEntity
  8
0
  6
Continuous
 62
     7
370
    25
100
AcDbLine
 10
2.968503937
 20
0.2232283465
 30
0.0
 11
2.968503937
 21
-1.7846456693
 31
0.0
  0
LINE
  5
1BB9
330
1F
100
AcDbEntity
  8
0
  6
Continuous
 62
     7
370
    25
100
AcDbLine
 10
3.2283464567
 20
0.2350393701
 30
0.0
 11
2.9803149606
 21
0.2350393701
 31
0.0
  0
LINE
  5
1BBA
330
1F
100
AcDbEntity
  8
0
  6
Continuous
 62
     7
370
    25
100
AcDbLine
 10
3.2283464567
 20
0.2350393701
 30
0.0
 11
3.2415606241
 21
0.2507874016
 31
0.0
  0
LINE
  5
1BBB
330
1F
100
AcDbEntity
  8
0
  6
Continuous
 62
     7
370
    25
100
AcDbLine
 10
3.2415606241
 20
0.2507874016
 30
0.0
 11
3.2938724468
 21
0.2507874016
 31
0.0
  0
LINE
  5
1BBC
330
1F
100
AcDbEntity
  8
0
  6
Continuous
 62
     7
370
    25
100
AcDbLine
 10
3.3346456693
 20
0.2350393701
 30
0.0
 11
3.3070866142
 21
0.2350393701
 31
0.0
  0
LINE
  5
1BBD
330
1F
100
AcDbEntity
  8
0
  6
Continuous
 62
     7
370
    25
100
AcDbLine
 10
3.2938724468
 20
0.2507874016
 30
0.0
 11
3.3070866142
 21
0.2350393701
 31
0.0
  0
LINE
  5
1BBE
330
1F
100
AcDbEntity
  8
0
  6
Continuous
 62
     7
370
    25
100
AcDbLine
 10
3.4015748031
 20
-0.8476377953
 30
0.0
 11
3.4015748031
 21
-0.7137795276
 31
0.0
  0
LINE
  5
1BBF
330
1F
100
AcDbEntity
  8
0
  6
Continuous
 62
     7
370
    25
100
AcDbLine
 10
3.3464566929
 20
-0.8476377953
 30
0.0
 11
3.4015748031
 21
-0.8476377953
 31
0.0
  0
LINE
  5
1BC0
330
1F
100
AcDbEntity
  8
0
  6
Continuous
 62
     7
370
    25
100
AcDbLine
 10
3.4015748031
 20
-0.7137795276
 30
0.0
 11
3.3464566929
 21
-0.7137795276
 31
0.0
  0
LINE
  5
1BC1
330
1F
100
AcDbEntity
  8
0
  6
Continuous
 62
     7
370
    25
100
AcDbLine
 10
3.2255905512
 20
0.1062992126
 30
0.0
 11
3.2704724409
 21
0.1062992126
 31
0.0
  0
LINE
  5
1BC2
330
1F
100
AcDbEntity
  8
0
  6
Continuous
 62
     7
370
    25
100
AcDbLine
 10
3.2255905512
 20
0.1511811024
 30
0.0
 11
3.2255905512
 21
0.1062992126
 31
0.0
  0
LINE
  5
1BC3
330
1F
100
AcDbEntity
  8
0
  6
Continuous
 62
     7
370
    25
100
AcDbLine
 10
3.2255905512
 20
0.1511811024
 30
0.0
 11
3.2704724409
 21
0.1511811024
 31
0.0
  0
LINE
  5
1BC4
330
1F
100
AcDbEntity
  8
0
  6
Continuous
 62
     7
370
    25
100
AcDbLine
 10
3.2704724409
 20
0.1062992126
 30
0.0
 11
3.2704724409
 21
0.1511811024
 31
0.0
  0
LINE
  5
1BC5
330
1F
100
AcDbEntity
  8
0
  6
Continuous
 62
     7
370
    25
100
AcDbLine
 10
3.0602362205
 20
0.1062992126
 30
0.0
 11
3.1051181102
 21
0.1062992126
 31
0.0
  0
LINE
  5
1BC6
330
1F
100
AcDbEntity
  8
0
  6
Continuous
 62
     7
370
    25
100
AcDbLine
 10
3.0602362205
 20
0.1511811024
 30
0.0
 11
3.1051181102
 21
0.1511811024
 31
0.0
  0
LINE
  5
1BC7
330
1F
100
AcDbEntity
  8
0
  6
Continuous
 62
     7
370
    25
100
AcDbLine
 10
3.1051181102
 20
0.1062992126
 30
0.0
 11
3.1051181102
 21
0.1511811024
 31
0.0
  0
LINE
  5
1BC8
330
1F
100
AcDbEntity
  8
0
  6
Continuous
 62
     7
370
    25
100
AcDbLine
 10
3.0602362205
 20
0.1511811024
 30
0.0
 11
3.0602362205
 21
0.1062992126
 31
0.0
  0
LINE
  5
1BC9
330
1F
100
AcDbEntity
  8
0
  6
Continuous
 62
     7
370
    25
100
AcDbLine
 10
3.0602362205
 20
-0.0590551181
 30
0.0
 11
3.1051181102
 21
-0.0590551181
 31
0.0
  0
LINE
  5
1BCA
330
1F
100
AcDbEntity
  8
0
  6
Continuous
 62
     7
370
    25
100
AcDbLine
 10
3.0602362205
 20
-0.0141732283
 30
0.0
 11
3.0602362205
 21
-0.0590551181
 31
0.0
  0
LINE
  5
1BCB
330
1F
100
AcDbEntity
  8
0
  6
Continuous
 62
     7
370
    25
100
AcDbLine
 10
3.1051181102
 20
-0.0590551181
 30
0.0
 11
3.1051181102
 21
-0.0141732283
 31
0.0
  0
LINE
  5
1BCC
330
1F
100
AcDbEntity
  8
0
  6
Continuous
 62
     7
370
    25
100
AcDbLine
 10
3.0602362205
 20
-0.0141732283
 30
0.0
 11
3.1051181102
 21
-0.0141732283
 31
0.0
  0
LINE
  5
1BCD
330
1F
100
AcDbEntity
  8
0
  6
Continuous
 62
     7
370
    25
100
AcDbLine
 10
3.2255905512
 20
-0.0590551181
 30
0.0
 11
3.2704724409
 21
-0.0590551181
 31
0.0
  0
LINE
  5
1BCE
330
1F
100
AcDbEntity
  8
0
  6
Continuous
 62
     7
370
    25
100
AcDbLine
 10
3.2704724409
 20
-0.0590551181
 30
0.0
 11
3.2704724409
 21
-0.0141732283
 31
0.0
  0
LINE
  5
1BCF
330
1F
100
AcDbEntity
  8
0
  6
Continuous
 62
     7
370
    25
100
AcDbLine
 10
3.2255905512
 20
-0.0141732283
 30
0.0
 11
3.2255905512
 21
-0.0590551181
 31
0.0
  0
LINE
  5
1BD0
330
1F
100
AcDbEntity
  8
0
  6
Continuous
 62
     7
370
    25
100
AcDbLine
 10
3.2255905512
 20
-0.0141732283
 30
0.0
 11
3.2704724409
 21
-0.0141732283
 31
0.0
  0
LINE
  5
1BD1
330
1F
100
AcDbEntity
  8
0
  6
Continuous
 62
     7
370
    25
100
AcDbLine
 10
3.2255905512
 20
-0.2244094488
 30
0.0
 11
3.2704724409
 21
-0.2244094488
 31
0.0
  0
LINE
  5
1BD2
330
1F
100
AcDbEntity
  8
0
  6
Continuous
 62
     7
370
    25
100
AcDbLine
 10
3.2255905512
 20
-0.1795275591
 30
0.0
 11
3.2255905512
 21
-0.2244094488
 31
0.0
  0
LINE
  5
1BD3
330
1F
100
AcDbEntity
  8
0
  6
Continuous
 62
     7
370
    25
100
AcDbLine
 10
3.2255905512
 20
-0.1795275591
 30
0.0
 11
3.2704724409
 21
-0.1795275591
 31
0.0
  0
LINE
  5
1BD4
330
1F
100
AcDbEntity
  8
0
  6
Continuous
 62
     7
370
    25
100
AcDbLine
 10
3.2704724409
 20
-0.2244094488
 30
0.0
 11
3.2704724409
 21
-0.1795275591
 31
0.0
  0
LINE
  5
1BD5
330
1F
100
AcDbEntity
  8
0
  6
Continuous
 62
     7
370
    25
100
AcDbLine
 10
3.0602362205
 20
-0.2244094488
 30
0.0
 11
3.1051181102
 21
-0.2244094488
 31
0.0
  0
LINE
  5
1BD6
330
1F
100
AcDbEntity
  8
0
  6
Continuous
 62
     7
370
    25
100
AcDbLine
 10
3.0602362205
 20
-0.1795275591
 30
0.0
 11
3.0602362205
 21
-0.2244094488
 31
0.0
  0
LINE
  5
1BD7
330
1F
100
AcDbEntity
  8
0
  6
Continuous
 62
     7
370
    25
100
AcDbLine
 10
3.0602362205
 20
-0.1795275591
 30
0.0
 11
3.1051181102
 21
-0.1795275591
 31
0.0
  0
LINE
  5
1BD8
330
1F
100
AcDbEntity
  8
0
  6
Continuous
 62
     7
370
    25
100
AcDbLine
 10
3.1051181102
 20
-0.2244094488
 30
0.0
 11
3.1051181102
 21
-0.1795275591
 31
0.0
  0
LINE
  5
1BD9
330
1F
100
AcDbEntity
  8
0
  6
Continuous
 62
     7
370
    25
100
AcDbLine
 10
3.0602362205
 20
-0.3897637795
 30
0.0
 11
3.1051181102
 21
-0.3897637795
 31
0.0
  0
LINE
  5
1BDA
330
1F
100
AcDbEntity
  8
0
  6
Continuous
 62
     7
370
    25
100
AcDbLine
 10
3.0602362205
 20
-0.3448818898
 30
0.0
 11
3.0602362205
 21
-0.3897637795
 31
0.0
  0
LINE
  5
1BDB
330
1F
100
AcDbEntity
  8
0
  6
Continuous
 62
     7
370
    25
100
AcDbLine
 10
3.0602362205
 20
-0.3448818898
 30
0.0
 11
3.1051181102
 21
-0.3448818898
 31
0.0
  0
LINE
  5
1BDC
330
1F
100
AcDbEntity
  8
0
  6
Continuous
 62
     7
370
    25
100
AcDbLine
 10
3.1051181102
 20
-0.3897637795
 30
0.0
 11
3.1051181102
 21
-0.3448818898
 31
0.0
  0
LINE
  5
1BDD
330
1F
100
AcDbEntity
  8
0
  6
Continuous
 62
     7
370
    25
100
AcDbLine
 10
3.2255905512
 20
-0.3897637795
 30
0.0
 11
3.2704724409
 21
-0.3897637795
 31
0.0
  0
LINE
  5
1BDE
330
1F
100
AcDbEntity
  8
0
  6
Continuous
 62
     7
370
    25
100
AcDbLine
 10
3.2704724409
 20
-0.3897637795
 30
0.0
 11
3.2704724409
 21
-0.3448818898
 31
0.0
  0
LINE
  5
1BDF
330
1F
100
AcDbEntity
  8
0
  6
Continuous
 62
     7
370
    25
100
AcDbLine
 10
3.2255905512
 20
-0.3448818898
 30
0.0
 11
3.2255905512
 21
-0.3897637795
 31
0.0
  0
LINE
  5
1BE0
330
1F
100
AcDbEntity
  8
0
  6
Continuous
 62
     7
370
    25
100
AcDbLine
 10
3.2255905512
 20
-0.3448818898
 30
0.0
 11
3.2704724409
 21
-0.3448818898
 31
0.0
  0
LINE
  5
1BE1
330
1F
100
AcDbEntity
  8
0
  6
Continuous
 62
     7
370
    25
100
AcDbLine
 10
3.2255905512
 20
-0.5551181102
 30
0.0
 11
3.2704724409
 21
-0.5551181102
 31
0.0
  0
LINE
  5
1BE2
330
1F
100
AcDbEntity
  8
0
  6
Continuous
 62
     7
370
    25
100
AcDbLine
 10
3.2704724409
 20
-0.5551181102
 30
0.0
 11
3.2704724409
 21
-0.5102362205
 31
0.0
  0
LINE
  5
1BE3
330
1F
100
AcDbEntity
  8
0
  6
Continuous
 62
     7
370
    25
100
AcDbLine
 10
3.2255905512
 20
-0.5102362205
 30
0.0
 11
3.2255905512
 21
-0.5551181102
 31
0.0
  0
LINE
  5
1BE4
330
1F
100
AcDbEntity
  8
0
  6
Continuous
 62
     7
370
    25
100
AcDbLine
 10
3.2255905512
 20
-0.5102362205
 30
0.0
 11
3.2704724409
 21
-0.5102362205
 31
0.0
  0
LINE
  5
1BE5
330
1F
100
AcDbEntity
  8
0
  6
Continuous
 62
     7
370
    25
100
AcDbLine
 10
3.0602362205
 20
-0.5551181102
 30
0.0
 11
3.1051181102
 21
-0.5551181102
 31
0.0
  0
LINE
  5
1BE6
330
1F
100
AcDbEntity
  8
0
  6
Continuous
 62
     7
370
    25
100
AcDbLine
 10
3.0602362205
 20
-0.5102362205
 30
0.0
 11
3.0602362205
 21
-0.5551181102
 31
0.0
  0
LINE
  5
1BE7
330
1F
100
AcDbEntity
  8
0
  6
Continuous
 62
     7
370
    25
100
AcDbLine
 10
3.1051181102
 20
-0.5551181102
 30
0.0
 11
3.1051181102
 21
-0.5102362205
 31
0.0
  0
LINE
  5
1BE8
330
1F
100
AcDbEntity
  8
0
  6
Continuous
 62
     7
370
    25
100
AcDbLine
 10
3.0602362205
 20
-0.5102362205
 30
0.0
 11
3.1051181102
 21
-0.5102362205
 31
0.0
  0
LINE
  5
1BE9
330
1F
100
AcDbEntity
  8
0
  6
Continuous
 62
     7
370
    25
100
AcDbLine
 10
3.2255905512
 20
-0.7204724409
 30
0.0
 11
3.2704724409
 21
-0.7204724409
 31
0.0
  0
LINE
  5
1BEA
330
1F
100
AcDbEntity
  8
0
  6
Continuous
 62
     7
370
    25
100
AcDbLine
 10
3.2255905512
 20
-0.6755905512
 30
0.0
 11
3.2255905512
 21
-0.7204724409
 31
0.0
  0
LINE
  5
1BEB
330
1F
100
AcDbEntity
  8
0
  6
Continuous
 62
     7
370
    25
100
AcDbLine
 10
3.2255905512
 20
-0.6755905512
 30
0.0
 11
3.2704724409
 21
-0.6755905512
 31
0.0
  0
LINE
  5
1BEC
330
1F
100
AcDbEntity
  8
0
  6
Continuous
 62
     7
370
    25
100
AcDbLine
 10
3.2704724409
 20
-0.7204724409
 30
0.0
 11
3.2704724409
 21
-0.6755905512
 31
0.0
  0
LINE
  5
1BED
330
1F
100
AcDbEntity
  8
0
  6
Continuous
 62
     7
370
    25
100
AcDbLine
 10
3.0602362205
 20
-0.7204724409
 30
0.0
 11
3.1051181102
 21
-0.7204724409
 31
0.0
  0
LINE
  5
1BEE
330
1F
100
AcDbEntity
  8
0
  6
Continuous
 62
     7
370
    25
100
AcDbLine
 10
3.0602362205
 20
-0.6755905512
 30
0.0
 11
3.0602362205
 21
-0.7204724409
 31
0.0
  0
LINE
  5
1BEF
330
1F
100
AcDbEntity
  8
0
  6
Continuous
 62
     7
370
    25
100
AcDbLine
 10
3.0602362205
 20
-0.6755905512
 30
0.0
 11
3.1051181102
 21
-0.6755905512
 31
0.0
  0
LINE
  5
1BF0
330
1F
100
AcDbEntity
  8
0
  6
Continuous
 62
     7
370
    25
100
AcDbLine
 10
3.1051181102
 20
-0.7204724409
 30
0.0
 11
3.1051181102
 21
-0.6755905512
 31
0.0
  0
LINE
  5
1BF1
330
1F
100
AcDbEntity
  8
0
  6
Continuous
 62
     7
370
    25
100
AcDbLine
 10
3.0602362205
 20
-0.8858267717
 30
0.0
 11
3.1051181102
 21
-0.8858267717
 31
0.0
  0
LINE
  5
1BF2
330
1F
100
AcDbEntity
  8
0
  6
Continuous
 62
     7
370
    25
100
AcDbLine
 10
3.0602362205
 20
-0.8409448819
 30
0.0
 11
3.0602362205
 21
-0.8858267717
 31
0.0
  0
LINE
  5
1BF3
330
1F
100
AcDbEntity
  8
0
  6
Continuous
 62
     7
370
    25
100
AcDbLine
 10
3.1051181102
 20
-0.8858267717
 30
0.0
 11
3.1051181102
 21
-0.8409448819
 31
0.0
  0
LINE
  5
1BF4
330
1F
100
AcDbEntity
  8
0
  6
Continuous
 62
     7
370
    25
100
AcDbLine
 10
3.0602362205
 20
-0.8409448819
 30
0.0
 11
3.1051181102
 21
-0.8409448819
 31
0.0
  0
LINE
  5
1BF5
330
1F
100
AcDbEntity
  8
0
  6
Continuous
 62
     7
370
    25
100
AcDbLine
 10
3.2255905512
 20
-0.8858267717
 30
0.0
 11
3.2704724409
 21
-0.8858267717
 31
0.0
  0
LINE
  5
1BF6
330
1F
100
AcDbEntity
  8
0
  6
Continuous
 62
     7
370
    25
100
AcDbLine
 10
3.2255905512
 20
-0.8409448819
 30
0.0
 11
3.2704724409
 21
-0.8409448819
 31
0.0
  0
LINE
  5
1BF7
330
1F
100
AcDbEntity
  8
0
  6
Continuous
 62
     7
370
    25
100
AcDbLine
 10
3.2255905512
 20
-0.8409448819
 30
0.0
 11
3.2255905512
 21
-0.8858267717
 31
0.0
  0
LINE
  5
1BF8
330
1F
100
AcDbEntity
  8
0
  6
Continuous
 62
     7
370
    25
100
AcDbLine
 10
3.2704724409
 20
-0.8858267717
 30
0.0
 11
3.2704724409
 21
-0.8409448819
 31
0.0
  0
LINE
  5
1BF9
330
1F
100
AcDbEntity
  8
0
  6
Continuous
 62
     7
370
    25
100
AcDbLine
 10
3.2255905512
 20
-1.0511811024
 30
0.0
 11
3.2704724409
 21
-1.0511811024
 31
0.0
  0
LINE
  5
1BFA
330
1F
100
AcDbEntity
  8
0
  6
Continuous
 62
     7
370
    25
100
AcDbLine
 10
3.2255905512
 20
-1.0062992126
 30
0.0
 11
3.2255905512
 21
-1.0511811024
 31
0.0
  0
LINE
  5
1BFB
330
1F
100
AcDbEntity
  8
0
  6
Continuous
 62
     7
370
    25
100
AcDbLine
 10
3.2255905512
 20
-1.0062992126
 30
0.0
 11
3.2704724409
 21
-1.0062992126
 31
0.0
  0
LINE
  5
1BFC
330
1F
100
AcDbEntity
  8
0
  6
Continuous
 62
     7
370
    25
100
AcDbLine
 10
3.2704724409
 20
-1.0511811024
 30
0.0
 11
3.2704724409
 21
-1.0062992126
 31
0.0
  0
LINE
  5
1BFD
330
1F
100
AcDbEntity
  8
0
  6
Continuous
 62
     7
370
    25
100
AcDbLine
 10
3.0602362205
 20
-1.0511811024
 30
0.0
 11
3.1051181102
 21
-1.0511811024
 31
0.0
  0
LINE
  5
1BFE
330
1F
100
AcDbEntity
  8
0
  6
Continuous
 62
     7
370
    25
100
AcDbLine
 10
3.1051181102
 20
-1.0511811024
 30
0.0
 11
3.1051181102
 21
-1.0062992126
 31
0.0
  0
LINE
  5
1BFF
330
1F
100
AcDbEntity
  8
0
  6
Continuous
 62
     7
370
    25
100
AcDbLine
 10
3.0602362205
 20
-1.0062992126
 30
0.0
 11
3.0602362205
 21
-1.0511811024
 31
0.0
  0
LINE
  5
1C00
330
1F
100
AcDbEntity
  8
0
  6
Continuous
 62
     7
370
    25
100
AcDbLine
 10
3.0602362205
 20
-1.0062992126
 30
0.0
 11
3.1051181102
 21
-1.0062992126
 31
0.0
  0
LINE
  5
1C01
330
1F
100
AcDbEntity
  8
0
  6
Continuous
 62
     7
370
    25
100
AcDbLine
 10
3.2255905512
 20
-1.2165354331
 30
0.0
 11
3.2704724409
 21
-1.2165354331
 31
0.0
  0
LINE
  5
1C02
330
1F
100
AcDbEntity
  8
0
  6
Continuous
 62
     7
370
    25
100
AcDbLine
 10
3.2255905512
 20
-1.1716535433
 30
0.0
 11
3.2255905512
 21
-1.2165354331
 31
0.0
  0
LINE
  5
1C03
330
1F
100
AcDbEntity
  8
0
  6
Continuous
 62
     7
370
    25
100
AcDbLine
 10
3.2255905512
 20
-1.1716535433
 30
0.0
 11
3.2704724409
 21
-1.1716535433
 31
0.0
  0
LINE
  5
1C04
330
1F
100
AcDbEntity
  8
0
  6
Continuous
 62
     7
370
    25
100
AcDbLine
 10
3.2704724409
 20
-1.2165354331
 30
0.0
 11
3.2704724409
 21
-1.1716535433
 31
0.0
  0
LINE
  5
1C05
330
1F
100
AcDbEntity
  8
0
  6
Continuous
 62
     7
370
    25
100
AcDbLine
 10
3.0602362205
 20
-1.2165354331
 30
0.0
 11
3.1051181102
 21
-1.2165354331
 31
0.0
  0
LINE
  5
1C06
330
1F
100
AcDbEntity
  8
0
  6
Continuous
 62
     7
370
    25
100
AcDbLine
 10
3.1051181102
 20
-1.2165354331
 30
0.0
 11
3.1051181102
 21
-1.1716535433
 31
0.0
  0
LINE
  5
1C07
330
1F
100
AcDbEntity
  8
0
  6
Continuous
 62
     7
370
    25
100
AcDbLine
 10
3.0602362205
 20
-1.1716535433
 30
0.0
 11
3.0602362205
 21
-1.2165354331
 31
0.0
  0
LINE
  5
1C08
330
1F
100
AcDbEntity
  8
0
  6
Continuous
 62
     7
370
    25
100
AcDbLine
 10
3.0602362205
 20
-1.1716535433
 30
0.0
 11
3.1051181102
 21
-1.1716535433
 31
0.0
  0
LINE
  5
1C09
330
1F
100
AcDbEntity
  8
0
  6
Continuous
 62
     7
370
    25
100
AcDbLine
 10
3.2255905512
 20
-1.3818897638
 30
0.0
 11
3.2704724409
 21
-1.3818897638
 31
0.0
  0
LINE
  5
1C0A
330
1F
100
AcDbEntity
  8
0
  6
Continuous
 62
     7
370
    25
100
AcDbLine
 10
3.2255905512
 20
-1.337007874
 30
0.0
 11
3.2255905512
 21
-1.3818897638
 31
0.0
  0
LINE
  5
1C0B
330
1F
100
AcDbEntity
  8
0
  6
Continuous
 62
     7
370
    25
100
AcDbLine
 10
3.2255905512
 20
-1.337007874
 30
0.0
 11
3.2704724409
 21
-1.337007874
 31
0.0
  0
LINE
  5
1C0C
330
1F
100
AcDbEntity
  8
0
  6
Continuous
 62
     7
370
    25
100
AcDbLine
 10
3.2704724409
 20
-1.3818897638
 30
0.0
 11
3.2704724409
 21
-1.337007874
 31
0.0
  0
LINE
  5
1C0D
330
1F
100
AcDbEntity
  8
0
  6
Continuous
 62
     7
370
    25
100
AcDbLine
 10
3.0602362205
 20
-1.3818897638
 30
0.0
 11
3.1051181102
 21
-1.3818897638
 31
0.0
  0
LINE
  5
1C0E
330
1F
100
AcDbEntity
  8
0
  6
Continuous
 62
     7
370
    25
100
AcDbLine
 10
3.0602362205
 20
-1.337007874
 30
0.0
 11
3.1051181102
 21
-1.337007874
 31
0.0
  0
LINE
  5
1C0F
330
1F
100
AcDbEntity
  8
0
  6
Continuous
 62
     7
370
    25
100
AcDbLine
 10
3.1051181102
 20
-1.3818897638
 30
0.0
 11
3.1051181102
 21
-1.337007874
 31
0.0
  0
LINE
  5
1C10
330
1F
100
AcDbEntity
  8
0
  6
Continuous
 62
     7
370
    25
100
AcDbLine
 10
3.0602362205
 20
-1.337007874
 30
0.0
 11
3.0602362205
 21
-1.3818897638
 31
0.0
  0
LINE
  5
1C11
330
1F
100
AcDbEntity
  8
0
  6
Continuous
 62
     7
370
    25
100
AcDbLine
 10
3.0602362205
 20
-1.5472440945
 30
0.0
 11
3.1051181102
 21
-1.5472440945
 31
0.0
  0
LINE
  5
1C12
330
1F
100
AcDbEntity
  8
0
  6
Continuous
 62
     7
370
    25
100
AcDbLine
 10
3.0602362205
 20
-1.5023622047
 30
0.0
 11
3.0602362205
 21
-1.5472440945
 31
0.0
  0
LINE
  5
1C13
330
1F
100
AcDbEntity
  8
0
  6
Continuous
 62
     7
370
    25
100
AcDbLine
 10
3.0602362205
 20
-1.5023622047
 30
0.0
 11
3.1051181102
 21
-1.5023622047
 31
0.0
  0
LINE
  5
1C14
330
1F
100
AcDbEntity
  8
0
  6
Continuous
 62
     7
370
    25
100
AcDbLine
 10
3.1051181102
 20
-1.5472440945
 30
0.0
 11
3.1051181102
 21
-1.5023622047
 31
0.0
  0
LINE
  5
1C15
330
1F
100
AcDbEntity
  8
0
  6
Continuous
 62
     7
370
    25
100
AcDbLine
 10
3.2255905512
 20
-1.5472440945
 30
0.0
 11
3.2704724409
 21
-1.5472440945
 31
0.0
  0
LINE
  5
1C16
330
1F
100
AcDbEntity
  8
0
  6
Continuous
 62
     7
370
    25
100
AcDbLine
 10
3.2255905512
 20
-1.5023622047
 30
0.0
 11
3.2255905512
 21
-1.5472440945
 31
0.0
  0
LINE
  5
1C17
330
1F
100
AcDbEntity
  8
0
  6
Continuous
 62
     7
370
    25
100
AcDbLine
 10
3.2255905512
 20
-1.5023622047
 30
0.0
 11
3.2704724409
 21
-1.5023622047
 31
0.0
  0
LINE
  5
1C18
330
1F
100
AcDbEntity
  8
0
  6
Continuous
 62
     7
370
    25
100
AcDbLine
 10
3.2704724409
 20
-1.5472440945
 30
0.0
 11
3.2704724409
 21
-1.5023622047
 31
0.0
  0
LINE
  5
1C19
330
1F
100
AcDbEntity
  8
0
  6
Continuous
 62
     7
370
    25
100
AcDbLine
 10
3.2255905512
 20
-1.7125984252
 30
0.0
 11
3.2704724409
 21
-1.7125984252
 31
0.0
  0
LINE
  5
1C1A
330
1F
100
AcDbEntity
  8
0
  6
Continuous
 62
     7
370
    25
100
AcDbLine
 10
3.2255905512
 20
-1.6677165354
 30
0.0
 11
3.2255905512
 21
-1.7125984252
 31
0.0
  0
LINE
  5
1C1B
330
1F
100
AcDbEntity
  8
0
  6
Continuous
 62
     7
370
    25
100
AcDbLine
 10
3.2255905512
 20
-1.6677165354
 30
0.0
 11
3.2704724409
 21
-1.6677165354
 31
0.0
  0
LINE
  5
1C1C
330
1F
100
AcDbEntity
  8
0
  6
Continuous
 62
     7
370
    25
100
AcDbLine
 10
3.2704724409
 20
-1.7125984252
 30
0.0
 11
3.2704724409
 21
-1.6677165354
 31
0.0
  0
LINE
  5
1C1D
330
1F
100
AcDbEntity
  8
0
  6
Continuous
 62
     7
370
    25
100
AcDbLine
 10
3.0602362205
 20
-1.7125984252
 30
0.0
 11
3.1051181102
 21
-1.7125984252
 31
0.0
  0
LINE
  5
1C1E
330
1F
100
AcDbEntity
  8
0
  6
Continuous
 62
     7
370
    25
100
AcDbLine
 10
3.0602362205
 20
-1.7125984252
 30
0.0
 11
3.0602362205
 21
-1.6677165354
 31
0.0
  0
LINE
  5
1C1F
330
1F
100
AcDbEntity
  8
0
  6
Continuous
 62
     7
370
    25
100
AcDbLine
 10
3.1051181102
 20
-1.6677165354
 30
0.0
 11
3.0602362205
 21
-1.6677165354
 31
0.0
  0
LINE
  5
1C20
330
1F
100
AcDbEntity
  8
0
  6
Continuous
 62
     7
370
    25
100
AcDbLine
 10
3.1051181102
 20
-1.6677165354
 30
0.0
 11
3.1051181102
 21
-1.7125984252
 31
0.0
  0
LINE
  5
1C21
330
1F
100
AcDbEntity
  8
0
  6
Continuous
 62
     7
370
    25
100
AcDbLine
 10
-2.3640361705
 20
-1.6397906411
 30
0.0
 11
-2.3640361705
 21
-0.9500740962
 31
0.0
  0
LINE
  5
1C22
330
1F
100
AcDbEntity
  8
0
  6
Continuous
 62
     7
370
    25
100
AcDbLine
 10
-3.3464566929
 20
-1.6397906411
 30
0.0
 11
-2.3640361705
 21
-1.6397906411
 31
0.0
  0
LINE
  5
1C23
330
1F
100
AcDbEntity
  8
0
  6
Continuous
 62
     7
370
    25
100
AcDbLine
 10
-3.3464566929
 20
-0.9500740962
 30
0.0
 11
-3.3464566929
 21
-1.6397906411
 31
0.0
  0
LINE
  5
1C24
330
1F
100
AcDbEntity
  8
0
  6
Continuous
 62
     7
370
    25
100
AcDbLine
 10
-2.3640361705
 20
-0.9500740962
 30
0.0
 11
-3.3464566929
 21
-0.9500740962
 31
0.0
  0
LINE
  5
1C25
330
1F
100
AcDbEntity
  8
0
  6
Continuous
 62
     7
370
    25
100
AcDbLine
 10
2.6229566929
 20
3.3079714115
 30
0.0
 11
2.7799566929
 21
3.3079714115
 31
0.0
  0
LINE
  5
1C26
330
1F
100
AcDbEntity
  8
0
  6
Continuous
 62
     7
370
    25
100
AcDbLine
 10
2.7799566929
 20
3.3284566929
 30
0.0
 11
2.6229566929
 21
3.3284566929
 31
0.0
  0
LINE
  5
1C27
330
1F
100
AcDbEntity
  8
0
  6
Continuous
 62
     7
370
    25
100
AcDbLine
 10
2.6229566929
 20
-2.4855433071
 30
0.0
 11
2.7799566929
 21
-2.4855433071
 31
0.0
  0
LINE
  5
1C28
330
1F
100
AcDbEntity
  8
0
  6
Continuous
 62
     7
370
    25
100
AcDbLine
 10
2.7799566929
 20
-2.4650580257
 30
0.0
 11
2.6229566929
 21
-2.4650580257
 31
0.0
  0
LINE
  5
1C29
330
1F
100
AcDbEntity
  8
0
  6
Continuous
 62
     7
370
    25
100
AcDbLine
 10
2.6229566929
 20
-2.4485433071
 30
0.0
 11
2.7799566929
 21
-2.4485433071
 31
0.0
  0
LINE
  5
1C2A
330
1F
100
AcDbEntity
  8
0
  6
Continuous
 62
     7
370
    25
100
AcDbLine
 10
2.6229566929
 20
3.2914566929
 30
0.0
 11
2.7799566929
 21
3.2914566929
 31
0.0
  0
LINE
  5
1C2B
330
1F
100
AcDbEntity
  8
0
  6
Continuous
 62
     7
370
    25
100
AcDbLine
 10
2.6229566929
 20
3.2714566929
 30
0.0
 11
2.7799566929
 21
3.2714566929
 31
0.0
  0
LINE
  5
1C2C
330
1F
100
AcDbEntity
  8
0
  6
Continuous
 62
     7
370
    25
100
AcDbLine
 10
2.6229566929
 20
-2.4285433071
 30
0.0
 11
2.7799566929
 21
-2.4285433071
 31
0.0
  0
LINE
  5
1C2D
330
1F
100
AcDbEntity
  8
0
  6
Continuous
 62
     7
370
    25
100
AcDbLine
 10
2.6229566929
 20
3.2514566929
 30
0.0
 11
2.7799566929
 21
3.2514566929
 31
0.0
  0
LINE
  5
1C2E
330
1F
100
AcDbEntity
  8
0
  6
Continuous
 62
     7
370
    25
100
AcDbLine
 10
2.6229566929
 20
-2.4085433071
 30
0.0
 11
2.7799566929
 21
-2.4085433071
 31
0.0
  0
LINE
  5
1C2F
330
1F
100
AcDbEntity
  8
0
  6
Continuous
 62
     7
370
    25
100
AcDbLine
 10
2.6229566929
 20
3.2314566929
 30
0.0
 11
2.7799566929
 21
3.2314566929
 31
0.0
  0
LINE
  5
1C30
330
1F
100
AcDbEntity
  8
0
  6
Continuous
 62
     7
370
    25
100
AcDbLine
 10
2.6229566929
 20
-2.3885433071
 30
0.0
 11
2.7799566929
 21
-2.3885433071
 31
0.0
  0
LINE
  5
1C31
330
1F
100
AcDbEntity
  8
0
  6
Continuous
 62
     7
370
    25
100
AcDbLine
 10
2.6229566929
 20
3.2114566929
 30
0.0
 11
2.7799566929
 21
3.2114566929
 31
0.0
  0
LINE
  5
1C32
330
1F
100
AcDbEntity
  8
0
  6
Continuous
 62
     7
370
    25
100
AcDbLine
 10
2.6229566929
 20
-2.3685433071
 30
0.0
 11
2.7799566929
 21
-2.3685433071
 31
0.0
  0
LINE
  5
1C33
330
1F
100
AcDbEntity
  8
0
  6
Continuous
 62
     7
370
    25
100
AcDbLine
 10
2.6229566929
 20
3.1914566929
 30
0.0
 11
2.7799566929
 21
3.1914566929
 31
0.0
  0
LINE
  5
1C34
330
1F
100
AcDbEntity
  8
0
  6
Continuous
 62
     7
370
    25
100
AcDbLine
 10
2.6229566929
 20
2.9414566929
 30
0.0
 11
2.7799566929
 21
2.9414566929
 31
0.0
  0
LINE
  5
1C35
330
1F
100
AcDbEntity
  8
0
  6
Continuous
 62
     7
370
    25
100
AcDbLine
 10
2.6229566929
 20
3.3079714118
 30
0.0
 11
2.6229566929
 21
2.9214566929
 31
0.0
  0
LINE
  5
1C36
330
1F
100
AcDbEntity
  8
0
  6
Continuous
 62
     7
370
    25
100
AcDbLine
 10
2.7799566929
 20
3.3079714118
 30
0.0
 11
2.7799566929
 21
2.9214566929
 31
0.0
  0
LINE
  5
1C37
330
1F
100
AcDbEntity
  8
0
  6
Continuous
 62
     7
370
    25
100
AcDbLine
 10
2.6229566929
 20
-2.3485433071
 30
0.0
 11
2.7799566929
 21
-2.3485433071
 31
0.0
  0
LINE
  5
1C38
330
1F
100
AcDbEntity
  8
0
  6
Continuous
 62
     7
370
    25
100
AcDbLine
 10
2.6229566929
 20
-2.0985433071
 30
0.0
 11
2.7799566929
 21
-2.0985433071
 31
0.0
  0
LINE
  5
1C39
330
1F
100
AcDbEntity
  8
0
  6
Continuous
 62
     7
370
    25
100
AcDbLine
 10
2.6229566929
 20
-2.0785433071
 30
0.0
 11
2.6229566929
 21
-2.465058026
 31
0.0
  0
LINE
  5
1C3A
330
1F
100
AcDbEntity
  8
0
  6
Continuous
 62
     7
370
    25
100
AcDbLine
 10
2.7799566929
 20
-2.0785433071
 30
0.0
 11
2.7799566929
 21
-2.465058026
 31
0.0
  0
LINE
  5
1C3B
330
1F
100
AcDbEntity
  8
0
  6
Continuous
 62
     7
370
    25
100
AcDbLine
 10
2.8464566929
 20
3.1964566929
 30
0.0
 11
2.7799566929
 21
3.1964566929
 31
0.0
  0
LINE
  5
1C3C
330
1F
100
AcDbEntity
  8
0
  6
Continuous
 62
     7
370
    25
100
AcDbLine
 10
2.8264566929
 20
2.9214566929
 30
0.0
 11
2.8264566929
 21
3.1964566929
 31
0.0
  0
LINE
  5
1C3D
330
1F
100
AcDbEntity
  8
0
  6
Continuous
 62
     7
370
    25
100
AcDbLine
 10
2.8264566929
 20
3.1889566929
 30
0.0
 11
2.7799566929
 21
3.1889566929
 31
0.0
  0
LINE
  5
1C3E
330
1F
100
AcDbEntity
  8
0
  6
Continuous
 62
     7
370
    25
100
AcDbLine
 10
2.5764566929
 20
3.1889566929
 30
0.0
 11
2.6229566929
 21
3.1889566929
 31
0.0
  0
LINE
  5
1C3F
330
1F
100
AcDbEntity
  8
0
  6
Continuous
 62
     7
370
    25
100
AcDbLine
 10
2.5764566929
 20
3.1964566929
 30
0.0
 11
2.5764566929
 21
2.9214566929
 31
0.0
  0
LINE
  5
1C40
330
1F
100
AcDbEntity
  8
0
  6
Continuous
 62
     7
370
    25
100
AcDbLine
 10
2.6229566929
 20
3.1964566929
 30
0.0
 11
2.5564566929
 21
3.1964566929
 31
0.0
  0
LINE
  5
1C41
330
1F
100
AcDbEntity
  8
0
  6
Continuous
 62
     7
370
    25
100
AcDbLine
 10
2.5764566929
 20
3.0138327359
 30
0.0
 11
2.6229566929
 21
3.0138327359
 31
0.0
  0
LINE
  5
1C42
330
1F
100
AcDbEntity
  8
0
  6
Continuous
 62
     7
370
    25
100
AcDbLine
 10
2.8264566929
 20
3.0138327359
 30
0.0
 11
2.7799566929
 21
3.0138327359
 31
0.0
  0
LINE
  5
1C43
330
1F
100
AcDbEntity
  8
0
  6
Continuous
 62
     7
370
    25
100
AcDbLine
 10
2.7799566929
 20
2.9214566929
 30
0.0
 11
2.8264566929
 21
2.921456693
 31
0.0
  0
LINE
  5
1C44
330
1F
100
AcDbEntity
  8
0
  6
Continuous
 62
     7
370
    25
100
AcDbLine
 10
2.5764566929
 20
2.921456693
 30
0.0
 11
2.6229566929
 21
2.9214566929
 31
0.0
  0
LINE
  5
1C45
330
1F
100
AcDbEntity
  8
0
  6
Continuous
 62
     7
370
    25
100
AcDbLine
 10
2.8264566929
 20
-2.0785433072
 30
0.0
 11
2.7799566929
 21
-2.0785433071
 31
0.0
  0
LINE
  5
1C46
330
1F
100
AcDbEntity
  8
0
  6
Continuous
 62
     7
370
    25
100
AcDbLine
 10
2.8264566929
 20
-2.3535433071
 30
0.0
 11
2.8264566929
 21
-2.0785433072
 31
0.0
  0
LINE
  5
1C47
330
1F
100
AcDbEntity
  8
0
  6
Continuous
 62
     7
370
    25
100
AcDbLine
 10
2.8264566929
 20
-2.1709193501
 30
0.0
 11
2.7799566929
 21
-2.1709193501
 31
0.0
  0
LINE
  5
1C48
330
1F
100
AcDbEntity
  8
0
  6
Continuous
 62
     7
370
    25
100
AcDbLine
 10
2.6229566929
 20
-2.1709193501
 30
0.0
 11
2.5764566929
 21
-2.1709193501
 31
0.0
  0
LINE
  5
1C49
330
1F
100
AcDbEntity
  8
0
  6
Continuous
 62
     7
370
    25
100
AcDbLine
 10
2.6229566929
 20
-2.0785433071
 30
0.0
 11
2.5764566929
 21
-2.0785433072
 31
0.0
  0
LINE
  5
1C4A
330
1F
100
AcDbEntity
  8
0
  6
Continuous
 62
     7
370
    25
100
AcDbLine
 10
2.5764566929
 20
-2.0785433072
 30
0.0
 11
2.5764566929
 21
-2.3535433071
 31
0.0
  0
LINE
  5
1C4B
330
1F
100
AcDbEntity
  8
0
  6
Continuous
 62
     7
370
    25
100
AcDbLine
 10
2.8264566929
 20
-2.3460433071
 30
0.0
 11
2.7799566929
 21
-2.3460433071
 31
0.0
  0
LINE
  5
1C4C
330
1F
100
AcDbEntity
  8
0
  6
Continuous
 62
     7
370
    25
100
AcDbLine
 10
2.5764566929
 20
-2.3460433071
 30
0.0
 11
2.6229566929
 21
-2.3460433071
 31
0.0
  0
LINE
  5
1C4D
330
1F
100
AcDbEntity
  8
0
  6
Continuous
 62
     7
370
    25
100
AcDbLine
 10
2.7799566929
 20
-2.3535433071
 30
0.0
 11
2.8464566929
 21
-2.3535433071
 31
0.0
  0
LINE
  5
1C4E
330
1F
100
AcDbEntity
  8
0
  6
Continuous
 62
     7
370
    25
100
AcDbLine
 10
2.5564566929
 20
-2.3535433071
 30
0.0
 11
2.6229566929
 21
-2.3535433071
 31
0.0
  0
LINE
  5
1C4F
330
1F
100
AcDbEntity
  8
0
  6
Continuous
 62
     7
370
    25
100
AcDbLine
 10
2.6614566929
 20
2.8714566935
 30
0.0
 11
2.6614566929
 21
2.8039566939
 31
0.0
  0
LINE
  5
1C50
330
1F
100
AcDbEntity
  8
0
  6
Continuous
 62
     7
370
    25
100
AcDbLine
 10
2.6694566929
 20
2.8039566929
 30
0.0
 11
2.5944566929
 21
2.8039566929
 31
0.0
  0
LINE
  5
1C51
330
1F
100
AcDbEntity
  8
0
  6
Continuous
 62
     7
370
    25
100
AcDbLine
 10
2.5944566929
 20
2.8039566939
 30
0.0
 11
2.5944566929
 21
2.7889566939
 31
0.0
  0
LINE
  5
1C52
330
1F
100
AcDbEntity
  8
0
  6
Continuous
 62
     7
370
    25
100
AcDbLine
 10
2.5944566929
 20
2.7889566929
 30
0.0
 11
2.6694566929
 21
2.7889566933
 31
0.0
  0
LINE
  5
1C53
330
1F
100
AcDbEntity
  8
0
  6
Continuous
 62
     7
370
    25
100
AcDbLine
 10
2.6614566929
 20
2.7889566939
 30
0.0
 11
2.6614566929
 21
2.753956692
 31
0.0
  0
LINE
  5
1C54
330
1F
100
AcDbEntity
  8
0
  6
Continuous
 62
     7
370
    25
100
AcDbLine
 10
2.6694566929
 20
2.7539566933
 30
0.0
 11
2.5944566929
 21
2.7539566929
 31
0.0
  0
LINE
  5
1C55
330
1F
100
AcDbEntity
  8
0
  6
Continuous
 62
     7
370
    25
100
AcDbLine
 10
2.5944566929
 20
2.753956692
 30
0.0
 11
2.5944566929
 21
2.7389566921
 31
0.0
  0
LINE
  5
1C56
330
1F
100
AcDbEntity
  8
0
  6
Continuous
 62
     7
370
    25
100
AcDbLine
 10
2.5944566929
 20
2.7389566929
 30
0.0
 11
2.6694566929
 21
2.7389566929
 31
0.0
  0
LINE
  5
1C57
330
1F
100
AcDbEntity
  8
0
  6
Continuous
 62
     7
370
    25
100
AcDbLine
 10
2.6614566929
 20
2.7389566921
 30
0.0
 11
2.6614566929
 21
2.7039566922
 31
0.0
  0
LINE
  5
1C58
330
1F
100
AcDbEntity
  8
0
  6
Continuous
 62
     7
370
    25
100
AcDbLine
 10
2.6694566929
 20
2.7039566929
 30
0.0
 11
2.5944566929
 21
2.7039566929
 31
0.0
  0
LINE
  5
1C59
330
1F
100
AcDbEntity
  8
0
  6
Continuous
 62
     7
370
    25
100
AcDbLine
 10
2.5944566929
 20
2.7039566922
 30
0.0
 11
2.5944566929
 21
2.6889566923
 31
0.0
  0
LINE
  5
1C5A
330
1F
100
AcDbEntity
  8
0
  6
Continuous
 62
     7
370
    25
100
AcDbLine
 10
2.5944566929
 20
2.6889566929
 30
0.0
 11
2.6694566929
 21
2.6889566933
 31
0.0
  0
LINE
  5
1C5B
330
1F
100
AcDbEntity
  8
0
  6
Continuous
 62
     7
370
    25
100
AcDbLine
 10
2.6614566929
 20
2.6889566923
 30
0.0
 11
2.6614566929
 21
2.6539566925
 31
0.0
  0
LINE
  5
1C5C
330
1F
100
AcDbEntity
  8
0
  6
Continuous
 62
     7
370
    25
100
AcDbLine
 10
2.6694566929
 20
2.6539566933
 30
0.0
 11
2.5944566929
 21
2.6539566929
 31
0.0
  0
LINE
  5
1C5D
330
1F
100
AcDbEntity
  8
0
  6
Continuous
 62
     7
370
    25
100
AcDbLine
 10
2.5944566929
 20
2.6539566925
 30
0.0
 11
2.5944566929
 21
2.6389566926
 31
0.0
  0
LINE
  5
1C5E
330
1F
100
AcDbEntity
  8
0
  6
Continuous
 62
     7
370
    25
100
AcDbLine
 10
2.5944566929
 20
2.6389566929
 30
0.0
 11
2.6694566929
 21
2.6389566928
 31
0.0
  0
LINE
  5
1C5F
330
1F
100
AcDbEntity
  8
0
  6
Continuous
 62
     7
370
    25
100
AcDbLine
 10
2.6614566929
 20
2.6389566926
 30
0.0
 11
2.6614566929
 21
2.6039566928
 31
0.0
  0
LINE
  5
1C60
330
1F
100
AcDbEntity
  8
0
  6
Continuous
 62
     7
370
    25
100
AcDbLine
 10
2.6694566929
 20
2.6039566929
 30
0.0
 11
2.5944566929
 21
2.6039566929
 31
0.0
  0
LINE
  5
1C61
330
1F
100
AcDbEntity
  8
0
  6
Continuous
 62
     7
370
    25
100
AcDbLine
 10
2.5944566929
 20
2.6039566928
 30
0.0
 11
2.5944566929
 21
2.5889566929
 31
0.0
  0
LINE
  5
1C62
330
1F
100
AcDbEntity
  8
0
  6
Continuous
 62
     7
370
    25
100
AcDbLine
 10
2.5944566929
 20
2.5889566929
 30
0.0
 11
2.6694566929
 21
2.5889566932
 31
0.0
  0
LINE
  5
1C63
330
1F
100
AcDbEntity
  8
0
  6
Continuous
 62
     7
370
    25
100
AcDbLine
 10
2.6614566929
 20
2.5889566929
 30
0.0
 11
2.6614566929
 21
2.553956693
 31
0.0
  0
LINE
  5
1C64
330
1F
100
AcDbEntity
  8
0
  6
Continuous
 62
     7
370
    25
100
AcDbLine
 10
2.6694566929
 20
2.5539566933
 30
0.0
 11
2.5944566929
 21
2.5539566929
 31
0.0
  0
LINE
  5
1C65
330
1F
100
AcDbEntity
  8
0
  6
Continuous
 62
     7
370
    25
100
AcDbLine
 10
2.5944566929
 20
2.553956693
 30
0.0
 11
2.5944566929
 21
2.5389566931
 31
0.0
  0
LINE
  5
1C66
330
1F
100
AcDbEntity
  8
0
  6
Continuous
 62
     7
370
    25
100
AcDbLine
 10
2.5944566929
 20
2.5389566929
 30
0.0
 11
2.6694566929
 21
2.5389566928
 31
0.0
  0
LINE
  5
1C67
330
1F
100
AcDbEntity
  8
0
  6
Continuous
 62
     7
370
    25
100
AcDbLine
 10
2.6614566929
 20
2.5389566931
 30
0.0
 11
2.6614566929
 21
2.5039566933
 31
0.0
  0
LINE
  5
1C68
330
1F
100
AcDbEntity
  8
0
  6
Continuous
 62
     7
370
    25
100
AcDbLine
 10
2.6694566929
 20
2.5039566928
 30
0.0
 11
2.5944566929
 21
2.5039566929
 31
0.0
  0
LINE
  5
1C69
330
1F
100
AcDbEntity
  8
0
  6
Continuous
 62
     7
370
    25
100
AcDbLine
 10
2.5944566929
 20
2.5039566933
 30
0.0
 11
2.5944566929
 21
2.4889566934
 31
0.0
  0
LINE
  5
1C6A
330
1F
100
AcDbEntity
  8
0
  6
Continuous
 62
     7
370
    25
100
AcDbLine
 10
2.5944566929
 20
2.4889566929
 30
0.0
 11
2.6694566929
 21
2.4889566932
 31
0.0
  0
LINE
  5
1C6B
330
1F
100
AcDbEntity
  8
0
  6
Continuous
 62
     7
370
    25
100
AcDbLine
 10
2.6614566929
 20
2.4889566934
 30
0.0
 11
2.6614566929
 21
2.4539566936
 31
0.0
  0
LINE
  5
1C6C
330
1F
100
AcDbEntity
  8
0
  6
Continuous
 62
     7
370
    25
100
AcDbLine
 10
2.6694566929
 20
2.4539566932
 30
0.0
 11
2.5944566929
 21
2.4539566929
 31
0.0
  0
LINE
  5
1C6D
330
1F
100
AcDbEntity
  8
0
  6
Continuous
 62
     7
370
    25
100
AcDbLine
 10
2.5944566929
 20
2.4539566936
 30
0.0
 11
2.5944566929
 21
2.4389566937
 31
0.0
  0
LINE
  5
1C6E
330
1F
100
AcDbEntity
  8
0
  6
Continuous
 62
     7
370
    25
100
AcDbLine
 10
2.5944566929
 20
2.4389566929
 30
0.0
 11
2.6694566929
 21
2.4389566928
 31
0.0
  0
LINE
  5
1C6F
330
1F
100
AcDbEntity
  8
0
  6
Continuous
 62
     7
370
    25
100
AcDbLine
 10
2.6614566929
 20
2.4389566937
 30
0.0
 11
2.6614566929
 21
2.4039566938
 31
0.0
  0
LINE
  5
1C70
330
1F
100
AcDbEntity
  8
0
  6
Continuous
 62
     7
370
    25
100
AcDbLine
 10
2.6694566929
 20
2.4039566928
 30
0.0
 11
2.5944566929
 21
2.4039566929
 31
0.0
  0
LINE
  5
1C71
330
1F
100
AcDbEntity
  8
0
  6
Continuous
 62
     7
370
    25
100
AcDbLine
 10
2.5944566929
 20
2.4039566938
 30
0.0
 11
2.5944566929
 21
2.3889566939
 31
0.0
  0
LINE
  5
1C72
330
1F
100
AcDbEntity
  8
0
  6
Continuous
 62
     7
370
    25
100
AcDbLine
 10
2.5944566929
 20
2.3889566929
 30
0.0
 11
2.6694566929
 21
2.3889566932
 31
0.0
  0
LINE
  5
1C73
330
1F
100
AcDbEntity
  8
0
  6
Continuous
 62
     7
370
    25
100
AcDbLine
 10
2.6614566929
 20
2.3889566939
 30
0.0
 11
2.6614566929
 21
2.353956692
 31
0.0
  0
LINE
  5
1C74
330
1F
100
AcDbEntity
  8
0
  6
Continuous
 62
     7
370
    25
100
AcDbLine
 10
2.6694566929
 20
2.3539566932
 30
0.0
 11
2.5944566929
 21
2.3539566929
 31
0.0
  0
LINE
  5
1C75
330
1F
100
AcDbEntity
  8
0
  6
Continuous
 62
     7
370
    25
100
AcDbLine
 10
2.5944566929
 20
2.353956692
 30
0.0
 11
2.5944566929
 21
2.338956692
 31
0.0
  0
LINE
  5
1C76
330
1F
100
AcDbEntity
  8
0
  6
Continuous
 62
     7
370
    25
100
AcDbLine
 10
2.5944566929
 20
2.3389566929
 30
0.0
 11
2.6694566929
 21
2.3389566927
 31
0.0
  0
LINE
  5
1C77
330
1F
100
AcDbEntity
  8
0
  6
Continuous
 62
     7
370
    25
100
AcDbLine
 10
2.6614566929
 20
2.338956692
 30
0.0
 11
2.6614566929
 21
2.3039566922
 31
0.0
  0
LINE
  5
1C78
330
1F
100
AcDbEntity
  8
0
  6
Continuous
 62
     7
370
    25
100
AcDbLine
 10
2.6694566929
 20
2.3039566928
 30
0.0
 11
2.5944566929
 21
2.3039566929
 31
0.0
  0
LINE
  5
1C79
330
1F
100
AcDbEntity
  8
0
  6
Continuous
 62
     7
370
    25
100
AcDbLine
 10
2.5944566929
 20
2.3039566922
 30
0.0
 11
2.5944566929
 21
2.2889566923
 31
0.0
  0
LINE
  5
1C7A
330
1F
100
AcDbEntity
  8
0
  6
Continuous
 62
     7
370
    25
100
AcDbLine
 10
2.5944566929
 20
2.2889566929
 30
0.0
 11
2.6694566929
 21
2.2889566932
 31
0.0
  0
LINE
  5
1C7B
330
1F
100
AcDbEntity
  8
0
  6
Continuous
 62
     7
370
    25
100
AcDbLine
 10
2.6614566929
 20
2.2889566923
 30
0.0
 11
2.6614566929
 21
2.2539566925
 31
0.0
  0
LINE
  5
1C7C
330
1F
100
AcDbEntity
  8
0
  6
Continuous
 62
     7
370
    25
100
AcDbLine
 10
2.6694566929
 20
2.2539566932
 30
0.0
 11
2.5944566929
 21
2.2539566929
 31
0.0
  0
LINE
  5
1C7D
330
1F
100
AcDbEntity
  8
0
  6
Continuous
 62
     7
370
    25
100
AcDbLine
 10
2.5944566929
 20
2.2539566925
 30
0.0
 11
2.5944566929
 21
2.2389566926
 31
0.0
  0
LINE
  5
1C7E
330
1F
100
AcDbEntity
  8
0
  6
Continuous
 62
     7
370
    25
100
AcDbLine
 10
2.5944566929
 20
2.2389566929
 30
0.0
 11
2.6694566929
 21
2.2389566927
 31
0.0
  0
LINE
  5
1C7F
330
1F
100
AcDbEntity
  8
0
  6
Continuous
 62
     7
370
    25
100
AcDbLine
 10
2.6614566929
 20
2.2389566926
 30
0.0
 11
2.6614566929
 21
2.2039566928
 31
0.0
  0
LINE
  5
1C80
330
1F
100
AcDbEntity
  8
0
  6
Continuous
 62
     7
370
    25
100
AcDbLine
 10
2.6694566929
 20
2.2039566927
 30
0.0
 11
2.5944566929
 21
2.2039566929
 31
0.0
  0
LINE
  5
1C81
330
1F
100
AcDbEntity
  8
0
  6
Continuous
 62
     7
370
    25
100
AcDbLine
 10
2.5944566929
 20
2.2039566928
 30
0.0
 11
2.5944566929
 21
2.1889566928
 31
0.0
  0
LINE
  5
1C82
330
1F
100
AcDbEntity
  8
0
  6
Continuous
 62
     7
370
    25
100
AcDbLine
 10
2.5944566929
 20
2.1889566929
 30
0.0
 11
2.6694566929
 21
2.1889566931
 31
0.0
  0
LINE
  5
1C83
330
1F
100
AcDbEntity
  8
0
  6
Continuous
 62
     7
370
    25
100
AcDbLine
 10
2.6614566929
 20
2.1889566928
 30
0.0
 11
2.6614566929
 21
2.153956693
 31
0.0
  0
LINE
  5
1C84
330
1F
100
AcDbEntity
  8
0
  6
Continuous
 62
     7
370
    25
100
AcDbLine
 10
2.6694566929
 20
2.1539566932
 30
0.0
 11
2.5944566929
 21
2.1539566929
 31
0.0
  0
LINE
  5
1C85
330
1F
100
AcDbEntity
  8
0
  6
Continuous
 62
     7
370
    25
100
AcDbLine
 10
2.5944566929
 20
2.153956693
 30
0.0
 11
2.5944566929
 21
2.1389566931
 31
0.0
  0
LINE
  5
1C86
330
1F
100
AcDbEntity
  8
0
  6
Continuous
 62
     7
370
    25
100
AcDbLine
 10
2.5944566929
 20
2.1389566929
 30
0.0
 11
2.6694566929
 21
2.1389566927
 31
0.0
  0
LINE
  5
1C87
330
1F
100
AcDbEntity
  8
0
  6
Continuous
 62
     7
370
    25
100
AcDbLine
 10
2.6614566929
 20
2.1389566931
 30
0.0
 11
2.6614566929
 21
2.1039566933
 31
0.0
  0
LINE
  5
1C88
330
1F
100
AcDbEntity
  8
0
  6
Continuous
 62
     7
370
    25
100
AcDbLine
 10
2.6694566929
 20
2.1039566927
 30
0.0
 11
2.5944566929
 21
2.1039566929
 31
0.0
  0
LINE
  5
1C89
330
1F
100
AcDbEntity
  8
0
  6
Continuous
 62
     7
370
    25
100
AcDbLine
 10
2.5944566929
 20
2.1039566933
 30
0.0
 11
2.5944566929
 21
2.0889566934
 31
0.0
  0
LINE
  5
1C8A
330
1F
100
AcDbEntity
  8
0
  6
Continuous
 62
     7
370
    25
100
AcDbLine
 10
2.5944566929
 20
2.0889566929
 30
0.0
 11
2.6694566929
 21
2.0889566931
 31
0.0
  0
LINE
  5
1C8B
330
1F
100
AcDbEntity
  8
0
  6
Continuous
 62
     7
370
    25
100
AcDbLine
 10
2.6614566929
 20
2.0889566934
 30
0.0
 11
2.6614566929
 21
2.0539566936
 31
0.0
  0
LINE
  5
1C8C
330
1F
100
AcDbEntity
  8
0
  6
Continuous
 62
     7
370
    25
100
AcDbLine
 10
2.6694566929
 20
2.0539566931
 30
0.0
 11
2.5944566929
 21
2.0539566929
 31
0.0
  0
LINE
  5
1C8D
330
1F
100
AcDbEntity
  8
0
  6
Continuous
 62
     7
370
    25
100
AcDbLine
 10
2.5944566929
 20
2.0539566936
 30
0.0
 11
2.5944566929
 21
2.0389566936
 31
0.0
  0
LINE
  5
1C8E
330
1F
100
AcDbEntity
  8
0
  6
Continuous
 62
     7
370
    25
100
AcDbLine
 10
2.5944566929
 20
2.0389566929
 30
0.0
 11
2.6694566929
 21
2.0389566926
 31
0.0
  0
LINE
  5
1C8F
330
1F
100
AcDbEntity
  8
0
  6
Continuous
 62
     7
370
    25
100
AcDbLine
 10
2.6614566929
 20
2.0389566936
 30
0.0
 11
2.6614566929
 21
2.0039566938
 31
0.0
  0
LINE
  5
1C90
330
1F
100
AcDbEntity
  8
0
  6
Continuous
 62
     7
370
    25
100
AcDbLine
 10
2.6694566929
 20
2.0039566927
 30
0.0
 11
2.5944566929
 21
2.0039566929
 31
0.0
  0
LINE
  5
1C91
330
1F
100
AcDbEntity
  8
0
  6
Continuous
 62
     7
370
    25
100
AcDbLine
 10
2.5944566929
 20
2.0039566938
 30
0.0
 11
2.5944566929
 21
1.9889566939
 31
0.0
  0
LINE
  5
1C92
330
1F
100
AcDbEntity
  8
0
  6
Continuous
 62
     7
370
    25
100
AcDbLine
 10
2.5944566929
 20
1.9889566929
 30
0.0
 11
2.6694566929
 21
1.9889566931
 31
0.0
  0
LINE
  5
1C93
330
1F
100
AcDbEntity
  8
0
  6
Continuous
 62
     7
370
    25
100
AcDbLine
 10
2.6614566929
 20
1.9889566939
 30
0.0
 11
2.6614566929
 21
1.953956692
 31
0.0
  0
LINE
  5
1C94
330
1F
100
AcDbEntity
  8
0
  6
Continuous
 62
     7
370
    25
100
AcDbLine
 10
2.6694566929
 20
1.9539566931
 30
0.0
 11
2.5944566929
 21
1.9539566929
 31
0.0
  0
LINE
  5
1C95
330
1F
100
AcDbEntity
  8
0
  6
Continuous
 62
     7
370
    25
100
AcDbLine
 10
2.5944566929
 20
1.953956692
 30
0.0
 11
2.5944566929
 21
1.938956692
 31
0.0
  0
LINE
  5
1C96
330
1F
100
AcDbEntity
  8
0
  6
Continuous
 62
     7
370
    25
100
AcDbLine
 10
2.5944566929
 20
1.9389566929
 30
0.0
 11
2.6694566929
 21
1.9389566926
 31
0.0
  0
LINE
  5
1C97
330
1F
100
AcDbEntity
  8
0
  6
Continuous
 62
     7
370
    25
100
AcDbLine
 10
2.6614566929
 20
1.938956692
 30
0.0
 11
2.6614566929
 21
1.9039566922
 31
0.0
  0
LINE
  5
1C98
330
1F
100
AcDbEntity
  8
0
  6
Continuous
 62
     7
370
    25
100
AcDbLine
 10
2.6694566929
 20
1.9039566926
 30
0.0
 11
2.5944566929
 21
1.9039566929
 31
0.0
  0
LINE
  5
1C99
330
1F
100
AcDbEntity
  8
0
  6
Continuous
 62
     7
370
    25
100
AcDbLine
 10
2.5944566929
 20
1.9039566922
 30
0.0
 11
2.5944566929
 21
1.8889566923
 31
0.0
  0
LINE
  5
1C9A
330
1F
100
AcDbEntity
  8
0
  6
Continuous
 62
     7
370
    25
100
AcDbLine
 10
2.5944566929
 20
1.8889566929
 30
0.0
 11
2.6694566929
 21
1.888956693
 31
0.0
  0
LINE
  5
1C9B
330
1F
100
AcDbEntity
  8
0
  6
Continuous
 62
     7
370
    25
100
AcDbLine
 10
2.6614566929
 20
1.8889566923
 30
0.0
 11
2.6614566929
 21
1.8539566925
 31
0.0
  0
LINE
  5
1C9C
330
1F
100
AcDbEntity
  8
0
  6
Continuous
 62
     7
370
    25
100
AcDbLine
 10
2.6694566929
 20
1.8539566931
 30
0.0
 11
2.5944566929
 21
1.8539566929
 31
0.0
  0
LINE
  5
1C9D
330
1F
100
AcDbEntity
  8
0
  6
Continuous
 62
     7
370
    25
100
AcDbLine
 10
2.5944566929
 20
1.8539566925
 30
0.0
 11
2.5944566929
 21
1.8389566926
 31
0.0
  0
LINE
  5
1C9E
330
1F
100
AcDbEntity
  8
0
  6
Continuous
 62
     7
370
    25
100
AcDbLine
 10
2.5944566929
 20
1.8389566929
 30
0.0
 11
2.6694566929
 21
1.8389566926
 31
0.0
  0
LINE
  5
1C9F
330
1F
100
AcDbEntity
  8
0
  6
Continuous
 62
     7
370
    25
100
AcDbLine
 10
2.6614566929
 20
1.8389566926
 30
0.0
 11
2.6614566929
 21
1.8039566927
 31
0.0
  0
LINE
  5
1CA0
330
1F
100
AcDbEntity
  8
0
  6
Continuous
 62
     7
370
    25
100
AcDbLine
 10
2.6694566929
 20
1.8039566926
 30
0.0
 11
2.5944566929
 21
1.8039566929
 31
0.0
  0
LINE
  5
1CA1
330
1F
100
AcDbEntity
  8
0
  6
Continuous
 62
     7
370
    25
100
AcDbLine
 10
2.5944566929
 20
1.8039566927
 30
0.0
 11
2.5944566929
 21
1.7889566928
 31
0.0
  0
LINE
  5
1CA2
330
1F
100
AcDbEntity
  8
0
  6
Continuous
 62
     7
370
    25
100
AcDbLine
 10
2.5944566929
 20
1.7889566929
 30
0.0
 11
2.6694566929
 21
1.788956693
 31
0.0
  0
LINE
  5
1CA3
330
1F
100
AcDbEntity
  8
0
  6
Continuous
 62
     7
370
    25
100
AcDbLine
 10
2.6614566929
 20
1.7889566928
 30
0.0
 11
2.6614566929
 21
1.753956693
 31
0.0
  0
LINE
  5
1CA4
330
1F
100
AcDbEntity
  8
0
  6
Continuous
 62
     7
370
    25
100
AcDbLine
 10
2.6694566929
 20
1.753956693
 30
0.0
 11
2.5944566929
 21
1.7539566929
 31
0.0
  0
LINE
  5
1CA5
330
1F
100
AcDbEntity
  8
0
  6
Continuous
 62
     7
370
    25
100
AcDbLine
 10
2.5944566929
 20
1.753956693
 30
0.0
 11
2.5944566929
 21
1.7389566931
 31
0.0
  0
LINE
  5
1CA6
330
1F
100
AcDbEntity
  8
0
  6
Continuous
 62
     7
370
    25
100
AcDbLine
 10
2.5944566929
 20
1.7389566929
 30
0.0
 11
2.6694566929
 21
1.7389566926
 31
0.0
  0
LINE
  5
1CA7
330
1F
100
AcDbEntity
  8
0
  6
Continuous
 62
     7
370
    25
100
AcDbLine
 10
2.6614566929
 20
1.7389566931
 30
0.0
 11
2.6614566929
 21
1.7039566933
 31
0.0
  0
LINE
  5
1CA8
330
1F
100
AcDbEntity
  8
0
  6
Continuous
 62
     7
370
    25
100
AcDbLine
 10
2.6694566929
 20
1.7039566926
 30
0.0
 11
2.5944566929
 21
1.7039566929
 31
0.0
  0
LINE
  5
1CA9
330
1F
100
AcDbEntity
  8
0
  6
Continuous
 62
     7
370
    25
100
AcDbLine
 10
2.5944566929
 20
1.7039566933
 30
0.0
 11
2.5944566929
 21
1.6889566934
 31
0.0
  0
LINE
  5
1CAA
330
1F
100
AcDbEntity
  8
0
  6
Continuous
 62
     7
370
    25
100
AcDbLine
 10
2.5944566929
 20
1.6889566929
 30
0.0
 11
2.6694566929
 21
1.688956693
 31
0.0
  0
LINE
  5
1CAB
330
1F
100
AcDbEntity
  8
0
  6
Continuous
 62
     7
370
    25
100
AcDbLine
 10
2.6614566929
 20
1.6889566934
 30
0.0
 11
2.6614566929
 21
1.6539566935
 31
0.0
  0
LINE
  5
1CAC
330
1F
100
AcDbEntity
  8
0
  6
Continuous
 62
     7
370
    25
100
AcDbLine
 10
2.6694566929
 20
1.653956693
 30
0.0
 11
2.5944566929
 21
1.6539566929
 31
0.0
  0
LINE
  5
1CAD
330
1F
100
AcDbEntity
  8
0
  6
Continuous
 62
     7
370
    25
100
AcDbLine
 10
2.5944566929
 20
1.6539566935
 30
0.0
 11
2.5944566929
 21
1.6389566936
 31
0.0
  0
LINE
  5
1CAE
330
1F
100
AcDbEntity
  8
0
  6
Continuous
 62
     7
370
    25
100
AcDbLine
 10
2.5944566929
 20
1.6389566929
 30
0.0
 11
2.6694566929
 21
1.6389566925
 31
0.0
  0
LINE
  5
1CAF
330
1F
100
AcDbEntity
  8
0
  6
Continuous
 62
     7
370
    25
100
AcDbLine
 10
2.6614566929
 20
1.6389566936
 30
0.0
 11
2.6614566929
 21
1.6039566938
 31
0.0
  0
LINE
  5
1CB0
330
1F
100
AcDbEntity
  8
0
  6
Continuous
 62
     7
370
    25
100
AcDbLine
 10
2.6694566929
 20
1.6039566926
 30
0.0
 11
2.5944566929
 21
1.6039566929
 31
0.0
  0
LINE
  5
1CB1
330
1F
100
AcDbEntity
  8
0
  6
Continuous
 62
     7
370
    25
100
AcDbLine
 10
2.5944566929
 20
1.6039566938
 30
0.0
 11
2.5944566929
 21
1.5889566939
 31
0.0
  0
LINE
  5
1CB2
330
1F
100
AcDbEntity
  8
0
  6
Continuous
 62
     7
370
    25
100
AcDbLine
 10
2.5944566929
 20
1.5889566929
 30
0.0
 11
2.6694566929
 21
1.5889566929
 31
0.0
  0
LINE
  5
1CB3
330
1F
100
AcDbEntity
  8
0
  6
Continuous
 62
     7
370
    25
100
AcDbLine
 10
2.6614566929
 20
1.5889566939
 30
0.0
 11
2.6614566929
 21
1.5539566919
 31
0.0
  0
LINE
  5
1CB4
330
1F
100
AcDbEntity
  8
0
  6
Continuous
 62
     7
370
    25
100
AcDbLine
 10
2.6694566929
 20
1.553956693
 30
0.0
 11
2.5944566929
 21
1.5539566929
 31
0.0
  0
LINE
  5
1CB5
330
1F
100
AcDbEntity
  8
0
  6
Continuous
 62
     7
370
    25
100
AcDbLine
 10
2.5944566929
 20
1.5539566919
 30
0.0
 11
2.5944566929
 21
1.538956692
 31
0.0
  0
LINE
  5
1CB6
330
1F
100
AcDbEntity
  8
0
  6
Continuous
 62
     7
370
    25
100
AcDbLine
 10
2.5944566929
 20
1.5389566929
 30
0.0
 11
2.6694566929
 21
1.5389566925
 31
0.0
  0
LINE
  5
1CB7
330
1F
100
AcDbEntity
  8
0
  6
Continuous
 62
     7
370
    25
100
AcDbLine
 10
2.6614566929
 20
1.538956692
 30
0.0
 11
2.6614566929
 21
1.5039566922
 31
0.0
  0
LINE
  5
1CB8
330
1F
100
AcDbEntity
  8
0
  6
Continuous
 62
     7
370
    25
100
AcDbLine
 10
2.6694566929
 20
1.5039566925
 30
0.0
 11
2.5944566929
 21
1.5039566929
 31
0.0
  0
LINE
  5
1CB9
330
1F
100
AcDbEntity
  8
0
  6
Continuous
 62
     7
370
    25
100
AcDbLine
 10
2.5944566929
 20
1.5039566922
 30
0.0
 11
2.5944566929
 21
1.4889566923
 31
0.0
  0
LINE
  5
1CBA
330
1F
100
AcDbEntity
  8
0
  6
Continuous
 62
     7
370
    25
100
AcDbLine
 10
2.5944566929
 20
1.4889566929
 30
0.0
 11
2.6694566929
 21
1.4889566929
 31
0.0
  0
LINE
  5
1CBB
330
1F
100
AcDbEntity
  8
0
  6
Continuous
 62
     7
370
    25
100
AcDbLine
 10
2.6614566929
 20
1.4889566923
 30
0.0
 11
2.6614566929
 21
1.4539566925
 31
0.0
  0
LINE
  5
1CBC
330
1F
100
AcDbEntity
  8
0
  6
Continuous
 62
     7
370
    25
100
AcDbLine
 10
2.6694566929
 20
1.4539566929
 30
0.0
 11
2.5944566929
 21
1.4539566929
 31
0.0
  0
LINE
  5
1CBD
330
1F
100
AcDbEntity
  8
0
  6
Continuous
 62
     7
370
    25
100
AcDbLine
 10
2.5944566929
 20
1.4539566925
 30
0.0
 11
2.5944566929
 21
1.4389566925
 31
0.0
  0
LINE
  5
1CBE
330
1F
100
AcDbEntity
  8
0
  6
Continuous
 62
     7
370
    25
100
AcDbLine
 10
2.5944566929
 20
1.4389566929
 30
0.0
 11
2.6694566929
 21
1.4389566933
 31
0.0
  0
LINE
  5
1CBF
330
1F
100
AcDbEntity
  8
0
  6
Continuous
 62
     7
370
    25
100
AcDbLine
 10
2.6614566929
 20
1.4389566925
 30
0.0
 11
2.6614566929
 21
1.4039566927
 31
0.0
  0
LINE
  5
1CC0
330
1F
100
AcDbEntity
  8
0
  6
Continuous
 62
     7
370
    25
100
AcDbLine
 10
2.6694566929
 20
1.4039566925
 30
0.0
 11
2.5944566929
 21
1.4039566929
 31
0.0
  0
LINE
  5
1CC1
330
1F
100
AcDbEntity
  8
0
  6
Continuous
 62
     7
370
    25
100
AcDbLine
 10
2.5944566929
 20
1.4039566927
 30
0.0
 11
2.5944566929
 21
1.3889566928
 31
0.0
  0
LINE
  5
1CC2
330
1F
100
AcDbEntity
  8
0
  6
Continuous
 62
     7
370
    25
100
AcDbLine
 10
2.5944566929
 20
1.3889566929
 30
0.0
 11
2.6694566929
 21
1.3889566929
 31
0.0
  0
LINE
  5
1CC3
330
1F
100
AcDbEntity
  8
0
  6
Continuous
 62
     7
370
    25
100
AcDbLine
 10
2.6614566929
 20
1.3889566928
 30
0.0
 11
2.6614566929
 21
1.353956693
 31
0.0
  0
LINE
  5
1CC4
330
1F
100
AcDbEntity
  8
0
  6
Continuous
 62
     7
370
    25
100
AcDbLine
 10
2.6694566929
 20
1.3539566929
 30
0.0
 11
2.5944566929
 21
1.3539566929
 31
0.0
  0
LINE
  5
1CC5
330
1F
100
AcDbEntity
  8
0
  6
Continuous
 62
     7
370
    25
100
AcDbLine
 10
2.5944566929
 20
1.353956693
 30
0.0
 11
2.5944566929
 21
1.3389566931
 31
0.0
  0
LINE
  5
1CC6
330
1F
100
AcDbEntity
  8
0
  6
Continuous
 62
     7
370
    25
100
AcDbLine
 10
2.5944566929
 20
1.3389566929
 30
0.0
 11
2.6694566929
 21
1.3389566933
 31
0.0
  0
LINE
  5
1CC7
330
1F
100
AcDbEntity
  8
0
  6
Continuous
 62
     7
370
    25
100
AcDbLine
 10
2.6614566929
 20
1.3389566931
 30
0.0
 11
2.6614566929
 21
1.3039566933
 31
0.0
  0
LINE
  5
1CC8
330
1F
100
AcDbEntity
  8
0
  6
Continuous
 62
     7
370
    25
100
AcDbLine
 10
2.6694566929
 20
1.3039566933
 30
0.0
 11
2.5944566929
 21
1.3039566929
 31
0.0
  0
LINE
  5
1CC9
330
1F
100
AcDbEntity
  8
0
  6
Continuous
 62
     7
370
    25
100
AcDbLine
 10
2.5944566929
 20
1.3039566933
 30
0.0
 11
2.5944566929
 21
1.2889566933
 31
0.0
  0
LINE
  5
1CCA
330
1F
100
AcDbEntity
  8
0
  6
Continuous
 62
     7
370
    25
100
AcDbLine
 10
2.5944566929
 20
1.2889566929
 30
0.0
 11
2.6694566929
 21
1.2889566929
 31
0.0
  0
LINE
  5
1CCB
330
1F
100
AcDbEntity
  8
0
  6
Continuous
 62
     7
370
    25
100
AcDbLine
 10
2.6614566929
 20
1.2889566933
 30
0.0
 11
2.6614566929
 21
1.2539566935
 31
0.0
  0
LINE
  5
1CCC
330
1F
100
AcDbEntity
  8
0
  6
Continuous
 62
     7
370
    25
100
AcDbLine
 10
2.6694566929
 20
1.2539566929
 30
0.0
 11
2.5944566929
 21
1.2539566929
 31
0.0
  0
LINE
  5
1CCD
330
1F
100
AcDbEntity
  8
0
  6
Continuous
 62
     7
370
    25
100
AcDbLine
 10
2.5944566929
 20
1.2539566935
 30
0.0
 11
2.5944566929
 21
1.2389566936
 31
0.0
  0
LINE
  5
1CCE
330
1F
100
AcDbEntity
  8
0
  6
Continuous
 62
     7
370
    25
100
AcDbLine
 10
2.5944566929
 20
1.2389566929
 30
0.0
 11
2.6694566929
 21
1.2389566933
 31
0.0
  0
LINE
  5
1CCF
330
1F
100
AcDbEntity
  8
0
  6
Continuous
 62
     7
370
    25
100
AcDbLine
 10
2.6614566929
 20
1.2389566936
 30
0.0
 11
2.6614566929
 21
1.2039566938
 31
0.0
  0
LINE
  5
1CD0
330
1F
100
AcDbEntity
  8
0
  6
Continuous
 62
     7
370
    25
100
AcDbLine
 10
2.6694566929
 20
1.2039566933
 30
0.0
 11
2.5944566929
 21
1.2039566929
 31
0.0
  0
LINE
  5
1CD1
330
1F
100
AcDbEntity
  8
0
  6
Continuous
 62
     7
370
    25
100
AcDbLine
 10
2.5944566929
 20
1.2039566938
 30
0.0
 11
2.5944566929
 21
1.1889566939
 31
0.0
  0
LINE
  5
1CD2
330
1F
100
AcDbEntity
  8
0
  6
Continuous
 62
     7
370
    25
100
AcDbLine
 10
2.5944566929
 20
1.1889566929
 30
0.0
 11
2.6694566929
 21
1.1889566928
 31
0.0
  0
LINE
  5
1CD3
330
1F
100
AcDbEntity
  8
0
  6
Continuous
 62
     7
370
    25
100
AcDbLine
 10
2.6614566929
 20
1.1889566939
 30
0.0
 11
2.6614566929
 21
1.1539566919
 31
0.0
  0
LINE
  5
1CD4
330
1F
100
AcDbEntity
  8
0
  6
Continuous
 62
     7
370
    25
100
AcDbLine
 10
2.6694566929
 20
1.1539566929
 30
0.0
 11
2.5944566929
 21
1.1539566929
 31
0.0
  0
LINE
  5
1CD5
330
1F
100
AcDbEntity
  8
0
  6
Continuous
 62
     7
370
    25
100
AcDbLine
 10
2.5944566929
 20
1.1539566919
 30
0.0
 11
2.5944566929
 21
1.138956692
 31
0.0
  0
LINE
  5
1CD6
330
1F
100
AcDbEntity
  8
0
  6
Continuous
 62
     7
370
    25
100
AcDbLine
 10
2.5944566929
 20
1.1389566929
 30
0.0
 11
2.6694566929
 21
1.1389566932
 31
0.0
  0
LINE
  5
1CD7
330
1F
100
AcDbEntity
  8
0
  6
Continuous
 62
     7
370
    25
100
AcDbLine
 10
2.6614566929
 20
1.138956692
 30
0.0
 11
2.6614566929
 21
1.1039566922
 31
0.0
  0
LINE
  5
1CD8
330
1F
100
AcDbEntity
  8
0
  6
Continuous
 62
     7
370
    25
100
AcDbLine
 10
2.6694566929
 20
1.1039566933
 30
0.0
 11
2.5944566929
 21
1.1039566929
 31
0.0
  0
LINE
  5
1CD9
330
1F
100
AcDbEntity
  8
0
  6
Continuous
 62
     7
370
    25
100
AcDbLine
 10
2.5944566929
 20
1.1039566922
 30
0.0
 11
2.5944566929
 21
1.0889566923
 31
0.0
  0
LINE
  5
1CDA
330
1F
100
AcDbEntity
  8
0
  6
Continuous
 62
     7
370
    25
100
AcDbLine
 10
2.5944566929
 20
1.0889566929
 30
0.0
 11
2.6694566929
 21
1.0889566928
 31
0.0
  0
LINE
  5
1CDB
330
1F
100
AcDbEntity
  8
0
  6
Continuous
 62
     7
370
    25
100
AcDbLine
 10
2.6614566929
 20
1.0889566923
 30
0.0
 11
2.6614566929
 21
1.0539566925
 31
0.0
  0
LINE
  5
1CDC
330
1F
100
AcDbEntity
  8
0
  6
Continuous
 62
     7
370
    25
100
AcDbLine
 10
2.6694566929
 20
1.0539566928
 30
0.0
 11
2.5944566929
 21
1.0539566929
 31
0.0
  0
LINE
  5
1CDD
330
1F
100
AcDbEntity
  8
0
  6
Continuous
 62
     7
370
    25
100
AcDbLine
 10
2.5944566929
 20
1.0539566925
 30
0.0
 11
2.5944566929
 21
1.0389566925
 31
0.0
  0
LINE
  5
1CDE
330
1F
100
AcDbEntity
  8
0
  6
Continuous
 62
     7
370
    25
100
AcDbLine
 10
2.5944566929
 20
1.0389566929
 30
0.0
 11
2.6694566929
 21
1.0389566932
 31
0.0
  0
LINE
  5
1CDF
330
1F
100
AcDbEntity
  8
0
  6
Continuous
 62
     7
370
    25
100
AcDbLine
 10
2.6614566929
 20
1.0389566925
 30
0.0
 11
2.6614566929
 21
1.0039566927
 31
0.0
  0
LINE
  5
1CE0
330
1F
100
AcDbEntity
  8
0
  6
Continuous
 62
     7
370
    25
100
AcDbLine
 10
2.6694566929
 20
1.0039566932
 30
0.0
 11
2.5944566929
 21
1.0039566929
 31
0.0
  0
LINE
  5
1CE1
330
1F
100
AcDbEntity
  8
0
  6
Continuous
 62
     7
370
    25
100
AcDbLine
 10
2.5944566929
 20
1.0039566927
 30
0.0
 11
2.5944566929
 21
0.9889566928
 31
0.0
  0
LINE
  5
1CE2
330
1F
100
AcDbEntity
  8
0
  6
Continuous
 62
     7
370
    25
100
AcDbLine
 10
2.5944566929
 20
0.9889566929
 30
0.0
 11
2.6694566929
 21
0.9889566928
 31
0.0
  0
LINE
  5
1CE3
330
1F
100
AcDbEntity
  8
0
  6
Continuous
 62
     7
370
    25
100
AcDbLine
 10
2.6614566929
 20
0.9889566928
 30
0.0
 11
2.6614566929
 21
0.953956693
 31
0.0
  0
LINE
  5
1CE4
330
1F
100
AcDbEntity
  8
0
  6
Continuous
 62
     7
370
    25
100
AcDbLine
 10
2.6694566929
 20
0.9539566928
 30
0.0
 11
2.5944566929
 21
0.9539566929
 31
0.0
  0
LINE
  5
1CE5
330
1F
100
AcDbEntity
  8
0
  6
Continuous
 62
     7
370
    25
100
AcDbLine
 10
2.5944566929
 20
0.953956693
 30
0.0
 11
2.5944566929
 21
0.9389566931
 31
0.0
  0
LINE
  5
1CE6
330
1F
100
AcDbEntity
  8
0
  6
Continuous
 62
     7
370
    25
100
AcDbLine
 10
2.5944566929
 20
0.9389566929
 30
0.0
 11
2.6694566929
 21
0.9389566932
 31
0.0
  0
LINE
  5
1CE7
330
1F
100
AcDbEntity
  8
0
  6
Continuous
 62
     7
370
    25
100
AcDbLine
 10
2.6614566929
 20
0.9389566931
 30
0.0
 11
2.6614566929
 21
0.9039566933
 31
0.0
  0
LINE
  5
1CE8
330
1F
100
AcDbEntity
  8
0
  6
Continuous
 62
     7
370
    25
100
AcDbLine
 10
2.6694566929
 20
0.9039566932
 30
0.0
 11
2.6294566929
 21
0.9039566929
 31
0.0
  0
LINE
  5
1CE9
330
1F
100
AcDbEntity
  8
0
  6
Continuous
 62
     7
370
    25
100
AcDbLine
 10
2.6294566929
 20
0.9039566933
 30
0.0
 11
2.6294566929
 21
0.8889566933
 31
0.0
  0
LINE
  5
1CEA
330
1F
100
AcDbEntity
  8
0
  6
Continuous
 62
     7
370
    25
100
AcDbLine
 10
2.6294566929
 20
0.8889566929
 30
0.0
 11
2.6694566929
 21
0.8889566927
 31
0.0
  0
LINE
  5
1CEB
330
1F
100
AcDbEntity
  8
0
  6
Continuous
 62
     7
370
    25
100
AcDbLine
 10
2.6614566929
 20
0.8889566933
 30
0.0
 11
2.6614566929
 21
0.8539566935
 31
0.0
  0
LINE
  5
1CEC
330
1F
100
AcDbEntity
  8
0
  6
Continuous
 62
     7
370
    25
100
AcDbLine
 10
2.6694566929
 20
0.8539566928
 30
0.0
 11
2.6294566929
 21
0.8539566929
 31
0.0
  0
LINE
  5
1CED
330
1F
100
AcDbEntity
  8
0
  6
Continuous
 62
     7
370
    25
100
AcDbLine
 10
2.6294566929
 20
0.8539566935
 30
0.0
 11
2.6294566929
 21
0.8389566929
 31
0.0
  0
LINE
  5
1CEE
330
1F
100
AcDbEntity
  8
0
  6
Continuous
 62
     7
370
    25
100
AcDbLine
 10
2.6294566929
 20
0.8389566929
 30
0.0
 11
2.6694566929
 21
0.8389566929
 31
0.0
  0
LINE
  5
1CEF
330
1F
100
AcDbEntity
  8
0
  6
Continuous
 62
     7
370
    25
100
AcDbLine
 10
2.6614566929
 20
0.8389566929
 30
0.0
 11
2.6614566929
 21
0.6039566929
 31
0.0
  0
LINE
  5
1CF0
330
1F
100
AcDbEntity
  8
0
  6
Continuous
 62
     7
370
    25
100
AcDbLine
 10
2.6694566929
 20
0.6039566929
 30
0.0
 11
2.6294566929
 21
0.6039566929
 31
0.0
  0
LINE
  5
1CF1
330
1F
100
AcDbEntity
  8
0
  6
Continuous
 62
     7
370
    25
100
AcDbLine
 10
2.6294566929
 20
0.6039566929
 30
0.0
 11
2.6294566929
 21
0.5889566928
 31
0.0
  0
LINE
  5
1CF2
330
1F
100
AcDbEntity
  8
0
  6
Continuous
 62
     7
370
    25
100
AcDbLine
 10
2.6294566929
 20
0.5889566929
 30
0.0
 11
2.6694566929
 21
0.5889566929
 31
0.0
  0
LINE
  5
1CF3
330
1F
100
AcDbEntity
  8
0
  6
Continuous
 62
     7
370
    25
100
AcDbLine
 10
2.6614566929
 20
0.5889566928
 30
0.0
 11
2.6614566929
 21
0.553956693
 31
0.0
  0
LINE
  5
1CF4
330
1F
100
AcDbEntity
  8
0
  6
Continuous
 62
     7
370
    25
100
AcDbLine
 10
2.6694566929
 20
0.5539566929
 30
0.0
 11
2.6294566929
 21
0.5539566929
 31
0.0
  0
LINE
  5
1CF5
330
1F
100
AcDbEntity
  8
0
  6
Continuous
 62
     7
370
    25
100
AcDbLine
 10
2.6294566929
 20
0.553956693
 30
0.0
 11
2.6294566929
 21
0.5389566931
 31
0.0
  0
LINE
  5
1CF6
330
1F
100
AcDbEntity
  8
0
  6
Continuous
 62
     7
370
    25
100
AcDbLine
 10
2.6294566929
 20
0.5389566929
 30
0.0
 11
2.6694566929
 21
0.5389566928
 31
0.0
  0
LINE
  5
1CF7
330
1F
100
AcDbEntity
  8
0
  6
Continuous
 62
     7
370
    25
100
AcDbLine
 10
2.6614566929
 20
0.5389566931
 30
0.0
 11
2.6614566929
 21
0.5039566932
 31
0.0
  0
LINE
  5
1CF8
330
1F
100
AcDbEntity
  8
0
  6
Continuous
 62
     7
370
    25
100
AcDbLine
 10
2.6694566929
 20
0.5039566934
 30
0.0
 11
2.5944566929
 21
0.5039566929
 31
0.0
  0
LINE
  5
1CF9
330
1F
100
AcDbEntity
  8
0
  6
Continuous
 62
     7
370
    25
100
AcDbLine
 10
2.5944566929
 20
0.5039566932
 30
0.0
 11
2.5944566929
 21
0.4889566933
 31
0.0
  0
LINE
  5
1CFA
330
1F
100
AcDbEntity
  8
0
  6
Continuous
 62
     7
370
    25
100
AcDbLine
 10
2.5944566929
 20
0.4889566929
 30
0.0
 11
2.6694566929
 21
0.4889566933
 31
0.0
  0
LINE
  5
1CFB
330
1F
100
AcDbEntity
  8
0
  6
Continuous
 62
     7
370
    25
100
AcDbLine
 10
2.6614566929
 20
0.4889566933
 30
0.0
 11
2.6614566929
 21
0.4539566935
 31
0.0
  0
LINE
  5
1CFC
330
1F
100
AcDbEntity
  8
0
  6
Continuous
 62
     7
370
    25
100
AcDbLine
 10
2.6694566929
 20
0.4539566928
 30
0.0
 11
2.5944566929
 21
0.4539566929
 31
0.0
  0
LINE
  5
1CFD
330
1F
100
AcDbEntity
  8
0
  6
Continuous
 62
     7
370
    25
100
AcDbLine
 10
2.5944566929
 20
0.4539566935
 30
0.0
 11
2.5944566929
 21
0.4389566936
 31
0.0
  0
LINE
  5
1CFE
330
1F
100
AcDbEntity
  8
0
  6
Continuous
 62
     7
370
    25
100
AcDbLine
 10
2.5944566929
 20
0.4389566929
 30
0.0
 11
2.6694566929
 21
0.4389566927
 31
0.0
  0
LINE
  5
1CFF
330
1F
100
AcDbEntity
  8
0
  6
Continuous
 62
     7
370
    25
100
AcDbLine
 10
2.6614566929
 20
0.4389566936
 30
0.0
 11
2.6614566929
 21
0.4039566938
 31
0.0
  0
LINE
  5
1D00
330
1F
100
AcDbEntity
  8
0
  6
Continuous
 62
     7
370
    25
100
AcDbLine
 10
2.6694566929
 20
0.4039566932
 30
0.0
 11
2.5944566929
 21
0.4039566929
 31
0.0
  0
LINE
  5
1D01
330
1F
100
AcDbEntity
  8
0
  6
Continuous
 62
     7
370
    25
100
AcDbLine
 10
2.5944566929
 20
0.4039566938
 30
0.0
 11
2.5944566929
 21
0.3889566938
 31
0.0
  0
LINE
  5
1D02
330
1F
100
AcDbEntity
  8
0
  6
Continuous
 62
     7
370
    25
100
AcDbLine
 10
2.5944566929
 20
0.3889566929
 30
0.0
 11
2.6694566929
 21
0.3889566931
 31
0.0
  0
LINE
  5
1D03
330
1F
100
AcDbEntity
  8
0
  6
Continuous
 62
     7
370
    25
100
AcDbLine
 10
2.6614566929
 20
0.3889566938
 30
0.0
 11
2.6614566929
 21
0.3539566919
 31
0.0
  0
LINE
  5
1D04
330
1F
100
AcDbEntity
  8
0
  6
Continuous
 62
     7
370
    25
100
AcDbLine
 10
2.6694566929
 20
0.3539566926
 30
0.0
 11
2.5944566929
 21
0.3539566929
 31
0.0
  0
LINE
  5
1D05
330
1F
100
AcDbEntity
  8
0
  6
Continuous
 62
     7
370
    25
100
AcDbLine
 10
2.5944566929
 20
0.3539566919
 30
0.0
 11
2.5944566929
 21
0.338956692
 31
0.0
  0
LINE
  5
1D06
330
1F
100
AcDbEntity
  8
0
  6
Continuous
 62
     7
370
    25
100
AcDbLine
 10
2.5944566929
 20
0.3389566929
 30
0.0
 11
2.6694566929
 21
0.3389566925
 31
0.0
  0
LINE
  5
1D07
330
1F
100
AcDbEntity
  8
0
  6
Continuous
 62
     7
370
    25
100
AcDbLine
 10
2.6614566929
 20
0.338956692
 30
0.0
 11
2.6614566929
 21
0.3039566922
 31
0.0
  0
LINE
  5
1D08
330
1F
100
AcDbEntity
  8
0
  6
Continuous
 62
     7
370
    25
100
AcDbLine
 10
2.6694566929
 20
0.303956693
 30
0.0
 11
2.5944566929
 21
0.3039566929
 31
0.0
  0
LINE
  5
1D09
330
1F
100
AcDbEntity
  8
0
  6
Continuous
 62
     7
370
    25
100
AcDbLine
 10
2.5944566929
 20
0.3039566922
 30
0.0
 11
2.5944566929
 21
0.2889566922
 31
0.0
  0
LINE
  5
1D0A
330
1F
100
AcDbEntity
  8
0
  6
Continuous
 62
     7
370
    25
100
AcDbLine
 10
2.5944566929
 20
0.2889566929
 30
0.0
 11
2.6694566929
 21
0.2889566929
 31
0.0
  0
LINE
  5
1D0B
330
1F
100
AcDbEntity
  8
0
  6
Continuous
 62
     7
370
    25
100
AcDbLine
 10
2.6614566929
 20
0.2889566922
 30
0.0
 11
2.6614566929
 21
0.2539566924
 31
0.0
  0
LINE
  5
1D0C
330
1F
100
AcDbEntity
  8
0
  6
Continuous
 62
     7
370
    25
100
AcDbLine
 10
2.6694566929
 20
0.2539566924
 30
0.0
 11
2.5944566929
 21
0.2539566929
 31
0.0
  0
LINE
  5
1D0D
330
1F
100
AcDbEntity
  8
0
  6
Continuous
 62
     7
370
    25
100
AcDbLine
 10
2.5944566929
 20
0.2539566924
 30
0.0
 11
2.5944566929
 21
0.2389566925
 31
0.0
  0
LINE
  5
1D0E
330
1F
100
AcDbEntity
  8
0
  6
Continuous
 62
     7
370
    25
100
AcDbLine
 10
2.5944566929
 20
0.2389566929
 30
0.0
 11
2.6694566929
 21
0.2389566934
 31
0.0
  0
LINE
  5
1D0F
330
1F
100
AcDbEntity
  8
0
  6
Continuous
 62
     7
370
    25
100
AcDbLine
 10
2.6614566929
 20
0.2389566925
 30
0.0
 11
2.6614566929
 21
0.2039566927
 31
0.0
  0
LINE
  5
1D10
330
1F
100
AcDbEntity
  8
0
  6
Continuous
 62
     7
370
    25
100
AcDbLine
 10
2.6694566929
 20
0.2039566928
 30
0.0
 11
2.5944566929
 21
0.2039566929
 31
0.0
  0
LINE
  5
1D11
330
1F
100
AcDbEntity
  8
0
  6
Continuous
 62
     7
370
    25
100
AcDbLine
 10
2.5944566929
 20
0.2039566927
 30
0.0
 11
2.5944566929
 21
0.1889566928
 31
0.0
  0
LINE
  5
1D12
330
1F
100
AcDbEntity
  8
0
  6
Continuous
 62
     7
370
    25
100
AcDbLine
 10
2.5944566929
 20
0.1889566929
 30
0.0
 11
2.6694566929
 21
0.1889566928
 31
0.0
  0
LINE
  5
1D13
330
1F
100
AcDbEntity
  8
0
  6
Continuous
 62
     7
370
    25
100
AcDbLine
 10
2.6614566929
 20
0.1889566928
 30
0.0
 11
2.6614566929
 21
0.153956693
 31
0.0
  0
LINE
  5
1D14
330
1F
100
AcDbEntity
  8
0
  6
Continuous
 62
     7
370
    25
100
AcDbLine
 10
2.6694566929
 20
0.1539566933
 30
0.0
 11
2.5944566929
 21
0.1539566929
 31
0.0
  0
LINE
  5
1D15
330
1F
100
AcDbEntity
  8
0
  6
Continuous
 62
     7
370
    25
100
AcDbLine
 10
2.5944566929
 20
0.153956693
 30
0.0
 11
2.5944566929
 21
0.138956693
 31
0.0
  0
LINE
  5
1D16
330
1F
100
AcDbEntity
  8
0
  6
Continuous
 62
     7
370
    25
100
AcDbLine
 10
2.5944566929
 20
0.1389566929
 30
0.0
 11
2.6694566929
 21
0.1389566932
 31
0.0
  0
LINE
  5
1D17
330
1F
100
AcDbEntity
  8
0
  6
Continuous
 62
     7
370
    25
100
AcDbLine
 10
2.6614566929
 20
0.138956693
 30
0.0
 11
2.6614566929
 21
0.1039566932
 31
0.0
  0
LINE
  5
1D18
330
1F
100
AcDbEntity
  8
0
  6
Continuous
 62
     7
370
    25
100
AcDbLine
 10
2.6694566929
 20
0.1039566927
 30
0.0
 11
2.5944566929
 21
0.1039566929
 31
0.0
  0
LINE
  5
1D19
330
1F
100
AcDbEntity
  8
0
  6
Continuous
 62
     7
370
    25
100
AcDbLine
 10
2.5944566929
 20
0.1039566932
 30
0.0
 11
2.5944566929
 21
0.0889566933
 31
0.0
  0
LINE
  5
1D1A
330
1F
100
AcDbEntity
  8
0
  6
Continuous
 62
     7
370
    25
100
AcDbLine
 10
2.5944566929
 20
0.0889566929
 30
0.0
 11
2.6694566929
 21
0.0889566926
 31
0.0
  0
LINE
  5
1D1B
330
1F
100
AcDbEntity
  8
0
  6
Continuous
 62
     7
370
    25
100
AcDbLine
 10
2.6614566929
 20
0.0889566933
 30
0.0
 11
2.6614566929
 21
0.0539566935
 31
0.0
  0
LINE
  5
1D1C
330
1F
100
AcDbEntity
  8
0
  6
Continuous
 62
     7
370
    25
100
AcDbLine
 10
2.6694566929
 20
0.0539566931
 30
0.0
 11
2.5944566929
 21
0.0539566929
 31
0.0
  0
LINE
  5
1D1D
330
1F
100
AcDbEntity
  8
0
  6
Continuous
 62
     7
370
    25
100
AcDbLine
 10
2.5944566929
 20
0.0539566935
 30
0.0
 11
2.5944566929
 21
0.0389566936
 31
0.0
  0
LINE
  5
1D1E
330
1F
100
AcDbEntity
  8
0
  6
Continuous
 62
     7
370
    25
100
AcDbLine
 10
2.5944566929
 20
0.0389566929
 30
0.0
 11
2.6694566929
 21
0.038956693
 31
0.0
  0
LINE
  5
1D1F
330
1F
100
AcDbEntity
  8
0
  6
Continuous
 62
     7
370
    25
100
AcDbLine
 10
2.6614566929
 20
0.0389566936
 30
0.0
 11
2.6614566929
 21
0.0039566938
 31
0.0
  0
LINE
  5
1D20
330
1F
100
AcDbEntity
  8
0
  6
Continuous
 62
     7
370
    25
100
AcDbLine
 10
2.6694566929
 20
0.0039566925
 30
0.0
 11
2.5944566929
 21
0.0039566929
 31
0.0
  0
LINE
  5
1D21
330
1F
100
AcDbEntity
  8
0
  6
Continuous
 62
     7
370
    25
100
AcDbLine
 10
2.5944566929
 20
0.0039566938
 30
0.0
 11
2.5944566929
 21
-0.0110433062
 31
0.0
  0
LINE
  5
1D22
330
1F
100
AcDbEntity
  8
0
  6
Continuous
 62
     7
370
    25
100
AcDbLine
 10
2.5944566929
 20
-0.0110433071
 30
0.0
 11
2.6694566929
 21
-0.0110433076
 31
0.0
  0
LINE
  5
1D23
330
1F
100
AcDbEntity
  8
0
  6
Continuous
 62
     7
370
    25
100
AcDbLine
 10
2.6614566929
 20
-0.0110433062
 30
0.0
 11
2.6614566929
 21
-0.0460433081
 31
0.0
  0
LINE
  5
1D24
330
1F
100
AcDbEntity
  8
0
  6
Continuous
 62
     7
370
    25
100
AcDbLine
 10
2.6694566929
 20
-0.0460433071
 30
0.0
 11
2.5944566929
 21
-0.0460433071
 31
0.0
  0
LINE
  5
1D25
330
1F
100
AcDbEntity
  8
0
  6
Continuous
 62
     7
370
    25
100
AcDbLine
 10
2.5944566929
 20
-0.0460433081
 30
0.0
 11
2.5944566929
 21
-0.061043308
 31
0.0
  0
LINE
  5
1D26
330
1F
100
AcDbEntity
  8
0
  6
Continuous
 62
     7
370
    25
100
AcDbLine
 10
2.5944566929
 20
-0.0610433071
 30
0.0
 11
2.6694566929
 21
-0.0610433071
 31
0.0
  0
LINE
  5
1D27
330
1F
100
AcDbEntity
  8
0
  6
Continuous
 62
     7
370
    25
100
AcDbLine
 10
2.6614566929
 20
-0.061043308
 30
0.0
 11
2.6614566929
 21
-0.0960433079
 31
0.0
  0
LINE
  5
1D28
330
1F
100
AcDbEntity
  8
0
  6
Continuous
 62
     7
370
    25
100
AcDbLine
 10
2.6694566929
 20
-0.0960433066
 30
0.0
 11
2.5944566929
 21
-0.0960433071
 31
0.0
  0
LINE
  5
1D29
330
1F
100
AcDbEntity
  8
0
  6
Continuous
 62
     7
370
    25
100
AcDbLine
 10
2.5944566929
 20
-0.0960433079
 30
0.0
 11
2.5944566929
 21
-0.1110433078
 31
0.0
  0
LINE
  5
1D2A
330
1F
100
AcDbEntity
  8
0
  6
Continuous
 62
     7
370
    25
100
AcDbLine
 10
2.5944566929
 20
-0.1110433071
 30
0.0
 11
2.6694566929
 21
-0.1110433067
 31
0.0
  0
LINE
  5
1D2B
330
1F
100
AcDbEntity
  8
0
  6
Continuous
 62
     7
370
    25
100
AcDbLine
 10
2.6614566929
 20
-0.1110433078
 30
0.0
 11
2.6614566929
 21
-0.1460433076
 31
0.0
  0
LINE
  5
1D2C
330
1F
100
AcDbEntity
  8
0
  6
Continuous
 62
     7
370
    25
100
AcDbLine
 10
2.6694566929
 20
-0.1460433072
 30
0.0
 11
2.5944566929
 21
-0.1460433071
 31
0.0
  0
LINE
  5
1D2D
330
1F
100
AcDbEntity
  8
0
  6
Continuous
 62
     7
370
    25
100
AcDbLine
 10
2.5944566929
 20
-0.1460433076
 30
0.0
 11
2.5944566929
 21
-0.1610433075
 31
0.0
  0
LINE
  5
1D2E
330
1F
100
AcDbEntity
  8
0
  6
Continuous
 62
     7
370
    25
100
AcDbLine
 10
2.5944566929
 20
-0.1610433071
 30
0.0
 11
2.6694566929
 21
-0.1610433073
 31
0.0
  0
LINE
  5
1D2F
330
1F
100
AcDbEntity
  8
0
  6
Continuous
 62
     7
370
    25
100
AcDbLine
 10
2.6614566929
 20
-0.1610433075
 30
0.0
 11
2.6614566929
 21
-0.1960433073
 31
0.0
  0
LINE
  5
1D30
330
1F
100
AcDbEntity
  8
0
  6
Continuous
 62
     7
370
    25
100
AcDbLine
 10
2.6694566929
 20
-0.1960433068
 30
0.0
 11
2.5944566929
 21
-0.1960433071
 31
0.0
  0
LINE
  5
1D31
330
1F
100
AcDbEntity
  8
0
  6
Continuous
 62
     7
370
    25
100
AcDbLine
 10
2.5944566929
 20
-0.1960433073
 30
0.0
 11
2.5944566929
 21
-0.2110433072
 31
0.0
  0
LINE
  5
1D32
330
1F
100
AcDbEntity
  8
0
  6
Continuous
 62
     7
370
    25
100
AcDbLine
 10
2.5944566929
 20
-0.2110433071
 30
0.0
 11
2.6694566929
 21
-0.2110433069
 31
0.0
  0
LINE
  5
1D33
330
1F
100
AcDbEntity
  8
0
  6
Continuous
 62
     7
370
    25
100
AcDbLine
 10
2.6614566929
 20
-0.2110433072
 30
0.0
 11
2.6614566929
 21
-0.2460433071
 31
0.0
  0
LINE
  5
1D34
330
1F
100
AcDbEntity
  8
0
  6
Continuous
 62
     7
370
    25
100
AcDbLine
 10
2.6694566929
 20
-0.2460433074
 30
0.0
 11
2.5944566929
 21
-0.2460433071
 31
0.0
  0
LINE
  5
1D35
330
1F
100
AcDbEntity
  8
0
  6
Continuous
 62
     7
370
    25
100
AcDbLine
 10
2.5944566929
 20
-0.2460433071
 30
0.0
 11
2.5944566929
 21
-0.261043307
 31
0.0
  0
LINE
  5
1D36
330
1F
100
AcDbEntity
  8
0
  6
Continuous
 62
     7
370
    25
100
AcDbLine
 10
2.5944566929
 20
-0.2610433071
 30
0.0
 11
2.6694566929
 21
-0.2610433075
 31
0.0
  0
LINE
  5
1D37
330
1F
100
AcDbEntity
  8
0
  6
Continuous
 62
     7
370
    25
100
AcDbLine
 10
2.6614566929
 20
-0.261043307
 30
0.0
 11
2.6614566929
 21
-0.2960433068
 31
0.0
  0
LINE
  5
1D38
330
1F
100
AcDbEntity
  8
0
  6
Continuous
 62
     7
370
    25
100
AcDbLine
 10
2.6694566929
 20
-0.296043307
 30
0.0
 11
2.5944566929
 21
-0.2960433071
 31
0.0
  0
LINE
  5
1D39
330
1F
100
AcDbEntity
  8
0
  6
Continuous
 62
     7
370
    25
100
AcDbLine
 10
2.5944566929
 20
-0.2960433068
 30
0.0
 11
2.5944566929
 21
-0.3110433067
 31
0.0
  0
LINE
  5
1D3A
330
1F
100
AcDbEntity
  8
0
  6
Continuous
 62
     7
370
    25
100
AcDbLine
 10
2.5944566929
 20
-0.3110433071
 30
0.0
 11
2.6694566929
 21
-0.311043307
 31
0.0
  0
LINE
  5
1D3B
330
1F
100
AcDbEntity
  8
0
  6
Continuous
 62
     7
370
    25
100
AcDbLine
 10
2.6614566929
 20
-0.3110433067
 30
0.0
 11
2.6614566929
 21
-0.3460433065
 31
0.0
  0
LINE
  5
1D3C
330
1F
100
AcDbEntity
  8
0
  6
Continuous
 62
     7
370
    25
100
AcDbLine
 10
2.6694566929
 20
-0.3460433076
 30
0.0
 11
2.5944566929
 21
-0.3460433071
 31
0.0
  0
LINE
  5
1D3D
330
1F
100
AcDbEntity
  8
0
  6
Continuous
 62
     7
370
    25
100
AcDbLine
 10
2.5944566929
 20
-0.3460433065
 30
0.0
 11
2.5944566929
 21
-0.3610433064
 31
0.0
  0
LINE
  5
1D3E
330
1F
100
AcDbEntity
  8
0
  6
Continuous
 62
     7
370
    25
100
AcDbLine
 10
2.5944566929
 20
-0.3610433071
 30
0.0
 11
2.6694566929
 21
-0.3610433066
 31
0.0
  0
LINE
  5
1D3F
330
1F
100
AcDbEntity
  8
0
  6
Continuous
 62
     7
370
    25
100
AcDbLine
 10
2.6614566929
 20
-0.3610433064
 30
0.0
 11
2.6614566929
 21
-0.3960433063
 31
0.0
  0
LINE
  5
1D40
330
1F
100
AcDbEntity
  8
0
  6
Continuous
 62
     7
370
    25
100
AcDbLine
 10
2.6694566929
 20
-0.3960433071
 30
0.0
 11
2.5944566929
 21
-0.3960433071
 31
0.0
  0
LINE
  5
1D41
330
1F
100
AcDbEntity
  8
0
  6
Continuous
 62
     7
370
    25
100
AcDbLine
 10
2.5944566929
 20
-0.3960433063
 30
0.0
 11
2.5944566929
 21
-0.4110433062
 31
0.0
  0
LINE
  5
1D42
330
1F
100
AcDbEntity
  8
0
  6
Continuous
 62
     7
370
    25
100
AcDbLine
 10
2.5944566929
 20
-0.4110433071
 30
0.0
 11
2.6694566929
 21
-0.4110433072
 31
0.0
  0
LINE
  5
1D43
330
1F
100
AcDbEntity
  8
0
  6
Continuous
 62
     7
370
    25
100
AcDbLine
 10
2.6614566929
 20
-0.4110433062
 30
0.0
 11
2.6614566929
 21
-0.446043306
 31
0.0
  0
LINE
  5
1D44
330
1F
100
AcDbEntity
  8
0
  6
Continuous
 62
     7
370
    25
100
AcDbLine
 10
2.6694566929
 20
-0.4460433067
 30
0.0
 11
2.5944566929
 21
-0.4460433071
 31
0.0
  0
LINE
  5
1D45
330
1F
100
AcDbEntity
  8
0
  6
Continuous
 62
     7
370
    25
100
AcDbLine
 10
2.5944566929
 20
-0.446043306
 30
0.0
 11
2.5944566929
 21
-0.4610433081
 31
0.0
  0
LINE
  5
1D46
330
1F
100
AcDbEntity
  8
0
  6
Continuous
 62
     7
370
    25
100
AcDbLine
 10
2.5944566929
 20
-0.4610433071
 30
0.0
 11
2.6694566929
 21
-0.4610433068
 31
0.0
  0
LINE
  5
1D47
330
1F
100
AcDbEntity
  8
0
  6
Continuous
 62
     7
370
    25
100
AcDbLine
 10
2.6614566929
 20
-0.4610433081
 30
0.0
 11
2.6614566929
 21
-0.4960433079
 31
0.0
  0
LINE
  5
1D48
330
1F
100
AcDbEntity
  8
0
  6
Continuous
 62
     7
370
    25
100
AcDbLine
 10
2.6694566929
 20
-0.4960433073
 30
0.0
 11
2.5944566929
 21
-0.4960433071
 31
0.0
  0
LINE
  5
1D49
330
1F
100
AcDbEntity
  8
0
  6
Continuous
 62
     7
370
    25
100
AcDbLine
 10
2.5944566929
 20
-0.4960433079
 30
0.0
 11
2.5944566929
 21
-0.5110433078
 31
0.0
  0
LINE
  5
1D4A
330
1F
100
AcDbEntity
  8
0
  6
Continuous
 62
     7
370
    25
100
AcDbLine
 10
2.5944566929
 20
-0.5110433071
 30
0.0
 11
2.6694566929
 21
-0.5110433074
 31
0.0
  0
LINE
  5
1D4B
330
1F
100
AcDbEntity
  8
0
  6
Continuous
 62
     7
370
    25
100
AcDbLine
 10
2.6614566929
 20
-0.5110433078
 30
0.0
 11
2.6614566929
 21
-0.5460433076
 31
0.0
  0
LINE
  5
1D4C
330
1F
100
AcDbEntity
  8
0
  6
Continuous
 62
     7
370
    25
100
AcDbLine
 10
2.6694566929
 20
-0.5460433069
 30
0.0
 11
2.5944566929
 21
-0.5460433071
 31
0.0
  0
LINE
  5
1D4D
330
1F
100
AcDbEntity
  8
0
  6
Continuous
 62
     7
370
    25
100
AcDbLine
 10
2.5944566929
 20
-0.5460433076
 30
0.0
 11
2.5944566929
 21
-0.5610433075
 31
0.0
  0
LINE
  5
1D4E
330
1F
100
AcDbEntity
  8
0
  6
Continuous
 62
     7
370
    25
100
AcDbLine
 10
2.5944566929
 20
-0.5610433071
 30
0.0
 11
2.6694566929
 21
-0.5610433069
 31
0.0
  0
LINE
  5
1D4F
330
1F
100
AcDbEntity
  8
0
  6
Continuous
 62
     7
370
    25
100
AcDbLine
 10
2.6614566929
 20
-0.5610433075
 30
0.0
 11
2.6614566929
 21
-0.5960433073
 31
0.0
  0
LINE
  5
1D50
330
1F
100
AcDbEntity
  8
0
  6
Continuous
 62
     7
370
    25
100
AcDbLine
 10
2.6694566929
 20
-0.5960433075
 30
0.0
 11
2.5944566929
 21
-0.5960433071
 31
0.0
  0
LINE
  5
1D51
330
1F
100
AcDbEntity
  8
0
  6
Continuous
 62
     7
370
    25
100
AcDbLine
 10
2.5944566929
 20
-0.5960433073
 30
0.0
 11
2.5944566929
 21
-0.6110433073
 31
0.0
  0
LINE
  5
1D52
330
1F
100
AcDbEntity
  8
0
  6
Continuous
 62
     7
370
    25
100
AcDbLine
 10
2.5944566929
 20
-0.6110433071
 30
0.0
 11
2.6694566929
 21
-0.6110433076
 31
0.0
  0
LINE
  5
1D53
330
1F
100
AcDbEntity
  8
0
  6
Continuous
 62
     7
370
    25
100
AcDbLine
 10
2.6614566929
 20
-0.6110433073
 30
0.0
 11
2.6614566929
 21
-0.6460433071
 31
0.0
  0
LINE
  5
1D54
330
1F
100
AcDbEntity
  8
0
  6
Continuous
 62
     7
370
    25
100
AcDbLine
 10
2.6694566929
 20
-0.646043307
 30
0.0
 11
2.5944566929
 21
-0.6460433071
 31
0.0
  0
LINE
  5
1D55
330
1F
100
AcDbEntity
  8
0
  6
Continuous
 62
     7
370
    25
100
AcDbLine
 10
2.5944566929
 20
-0.6460433071
 30
0.0
 11
2.5944566929
 21
-0.661043307
 31
0.0
  0
LINE
  5
1D56
330
1F
100
AcDbEntity
  8
0
  6
Continuous
 62
     7
370
    25
100
AcDbLine
 10
2.5944566929
 20
-0.6610433071
 30
0.0
 11
2.6694566929
 21
-0.6610433071
 31
0.0
  0
LINE
  5
1D57
330
1F
100
AcDbEntity
  8
0
  6
Continuous
 62
     7
370
    25
100
AcDbLine
 10
2.6614566929
 20
-0.661043307
 30
0.0
 11
2.6614566929
 21
-0.6960433068
 31
0.0
  0
LINE
  5
1D58
330
1F
100
AcDbEntity
  8
0
  6
Continuous
 62
     7
370
    25
100
AcDbLine
 10
2.6694566929
 20
-0.6960433066
 30
0.0
 11
2.5944566929
 21
-0.6960433071
 31
0.0
  0
LINE
  5
1D59
330
1F
100
AcDbEntity
  8
0
  6
Continuous
 62
     7
370
    25
100
AcDbLine
 10
2.5944566929
 20
-0.6960433068
 30
0.0
 11
2.5944566929
 21
-0.7110433067
 31
0.0
  0
LINE
  5
1D5A
330
1F
100
AcDbEntity
  8
0
  6
Continuous
 62
     7
370
    25
100
AcDbLine
 10
2.5944566929
 20
-0.7110433071
 30
0.0
 11
2.6694566929
 21
-0.7110433067
 31
0.0
  0
LINE
  5
1D5B
330
1F
100
AcDbEntity
  8
0
  6
Continuous
 62
     7
370
    25
100
AcDbLine
 10
2.6614566929
 20
-0.7110433067
 30
0.0
 11
2.6614566929
 21
-0.7460433065
 31
0.0
  0
LINE
  5
1D5C
330
1F
100
AcDbEntity
  8
0
  6
Continuous
 62
     7
370
    25
100
AcDbLine
 10
2.6694566929
 20
-0.7460433072
 30
0.0
 11
2.5944566929
 21
-0.7460433071
 31
0.0
  0
LINE
  5
1D5D
330
1F
100
AcDbEntity
  8
0
  6
Continuous
 62
     7
370
    25
100
AcDbLine
 10
2.5944566929
 20
-0.7460433065
 30
0.0
 11
2.5944566929
 21
-0.7610433065
 31
0.0
  0
LINE
  5
1D5E
330
1F
100
AcDbEntity
  8
0
  6
Continuous
 62
     7
370
    25
100
AcDbLine
 10
2.5944566929
 20
-0.7610433071
 30
0.0
 11
2.6694566929
 21
-0.7610433073
 31
0.0
  0
LINE
  5
1D5F
330
1F
100
AcDbEntity
  8
0
  6
Continuous
 62
     7
370
    25
100
AcDbLine
 10
2.6614566929
 20
-0.7610433065
 30
0.0
 11
2.6614566929
 21
-0.7960433063
 31
0.0
  0
LINE
  5
1D60
330
1F
100
AcDbEntity
  8
0
  6
Continuous
 62
     7
370
    25
100
AcDbLine
 10
2.6694566929
 20
-0.7960433068
 30
0.0
 11
2.5944566929
 21
-0.7960433071
 31
0.0
  0
LINE
  5
1D61
330
1F
100
AcDbEntity
  8
0
  6
Continuous
 62
     7
370
    25
100
AcDbLine
 10
2.5944566929
 20
-0.7960433063
 30
0.0
 11
2.5944566929
 21
-0.8110433062
 31
0.0
  0
LINE
  5
1D62
330
1F
100
AcDbEntity
  8
0
  6
Continuous
 62
     7
370
    25
100
AcDbLine
 10
2.5944566929
 20
-0.8110433071
 30
0.0
 11
2.6694566929
 21
-0.8110433068
 31
0.0
  0
LINE
  5
1D63
330
1F
100
AcDbEntity
  8
0
  6
Continuous
 62
     7
370
    25
100
AcDbLine
 10
2.6614566929
 20
-0.8110433062
 30
0.0
 11
2.6614566929
 21
-0.846043306
 31
0.0
  0
LINE
  5
1D64
330
1F
100
AcDbEntity
  8
0
  6
Continuous
 62
     7
370
    25
100
AcDbLine
 10
2.6694566929
 20
-0.8460433074
 30
0.0
 11
2.5944566929
 21
-0.8460433071
 31
0.0
  0
LINE
  5
1D65
330
1F
100
AcDbEntity
  8
0
  6
Continuous
 62
     7
370
    25
100
AcDbLine
 10
2.5944566929
 20
-0.846043306
 30
0.0
 11
2.5944566929
 21
-0.8610433081
 31
0.0
  0
LINE
  5
1D66
330
1F
100
AcDbEntity
  8
0
  6
Continuous
 62
     7
370
    25
100
AcDbLine
 10
2.5944566929
 20
-0.8610433071
 30
0.0
 11
2.6694566929
 21
-0.8610433075
 31
0.0
  0
LINE
  5
1D67
330
1F
100
AcDbEntity
  8
0
  6
Continuous
 62
     7
370
    25
100
AcDbLine
 10
2.6614566929
 20
-0.8610433081
 30
0.0
 11
2.6614566929
 21
-0.8960433079
 31
0.0
  0
LINE
  5
1D68
330
1F
100
AcDbEntity
  8
0
  6
Continuous
 62
     7
370
    25
100
AcDbLine
 10
2.6694566929
 20
-0.8960433069
 30
0.0
 11
2.5944566929
 21
-0.8960433071
 31
0.0
  0
LINE
  5
1D69
330
1F
100
AcDbEntity
  8
0
  6
Continuous
 62
     7
370
    25
100
AcDbLine
 10
2.5944566929
 20
-0.8960433079
 30
0.0
 11
2.5944566929
 21
-0.9110433078
 31
0.0
  0
LINE
  5
1D6A
330
1F
100
AcDbEntity
  8
0
  6
Continuous
 62
     7
370
    25
100
AcDbLine
 10
2.5944566929
 20
-0.9110433071
 30
0.0
 11
2.6694566929
 21
-0.911043307
 31
0.0
  0
LINE
  5
1D6B
330
1F
100
AcDbEntity
  8
0
  6
Continuous
 62
     7
370
    25
100
AcDbLine
 10
2.6614566929
 20
-0.9110433078
 30
0.0
 11
2.6614566929
 21
-0.9460433076
 31
0.0
  0
LINE
  5
1D6C
330
1F
100
AcDbEntity
  8
0
  6
Continuous
 62
     7
370
    25
100
AcDbLine
 10
2.6694566929
 20
-0.9460433076
 30
0.0
 11
2.5944566929
 21
-0.9460433071
 31
0.0
  0
LINE
  5
1D6D
330
1F
100
AcDbEntity
  8
0
  6
Continuous
 62
     7
370
    25
100
AcDbLine
 10
2.5944566929
 20
-0.9460433076
 30
0.0
 11
2.5944566929
 21
-0.9610433075
 31
0.0
  0
LINE
  5
1D6E
330
1F
100
AcDbEntity
  8
0
  6
Continuous
 62
     7
370
    25
100
AcDbLine
 10
2.5944566929
 20
-0.9610433071
 30
0.0
 11
2.6694566929
 21
-0.9610433066
 31
0.0
  0
LINE
  5
1D6F
330
1F
100
AcDbEntity
  8
0
  6
Continuous
 62
     7
370
    25
100
AcDbLine
 10
2.6614566929
 20
-0.9610433075
 30
0.0
 11
2.6614566929
 21
-0.9960433073
 31
0.0
  0
LINE
  5
1D70
330
1F
100
AcDbEntity
  8
0
  6
Continuous
 62
     7
370
    25
100
AcDbLine
 10
2.6694566929
 20
-0.9960433071
 30
0.0
 11
2.5944566929
 21
-0.9960433071
 31
0.0
  0
LINE
  5
1D71
330
1F
100
AcDbEntity
  8
0
  6
Continuous
 62
     7
370
    25
100
AcDbLine
 10
2.5944566929
 20
-0.9960433073
 30
0.0
 11
2.5944566929
 21
-1.0110433073
 31
0.0
  0
LINE
  5
1D72
330
1F
100
AcDbEntity
  8
0
  6
Continuous
 62
     7
370
    25
100
AcDbLine
 10
2.5944566929
 20
-1.0110433071
 30
0.0
 11
2.6694566929
 21
-1.0110433072
 31
0.0
  0
LINE
  5
1D73
330
1F
100
AcDbEntity
  8
0
  6
Continuous
 62
     7
370
    25
100
AcDbLine
 10
2.6614566929
 20
-1.0110433073
 30
0.0
 11
2.6614566929
 21
-1.0460433071
 31
0.0
  0
LINE
  5
1D74
330
1F
100
AcDbEntity
  8
0
  6
Continuous
 62
     7
370
    25
100
AcDbLine
 10
2.6694566929
 20
-1.0460433067
 30
0.0
 11
2.5944566929
 21
-1.0460433071
 31
0.0
  0
LINE
  5
1D75
330
1F
100
AcDbEntity
  8
0
  6
Continuous
 62
     7
370
    25
100
AcDbLine
 10
2.5944566929
 20
-1.0460433071
 30
0.0
 11
2.5944566929
 21
-1.061043307
 31
0.0
  0
LINE
  5
1D76
330
1F
100
AcDbEntity
  8
0
  6
Continuous
 62
     7
370
    25
100
AcDbLine
 10
2.5944566929
 20
-1.0610433071
 30
0.0
 11
2.6694566929
 21
-1.0610433068
 31
0.0
  0
LINE
  5
1D77
330
1F
100
AcDbEntity
  8
0
  6
Continuous
 62
     7
370
    25
100
AcDbLine
 10
2.6614566929
 20
-1.061043307
 30
0.0
 11
2.6614566929
 21
-1.0960433068
 31
0.0
  0
LINE
  5
1D78
330
1F
100
AcDbEntity
  8
0
  6
Continuous
 62
     7
370
    25
100
AcDbLine
 10
2.6694566929
 20
-1.0960433073
 30
0.0
 11
2.5944566929
 21
-1.0960433071
 31
0.0
  0
LINE
  5
1D79
330
1F
100
AcDbEntity
  8
0
  6
Continuous
 62
     7
370
    25
100
AcDbLine
 10
2.5944566929
 20
-1.0960433068
 30
0.0
 11
2.5944566929
 21
-1.1110433067
 31
0.0
  0
LINE
  5
1D7A
330
1F
100
AcDbEntity
  8
0
  6
Continuous
 62
     7
370
    25
100
AcDbLine
 10
2.5944566929
 20
-1.1110433071
 30
0.0
 11
2.6694566929
 21
-1.1110433074
 31
0.0
  0
LINE
  5
1D7B
330
1F
100
AcDbEntity
  8
0
  6
Continuous
 62
     7
370
    25
100
AcDbLine
 10
2.6614566929
 20
-1.1110433067
 30
0.0
 11
2.6614566929
 21
-1.1460433066
 31
0.0
  0
LINE
  5
1D7C
330
1F
100
AcDbEntity
  8
0
  6
Continuous
 62
     7
370
    25
100
AcDbLine
 10
2.6694566929
 20
-1.1460433068
 30
0.0
 11
2.5944566929
 21
-1.1460433071
 31
0.0
  0
LINE
  5
1D7D
330
1F
100
AcDbEntity
  8
0
  6
Continuous
 62
     7
370
    25
100
AcDbLine
 10
2.5944566929
 20
-1.1460433066
 30
0.0
 11
2.5944566929
 21
-1.1610433065
 31
0.0
  0
LINE
  5
1D7E
330
1F
100
AcDbEntity
  8
0
  6
Continuous
 62
     7
370
    25
100
AcDbLine
 10
2.5944566929
 20
-1.1610433071
 30
0.0
 11
2.6694566929
 21
-1.1610433069
 31
0.0
  0
LINE
  5
1D7F
330
1F
100
AcDbEntity
  8
0
  6
Continuous
 62
     7
370
    25
100
AcDbLine
 10
2.6614566929
 20
-1.1610433065
 30
0.0
 11
2.6614566929
 21
-1.1960433063
 31
0.0
  0
LINE
  5
1D80
330
1F
100
AcDbEntity
  8
0
  6
Continuous
 62
     7
370
    25
100
AcDbLine
 10
2.6694566929
 20
-1.1960433075
 30
0.0
 11
2.5944566929
 21
-1.1960433071
 31
0.0
  0
LINE
  5
1D81
330
1F
100
AcDbEntity
  8
0
  6
Continuous
 62
     7
370
    25
100
AcDbLine
 10
2.5944566929
 20
-1.1960433063
 30
0.0
 11
2.5944566929
 21
-1.2110433062
 31
0.0
  0
LINE
  5
1D82
330
1F
100
AcDbEntity
  8
0
  6
Continuous
 62
     7
370
    25
100
AcDbLine
 10
2.5944566929
 20
-1.2110433071
 30
0.0
 11
2.6694566929
 21
-1.2110433076
 31
0.0
  0
LINE
  5
1D83
330
1F
100
AcDbEntity
  8
0
  6
Continuous
 62
     7
370
    25
100
AcDbLine
 10
2.6614566929
 20
-1.2110433062
 30
0.0
 11
2.6614566929
 21
-1.246043306
 31
0.0
  0
LINE
  5
1D84
330
1F
100
AcDbEntity
  8
0
  6
Continuous
 62
     7
370
    25
100
AcDbLine
 10
2.6694566929
 20
-1.246043307
 30
0.0
 11
2.5944566929
 21
-1.2460433071
 31
0.0
  0
LINE
  5
1D85
330
1F
100
AcDbEntity
  8
0
  6
Continuous
 62
     7
370
    25
100
AcDbLine
 10
2.5944566929
 20
-1.246043306
 30
0.0
 11
2.5944566929
 21
-1.2610433081
 31
0.0
  0
LINE
  5
1D86
330
1F
100
AcDbEntity
  8
0
  6
Continuous
 62
     7
370
    25
100
AcDbLine
 10
2.5944566929
 20
-1.2610433071
 30
0.0
 11
2.6694566929
 21
-1.2610433071
 31
0.0
  0
LINE
  5
1D87
330
1F
100
AcDbEntity
  8
0
  6
Continuous
 62
     7
370
    25
100
AcDbLine
 10
2.6614566929
 20
-1.2610433081
 30
0.0
 11
2.6614566929
 21
-1.2960433079
 31
0.0
  0
LINE
  5
1D88
330
1F
100
AcDbEntity
  8
0
  6
Continuous
 62
     7
370
    25
100
AcDbLine
 10
2.6694566929
 20
-1.2960433066
 30
0.0
 11
2.5944566929
 21
-1.2960433071
 31
0.0
  0
LINE
  5
1D89
330
1F
100
AcDbEntity
  8
0
  6
Continuous
 62
     7
370
    25
100
AcDbLine
 10
2.5944566929
 20
-1.2960433079
 30
0.0
 11
2.5944566929
 21
-1.3110433078
 31
0.0
  0
LINE
  5
1D8A
330
1F
100
AcDbEntity
  8
0
  6
Continuous
 62
     7
370
    25
100
AcDbLine
 10
2.5944566929
 20
-1.3110433071
 30
0.0
 11
2.6694566929
 21
-1.3110433067
 31
0.0
  0
LINE
  5
1D8B
330
1F
100
AcDbEntity
  8
0
  6
Continuous
 62
     7
370
    25
100
AcDbLine
 10
2.6614566929
 20
-1.3110433078
 30
0.0
 11
2.6614566929
 21
-1.3460433076
 31
0.0
  0
LINE
  5
1D8C
330
1F
100
AcDbEntity
  8
0
  6
Continuous
 62
     7
370
    25
100
AcDbLine
 10
2.6694566929
 20
-1.3460433072
 30
0.0
 11
2.5944566929
 21
-1.3460433071
 31
0.0
  0
LINE
  5
1D8D
330
1F
100
AcDbEntity
  8
0
  6
Continuous
 62
     7
370
    25
100
AcDbLine
 10
2.5944566929
 20
-1.3460433076
 30
0.0
 11
2.5944566929
 21
-1.3610433075
 31
0.0
  0
LINE
  5
1D8E
330
1F
100
AcDbEntity
  8
0
  6
Continuous
 62
     7
370
    25
100
AcDbLine
 10
2.5944566929
 20
-1.3610433071
 30
0.0
 11
2.6694566929
 21
-1.3610433073
 31
0.0
  0
LINE
  5
1D8F
330
1F
100
AcDbEntity
  8
0
  6
Continuous
 62
     7
370
    25
100
AcDbLine
 10
2.6614566929
 20
-1.3610433075
 30
0.0
 11
2.6614566929
 21
-1.3960433074
 31
0.0
  0
LINE
  5
1D90
330
1F
100
AcDbEntity
  8
0
  6
Continuous
 62
     7
370
    25
100
AcDbLine
 10
2.6694566929
 20
-1.3960433068
 30
0.0
 11
2.5944566929
 21
-1.3960433071
 31
0.0
  0
LINE
  5
1D91
330
1F
100
AcDbEntity
  8
0
  6
Continuous
 62
     7
370
    25
100
AcDbLine
 10
2.5944566929
 20
-1.3960433074
 30
0.0
 11
2.5944566929
 21
-1.4110433073
 31
0.0
  0
LINE
  5
1D92
330
1F
100
AcDbEntity
  8
0
  6
Continuous
 62
     7
370
    25
100
AcDbLine
 10
2.5944566929
 20
-1.4110433071
 30
0.0
 11
2.6694566929
 21
-1.4110433068
 31
0.0
  0
LINE
  5
1D93
330
1F
100
AcDbEntity
  8
0
  6
Continuous
 62
     7
370
    25
100
AcDbLine
 10
2.6614566929
 20
-1.4110433073
 30
0.0
 11
2.6614566929
 21
-1.4460433071
 31
0.0
  0
LINE
  5
1D94
330
1F
100
AcDbEntity
  8
0
  6
Continuous
 62
     7
370
    25
100
AcDbLine
 10
2.6694566929
 20
-1.4460433074
 30
0.0
 11
2.5944566929
 21
-1.4460433071
 31
0.0
  0
LINE
  5
1D95
330
1F
100
AcDbEntity
  8
0
  6
Continuous
 62
     7
370
    25
100
AcDbLine
 10
2.5944566929
 20
-1.4460433071
 30
0.0
 11
2.5944566929
 21
-1.461043307
 31
0.0
  0
LINE
  5
1D96
330
1F
100
AcDbEntity
  8
0
  6
Continuous
 62
     7
370
    25
100
AcDbLine
 10
2.5944566929
 20
-1.4610433071
 30
0.0
 11
2.6694566929
 21
-1.4610433075
 31
0.0
  0
LINE
  5
1D97
330
1F
100
AcDbEntity
  8
0
  6
Continuous
 62
     7
370
    25
100
AcDbLine
 10
2.6614566929
 20
-1.461043307
 30
0.0
 11
2.6614566929
 21
-1.4960433068
 31
0.0
  0
LINE
  5
1D98
330
1F
100
AcDbEntity
  8
0
  6
Continuous
 62
     7
370
    25
100
AcDbLine
 10
2.6694566929
 20
-1.4960433069
 30
0.0
 11
2.5944566929
 21
-1.4960433071
 31
0.0
  0
LINE
  5
1D99
330
1F
100
AcDbEntity
  8
0
  6
Continuous
 62
     7
370
    25
100
AcDbLine
 10
2.5944566929
 20
-1.4960433068
 30
0.0
 11
2.5944566929
 21
-1.5110433068
 31
0.0
  0
LINE
  5
1D9A
330
1F
100
AcDbEntity
  8
0
  6
Continuous
 62
     7
370
    25
100
AcDbLine
 10
2.5944566929
 20
-1.5110433071
 30
0.0
 11
2.6694566929
 21
-1.511043307
 31
0.0
  0
LINE
  5
1D9B
330
1F
100
AcDbEntity
  8
0
  6
Continuous
 62
     7
370
    25
100
AcDbLine
 10
2.6614566929
 20
-1.5110433068
 30
0.0
 11
2.6614566929
 21
-1.5460433066
 31
0.0
  0
LINE
  5
1D9C
330
1F
100
AcDbEntity
  8
0
  6
Continuous
 62
     7
370
    25
100
AcDbLine
 10
2.6694566929
 20
-1.5460433076
 30
0.0
 11
2.5944566929
 21
-1.5460433071
 31
0.0
  0
LINE
  5
1D9D
330
1F
100
AcDbEntity
  8
0
  6
Continuous
 62
     7
370
    25
100
AcDbLine
 10
2.5944566929
 20
-1.5460433066
 30
0.0
 11
2.5944566929
 21
-1.5610433065
 31
0.0
  0
LINE
  5
1D9E
330
1F
100
AcDbEntity
  8
0
  6
Continuous
 62
     7
370
    25
100
AcDbLine
 10
2.5944566929
 20
-1.5610433071
 30
0.0
 11
2.6694566929
 21
-1.5610433066
 31
0.0
  0
LINE
  5
1D9F
330
1F
100
AcDbEntity
  8
0
  6
Continuous
 62
     7
370
    25
100
AcDbLine
 10
2.6614566929
 20
-1.5610433065
 30
0.0
 11
2.6614566929
 21
-1.5960433063
 31
0.0
  0
LINE
  5
1DA0
330
1F
100
AcDbEntity
  8
0
  6
Continuous
 62
     7
370
    25
100
AcDbLine
 10
2.6694566929
 20
-1.5960433071
 30
0.0
 11
2.5944566929
 21
-1.5960433071
 31
0.0
  0
LINE
  5
1DA1
330
1F
100
AcDbEntity
  8
0
  6
Continuous
 62
     7
370
    25
100
AcDbLine
 10
2.5944566929
 20
-1.5960433063
 30
0.0
 11
2.5944566929
 21
-1.6110433062
 31
0.0
  0
LINE
  5
1DA2
330
1F
100
AcDbEntity
  8
0
  6
Continuous
 62
     7
370
    25
100
AcDbLine
 10
2.5944566929
 20
-1.6110433071
 30
0.0
 11
2.6694566929
 21
-1.6110433072
 31
0.0
  0
LINE
  5
1DA3
330
1F
100
AcDbEntity
  8
0
  6
Continuous
 62
     7
370
    25
100
AcDbLine
 10
2.6614566929
 20
-1.6110433062
 30
0.0
 11
2.6614566929
 21
-1.646043306
 31
0.0
  0
LINE
  5
1DA4
330
1F
100
AcDbEntity
  8
0
  6
Continuous
 62
     7
370
    25
100
AcDbLine
 10
2.6694566929
 20
-1.6460433067
 30
0.0
 11
2.5944566929
 21
-1.6460433071
 31
0.0
  0
LINE
  5
1DA5
330
1F
100
AcDbEntity
  8
0
  6
Continuous
 62
     7
370
    25
100
AcDbLine
 10
2.5944566929
 20
-1.646043306
 30
0.0
 11
2.5944566929
 21
-1.6610433081
 31
0.0
  0
LINE
  5
1DA6
330
1F
100
AcDbEntity
  8
0
  6
Continuous
 62
     7
370
    25
100
AcDbLine
 10
2.5944566929
 20
-1.6610433071
 30
0.0
 11
2.6694566929
 21
-1.6610433067
 31
0.0
  0
LINE
  5
1DA7
330
1F
100
AcDbEntity
  8
0
  6
Continuous
 62
     7
370
    25
100
AcDbLine
 10
2.6614566929
 20
-1.6610433081
 30
0.0
 11
2.6614566929
 21
-1.6960433079
 31
0.0
  0
LINE
  5
1DA8
330
1F
100
AcDbEntity
  8
0
  6
Continuous
 62
     7
370
    25
100
AcDbLine
 10
2.6694566929
 20
-1.6960433073
 30
0.0
 11
2.5944566929
 21
-1.6960433071
 31
0.0
  0
LINE
  5
1DA9
330
1F
100
AcDbEntity
  8
0
  6
Continuous
 62
     7
370
    25
100
AcDbLine
 10
2.5944566929
 20
-1.6960433079
 30
0.0
 11
2.5944566929
 21
-1.7110433078
 31
0.0
  0
LINE
  5
1DAA
330
1F
100
AcDbEntity
  8
0
  6
Continuous
 62
     7
370
    25
100
AcDbLine
 10
2.5944566929
 20
-1.7110433071
 30
0.0
 11
2.6694566929
 21
-1.7110433074
 31
0.0
  0
LINE
  5
1DAB
330
1F
100
AcDbEntity
  8
0
  6
Continuous
 62
     7
370
    25
100
AcDbLine
 10
2.6614566929
 20
-1.7110433078
 30
0.0
 11
2.6614566929
 21
-1.7460433076
 31
0.0
  0
LINE
  5
1DAC
330
1F
100
AcDbEntity
  8
0
  6
Continuous
 62
     7
370
    25
100
AcDbLine
 10
2.6694566929
 20
-1.7460433068
 30
0.0
 11
2.5944566929
 21
-1.7460433071
 31
0.0
  0
LINE
  5
1DAD
330
1F
100
AcDbEntity
  8
0
  6
Continuous
 62
     7
370
    25
100
AcDbLine
 10
2.5944566929
 20
-1.7460433076
 30
0.0
 11
2.5944566929
 21
-1.7610433076
 31
0.0
  0
LINE
  5
1DAE
330
1F
100
AcDbEntity
  8
0
  6
Continuous
 62
     7
370
    25
100
AcDbLine
 10
2.5944566929
 20
-1.7610433071
 30
0.0
 11
2.6694566929
 21
-1.7610433069
 31
0.0
  0
LINE
  5
1DAF
330
1F
100
AcDbEntity
  8
0
  6
Continuous
 62
     7
370
    25
100
AcDbLine
 10
2.6614566929
 20
-1.7610433076
 30
0.0
 11
2.6614566929
 21
-1.7960433074
 31
0.0
  0
LINE
  5
1DB0
330
1F
100
AcDbEntity
  8
0
  6
Continuous
 62
     7
370
    25
100
AcDbLine
 10
2.6694566929
 20
-1.7960433075
 30
0.0
 11
2.5944566929
 21
-1.7960433071
 31
0.0
  0
LINE
  5
1DB1
330
1F
100
AcDbEntity
  8
0
  6
Continuous
 62
     7
370
    25
100
AcDbLine
 10
2.5944566929
 20
-1.7960433074
 30
0.0
 11
2.5944566929
 21
-1.8110433073
 31
0.0
  0
LINE
  5
1DB2
330
1F
100
AcDbEntity
  8
0
  6
Continuous
 62
     7
370
    25
100
AcDbLine
 10
2.5944566929
 20
-1.8110433071
 30
0.0
 11
2.6694566929
 21
-1.8110433075
 31
0.0
  0
LINE
  5
1DB3
330
1F
100
AcDbEntity
  8
0
  6
Continuous
 62
     7
370
    25
100
AcDbLine
 10
2.6614566929
 20
-1.8110433073
 30
0.0
 11
2.6614566929
 21
-1.8460433071
 31
0.0
  0
LINE
  5
1DB4
330
1F
100
AcDbEntity
  8
0
  6
Continuous
 62
     7
370
    25
100
AcDbLine
 10
2.6694566929
 20
-1.846043307
 30
0.0
 11
2.5944566929
 21
-1.8460433071
 31
0.0
  0
LINE
  5
1DB5
330
1F
100
AcDbEntity
  8
0
  6
Continuous
 62
     7
370
    25
100
AcDbLine
 10
2.5944566929
 20
-1.8460433071
 30
0.0
 11
2.5944566929
 21
-1.861043307
 31
0.0
  0
LINE
  5
1DB6
330
1F
100
AcDbEntity
  8
0
  6
Continuous
 62
     7
370
    25
100
AcDbLine
 10
2.5944566929
 20
-1.8610433071
 30
0.0
 11
2.6694566929
 21
-1.8610433071
 31
0.0
  0
LINE
  5
1DB7
330
1F
100
AcDbEntity
  8
0
  6
Continuous
 62
     7
370
    25
100
AcDbLine
 10
2.6614566929
 20
-1.861043307
 30
0.0
 11
2.6614566929
 21
-1.8960433068
 31
0.0
  0
LINE
  5
1DB8
330
1F
100
AcDbEntity
  8
0
  6
Continuous
 62
     7
370
    25
100
AcDbLine
 10
2.6694566929
 20
-1.8960433066
 30
0.0
 11
2.5944566929
 21
-1.8960433071
 31
0.0
  0
LINE
  5
1DB9
330
1F
100
AcDbEntity
  8
0
  6
Continuous
 62
     7
370
    25
100
AcDbLine
 10
2.5944566929
 20
-1.8960433068
 30
0.0
 11
2.5944566929
 21
-1.9110433068
 31
0.0
  0
LINE
  5
1DBA
330
1F
100
AcDbEntity
  8
0
  6
Continuous
 62
     7
370
    25
100
AcDbLine
 10
2.5944566929
 20
-1.9110433071
 30
0.0
 11
2.6694566929
 21
-1.9110433066
 31
0.0
  0
LINE
  5
1DBB
330
1F
100
AcDbEntity
  8
0
  6
Continuous
 62
     7
370
    25
100
AcDbLine
 10
2.6614566929
 20
-1.9110433068
 30
0.0
 11
2.6614566929
 21
-1.9460433066
 31
0.0
  0
LINE
  5
1DBC
330
1F
100
AcDbEntity
  8
0
  6
Continuous
 62
     7
370
    25
100
AcDbLine
 10
2.6694566929
 20
-1.9460433072
 30
0.0
 11
2.5944566929
 21
-1.9460433071
 31
0.0
  0
LINE
  5
1DBD
330
1F
100
AcDbEntity
  8
0
  6
Continuous
 62
     7
370
    25
100
AcDbLine
 10
2.5944566929
 20
-1.9460433066
 30
0.0
 11
2.5944566929
 21
-1.9610433065
 31
0.0
  0
LINE
  5
1DBE
330
1F
100
AcDbEntity
  8
0
  6
Continuous
 62
     7
370
    25
100
AcDbLine
 10
2.5944566929
 20
-1.9610433071
 30
0.0
 11
2.6694566929
 21
-1.9610433073
 31
0.0
  0
LINE
  5
1DBF
330
1F
100
AcDbEntity
  8
0
  6
Continuous
 62
     7
370
    25
100
AcDbLine
 10
2.6614566929
 20
-1.9610433065
 30
0.0
 11
2.6614566929
 21
-2.0285433061
 31
0.0
  0
LINE
  5
1DC0
330
1F
100
AcDbEntity
  8
0
  6
Continuous
 62
     7
370
    25
100
AcDbLine
 10
2.6014566929
 20
-2.0285433061
 30
0.0
 11
2.6014566929
 21
-2.0785433079
 31
0.0
  0
LINE
  5
1DC1
330
1F
100
AcDbEntity
  8
0
  6
Continuous
 62
     7
370
    25
100
AcDbLine
 10
2.5564566929
 20
-2.2535433071
 30
0.0
 11
2.5764566929
 21
-2.2535433071
 31
0.0
  0
LINE
  5
1DC2
330
1F
100
AcDbEntity
  8
0
  6
Continuous
 62
     7
370
    25
100
AcDbLine
 10
2.5564566929
 20
0.6764566929
 30
0.0
 11
2.5764566929
 21
0.6764566929
 31
0.0
  0
LINE
  5
1DC3
330
1F
100
AcDbEntity
  8
0
  6
Continuous
 62
     7
370
    25
100
AcDbLine
 10
2.5764566929
 20
0.6764566929
 30
0.0
 11
2.5764566929
 21
0.7664566929
 31
0.0
  0
LINE
  5
1DC4
330
1F
100
AcDbEntity
  8
0
  6
Continuous
 62
     7
370
    25
100
AcDbLine
 10
2.5764566929
 20
0.7664566929
 30
0.0
 11
2.5564566929
 21
0.7664566929
 31
0.0
  0
LINE
  5
1DC5
330
1F
100
AcDbEntity
  8
0
  6
Continuous
 62
     7
370
    25
100
AcDbLine
 10
2.5564566929
 20
-2.2535433071
 30
0.0
 11
2.5564566929
 21
3.0914434519
 31
0.0
  0
LINE
  5
1DC6
330
1F
100
AcDbEntity
  8
0
  6
Continuous
 62
     7
370
    25
100
AcDbLine
 10
2.5564566929
 20
3.0914434519
 30
0.0
 11
2.5764566929
 21
3.0914434519
 31
0.0
  0
LINE
  5
1DC7
330
1F
100
AcDbEntity
  8
0
  6
Continuous
 62
     7
370
    25
100
AcDbLine
 10
2.6009566929
 20
2.9214566932
 30
0.0
 11
2.6009566929
 21
2.8714566935
 31
0.0
  0
LINE
  5
1DC8
330
1F
100
AcDbEntity
  8
0
  6
Continuous
 62
     7
370
    25
100
AcDbLine
 10
2.5564566929
 20
0.7564566929
 30
0.0
 11
2.5764566929
 21
0.7564566929
 31
0.0
  0
LINE
  5
1DC9
330
1F
100
AcDbEntity
  8
0
  6
Continuous
 62
     7
370
    25
100
AcDbLine
 10
2.8019566929
 20
2.8714566935
 30
0.0
 11
2.8019566929
 21
2.9214566932
 31
0.0
  0
LINE
  5
1DCA
330
1F
100
AcDbEntity
  8
0
  6
Continuous
 62
     7
370
    25
100
AcDbLine
 10
2.8264566929
 20
3.0914434519
 30
0.0
 11
2.8464566929
 21
3.0914434519
 31
0.0
  0
LINE
  5
1DCB
330
1F
100
AcDbEntity
  8
0
  6
Continuous
 62
     7
370
    25
100
AcDbLine
 10
2.8264566929
 20
0.7664566929
 30
0.0
 11
2.8464566929
 21
0.7664566929
 31
0.0
  0
LINE
  5
1DCC
330
1F
100
AcDbEntity
  8
0
  6
Continuous
 62
     7
370
    25
100
AcDbLine
 10
2.8264566929
 20
0.7664566929
 30
0.0
 11
2.8264566929
 21
0.6764566929
 31
0.0
  0
LINE
  5
1DCD
330
1F
100
AcDbEntity
  8
0
  6
Continuous
 62
     7
370
    25
100
AcDbLine
 10
2.8464566929
 20
0.6764566929
 30
0.0
 11
2.8264566929
 21
0.6764566929
 31
0.0
  0
LINE
  5
1DCE
330
1F
100
AcDbEntity
  8
0
  6
Continuous
 62
     7
370
    25
100
AcDbLine
 10
2.8464566929
 20
-1.9535433064
 30
0.0
 11
2.8464566929
 21
3.0914434519
 31
0.0
  0
LINE
  5
1DCF
330
1F
100
AcDbEntity
  8
0
  6
Continuous
 62
     7
370
    25
100
AcDbLine
 10
2.8464566929
 20
-1.9535433071
 30
0.0
 11
2.8414566929
 21
-1.9535433071
 31
0.0
  0
LINE
  5
1DD0
330
1F
100
AcDbEntity
  8
0
  6
Continuous
 62
     7
370
    25
100
AcDbLine
 10
2.8414566929
 20
-1.9535433071
 30
0.0
 11
2.8414566929
 21
-1.9785433071
 31
0.0
  0
LINE
  5
1DD1
330
1F
100
AcDbEntity
  8
0
  6
Continuous
 62
     7
370
    25
100
AcDbLine
 10
2.8414566929
 20
-1.9785433071
 30
0.0
 11
2.8464566929
 21
-1.9785433071
 31
0.0
  0
LINE
  5
1DD2
330
1F
100
AcDbEntity
  8
0
  6
Continuous
 62
     7
370
    25
100
AcDbLine
 10
2.8464566929
 20
-2.2535433071
 30
0.0
 11
2.8464566929
 21
-1.9785433062
 31
0.0
  0
LINE
  5
1DD3
330
1F
100
AcDbEntity
  8
0
  6
Continuous
 62
     7
370
    25
100
AcDbLine
 10
2.8464566929
 20
-2.2535433071
 30
0.0
 11
2.8264566929
 21
-2.2535433071
 31
0.0
  0
LINE
  5
1DD4
330
1F
100
AcDbEntity
  8
0
  6
Continuous
 62
     7
370
    25
100
AcDbLine
 10
2.8014566929
 20
-2.0285433061
 30
0.0
 11
2.8014566929
 21
-2.0785433079
 31
0.0
  0
LINE
  5
1DD5
330
1F
100
AcDbEntity
  8
0
  6
Continuous
 62
     7
370
    25
100
AcDbLine
 10
2.8014566929
 20
-2.0285433061
 30
0.0
 11
2.6014566929
 21
-2.0285433071
 31
0.0
  0
LINE
  5
1DD6
330
1F
100
AcDbEntity
  8
0
  6
Continuous
 62
     7
370
    25
100
AcDbLine
 10
2.7414566929
 20
-1.9610433065
 30
0.0
 11
2.7414566929
 21
-2.0285433061
 31
0.0
  0
LINE
  5
1DD7
330
1F
100
AcDbEntity
  8
0
  6
Continuous
 62
     7
370
    25
100
AcDbLine
 10
2.8084566929
 20
-1.9610433065
 30
0.0
 11
2.7334566929
 21
-1.9610433073
 31
0.0
  0
LINE
  5
1DD8
330
1F
100
AcDbEntity
  8
0
  6
Continuous
 62
     7
370
    25
100
AcDbLine
 10
2.8084566929
 20
-1.9610433065
 30
0.0
 11
2.8084566929
 21
-1.9460433066
 31
0.0
  0
LINE
  5
1DD9
330
1F
100
AcDbEntity
  8
0
  6
Continuous
 62
     7
370
    25
100
AcDbLine
 10
2.7334566929
 20
-1.9460433072
 30
0.0
 11
2.8084566929
 21
-1.9460433066
 31
0.0
  0
LINE
  5
1DDA
330
1F
100
AcDbEntity
  8
0
  6
Continuous
 62
     7
370
    25
100
AcDbLine
 10
2.7414566929
 20
-1.9110433068
 30
0.0
 11
2.7414566929
 21
-1.9460433066
 31
0.0
  0
LINE
  5
1DDB
330
1F
100
AcDbEntity
  8
0
  6
Continuous
 62
     7
370
    25
100
AcDbLine
 10
2.8084566929
 20
-1.9110433068
 30
0.0
 11
2.7334566929
 21
-1.9110433066
 31
0.0
  0
LINE
  5
1DDC
330
1F
100
AcDbEntity
  8
0
  6
Continuous
 62
     7
370
    25
100
AcDbLine
 10
2.8084566929
 20
-1.9110433068
 30
0.0
 11
2.8084566929
 21
-1.8960433068
 31
0.0
  0
LINE
  5
1DDD
330
1F
100
AcDbEntity
  8
0
  6
Continuous
 62
     7
370
    25
100
AcDbLine
 10
2.7334566929
 20
-1.8960433066
 30
0.0
 11
2.8084566929
 21
-1.8960433068
 31
0.0
  0
LINE
  5
1DDE
330
1F
100
AcDbEntity
  8
0
  6
Continuous
 62
     7
370
    25
100
AcDbLine
 10
2.7414566929
 20
-1.861043307
 30
0.0
 11
2.7414566929
 21
-1.8960433068
 31
0.0
  0
LINE
  5
1DDF
330
1F
100
AcDbEntity
  8
0
  6
Continuous
 62
     7
370
    25
100
AcDbLine
 10
2.8084566929
 20
-1.861043307
 30
0.0
 11
2.7334566929
 21
-1.8610433071
 31
0.0
  0
LINE
  5
1DE0
330
1F
100
AcDbEntity
  8
0
  6
Continuous
 62
     7
370
    25
100
AcDbLine
 10
2.8084566929
 20
-1.861043307
 30
0.0
 11
2.8084566929
 21
-1.8460433071
 31
0.0
  0
LINE
  5
1DE1
330
1F
100
AcDbEntity
  8
0
  6
Continuous
 62
     7
370
    25
100
AcDbLine
 10
2.7334566929
 20
-1.846043307
 30
0.0
 11
2.8084566929
 21
-1.8460433071
 31
0.0
  0
LINE
  5
1DE2
330
1F
100
AcDbEntity
  8
0
  6
Continuous
 62
     7
370
    25
100
AcDbLine
 10
2.7414566929
 20
-1.8110433073
 30
0.0
 11
2.7414566929
 21
-1.8460433071
 31
0.0
  0
LINE
  5
1DE3
330
1F
100
AcDbEntity
  8
0
  6
Continuous
 62
     7
370
    25
100
AcDbLine
 10
2.8084566929
 20
-1.8110433073
 30
0.0
 11
2.7334566929
 21
-1.8110433075
 31
0.0
  0
LINE
  5
1DE4
330
1F
100
AcDbEntity
  8
0
  6
Continuous
 62
     7
370
    25
100
AcDbLine
 10
2.8084566929
 20
-1.8110433073
 30
0.0
 11
2.8084566929
 21
-1.7960433074
 31
0.0
  0
LINE
  5
1DE5
330
1F
100
AcDbEntity
  8
0
  6
Continuous
 62
     7
370
    25
100
AcDbLine
 10
2.7334566929
 20
-1.7960433075
 30
0.0
 11
2.8084566929
 21
-1.7960433074
 31
0.0
  0
LINE
  5
1DE6
330
1F
100
AcDbEntity
  8
0
  6
Continuous
 62
     7
370
    25
100
AcDbLine
 10
2.7414566929
 20
-1.7610433076
 30
0.0
 11
2.7414566929
 21
-1.7960433074
 31
0.0
  0
LINE
  5
1DE7
330
1F
100
AcDbEntity
  8
0
  6
Continuous
 62
     7
370
    25
100
AcDbLine
 10
2.8084566929
 20
-1.7610433076
 30
0.0
 11
2.7334566929
 21
-1.7610433069
 31
0.0
  0
LINE
  5
1DE8
330
1F
100
AcDbEntity
  8
0
  6
Continuous
 62
     7
370
    25
100
AcDbLine
 10
2.8084566929
 20
-1.7610433076
 30
0.0
 11
2.8084566929
 21
-1.7460433076
 31
0.0
  0
LINE
  5
1DE9
330
1F
100
AcDbEntity
  8
0
  6
Continuous
 62
     7
370
    25
100
AcDbLine
 10
2.7334566929
 20
-1.7460433068
 30
0.0
 11
2.8084566929
 21
-1.7460433076
 31
0.0
  0
LINE
  5
1DEA
330
1F
100
AcDbEntity
  8
0
  6
Continuous
 62
     7
370
    25
100
AcDbLine
 10
2.7414566929
 20
-1.7110433078
 30
0.0
 11
2.7414566929
 21
-1.7460433076
 31
0.0
  0
LINE
  5
1DEB
330
1F
100
AcDbEntity
  8
0
  6
Continuous
 62
     7
370
    25
100
AcDbLine
 10
2.8084566929
 20
-1.7110433078
 30
0.0
 11
2.7334566929
 21
-1.7110433074
 31
0.0
  0
LINE
  5
1DEC
330
1F
100
AcDbEntity
  8
0
  6
Continuous
 62
     7
370
    25
100
AcDbLine
 10
2.8084566929
 20
-1.7110433078
 30
0.0
 11
2.8084566929
 21
-1.6960433079
 31
0.0
  0
LINE
  5
1DED
330
1F
100
AcDbEntity
  8
0
  6
Continuous
 62
     7
370
    25
100
AcDbLine
 10
2.7334566929
 20
-1.6960433073
 30
0.0
 11
2.8084566929
 21
-1.6960433079
 31
0.0
  0
LINE
  5
1DEE
330
1F
100
AcDbEntity
  8
0
  6
Continuous
 62
     7
370
    25
100
AcDbLine
 10
2.7414566929
 20
-1.6610433081
 30
0.0
 11
2.7414566929
 21
-1.6960433079
 31
0.0
  0
LINE
  5
1DEF
330
1F
100
AcDbEntity
  8
0
  6
Continuous
 62
     7
370
    25
100
AcDbLine
 10
2.8084566929
 20
-1.6610433081
 30
0.0
 11
2.7334566929
 21
-1.6610433067
 31
0.0
  0
LINE
  5
1DF0
330
1F
100
AcDbEntity
  8
0
  6
Continuous
 62
     7
370
    25
100
AcDbLine
 10
2.8084566929
 20
-1.6610433081
 30
0.0
 11
2.8084566929
 21
-1.646043306
 31
0.0
  0
LINE
  5
1DF1
330
1F
100
AcDbEntity
  8
0
  6
Continuous
 62
     7
370
    25
100
AcDbLine
 10
2.7334566929
 20
-1.6460433067
 30
0.0
 11
2.8084566929
 21
-1.646043306
 31
0.0
  0
LINE
  5
1DF2
330
1F
100
AcDbEntity
  8
0
  6
Continuous
 62
     7
370
    25
100
AcDbLine
 10
2.7414566929
 20
-1.6110433062
 30
0.0
 11
2.7414566929
 21
-1.646043306
 31
0.0
  0
LINE
  5
1DF3
330
1F
100
AcDbEntity
  8
0
  6
Continuous
 62
     7
370
    25
100
AcDbLine
 10
2.8084566929
 20
-1.6110433062
 30
0.0
 11
2.7334566929
 21
-1.6110433072
 31
0.0
  0
LINE
  5
1DF4
330
1F
100
AcDbEntity
  8
0
  6
Continuous
 62
     7
370
    25
100
AcDbLine
 10
2.8084566929
 20
-1.6110433062
 30
0.0
 11
2.8084566929
 21
-1.5960433063
 31
0.0
  0
LINE
  5
1DF5
330
1F
100
AcDbEntity
  8
0
  6
Continuous
 62
     7
370
    25
100
AcDbLine
 10
2.7334566929
 20
-1.5960433071
 30
0.0
 11
2.8084566929
 21
-1.5960433063
 31
0.0
  0
LINE
  5
1DF6
330
1F
100
AcDbEntity
  8
0
  6
Continuous
 62
     7
370
    25
100
AcDbLine
 10
2.7414566929
 20
-1.5610433065
 30
0.0
 11
2.7414566929
 21
-1.5960433063
 31
0.0
  0
LINE
  5
1DF7
330
1F
100
AcDbEntity
  8
0
  6
Continuous
 62
     7
370
    25
100
AcDbLine
 10
2.8084566929
 20
-1.5610433065
 30
0.0
 11
2.7334566929
 21
-1.5610433066
 31
0.0
  0
LINE
  5
1DF8
330
1F
100
AcDbEntity
  8
0
  6
Continuous
 62
     7
370
    25
100
AcDbLine
 10
2.8084566929
 20
-1.5610433065
 30
0.0
 11
2.8084566929
 21
-1.5460433066
 31
0.0
  0
LINE
  5
1DF9
330
1F
100
AcDbEntity
  8
0
  6
Continuous
 62
     7
370
    25
100
AcDbLine
 10
2.7334566929
 20
-1.5460433076
 30
0.0
 11
2.8084566929
 21
-1.5460433066
 31
0.0
  0
LINE
  5
1DFA
330
1F
100
AcDbEntity
  8
0
  6
Continuous
 62
     7
370
    25
100
AcDbLine
 10
2.7414566929
 20
-1.5110433068
 30
0.0
 11
2.7414566929
 21
-1.5460433066
 31
0.0
  0
LINE
  5
1DFB
330
1F
100
AcDbEntity
  8
0
  6
Continuous
 62
     7
370
    25
100
AcDbLine
 10
2.8084566929
 20
-1.5110433068
 30
0.0
 11
2.7334566929
 21
-1.511043307
 31
0.0
  0
LINE
  5
1DFC
330
1F
100
AcDbEntity
  8
0
  6
Continuous
 62
     7
370
    25
100
AcDbLine
 10
2.8084566929
 20
-1.5110433068
 30
0.0
 11
2.8084566929
 21
-1.4960433068
 31
0.0
  0
LINE
  5
1DFD
330
1F
100
AcDbEntity
  8
0
  6
Continuous
 62
     7
370
    25
100
AcDbLine
 10
2.7334566929
 20
-1.4960433069
 30
0.0
 11
2.8084566929
 21
-1.4960433068
 31
0.0
  0
LINE
  5
1DFE
330
1F
100
AcDbEntity
  8
0
  6
Continuous
 62
     7
370
    25
100
AcDbLine
 10
2.7414566929
 20
-1.461043307
 30
0.0
 11
2.7414566929
 21
-1.4960433068
 31
0.0
  0
LINE
  5
1DFF
330
1F
100
AcDbEntity
  8
0
  6
Continuous
 62
     7
370
    25
100
AcDbLine
 10
2.8084566929
 20
-1.461043307
 30
0.0
 11
2.7334566929
 21
-1.4610433075
 31
0.0
  0
LINE
  5
1E00
330
1F
100
AcDbEntity
  8
0
  6
Continuous
 62
     7
370
    25
100
AcDbLine
 10
2.8084566929
 20
-1.461043307
 30
0.0
 11
2.8084566929
 21
-1.4460433071
 31
0.0
  0
LINE
  5
1E01
330
1F
100
AcDbEntity
  8
0
  6
Continuous
 62
     7
370
    25
100
AcDbLine
 10
2.7334566929
 20
-1.4460433074
 30
0.0
 11
2.8084566929
 21
-1.4460433071
 31
0.0
  0
LINE
  5
1E02
330
1F
100
AcDbEntity
  8
0
  6
Continuous
 62
     7
370
    25
100
AcDbLine
 10
2.7414566929
 20
-1.4110433073
 30
0.0
 11
2.7414566929
 21
-1.4460433071
 31
0.0
  0
LINE
  5
1E03
330
1F
100
AcDbEntity
  8
0
  6
Continuous
 62
     7
370
    25
100
AcDbLine
 10
2.8084566929
 20
-1.4110433073
 30
0.0
 11
2.7334566929
 21
-1.4110433068
 31
0.0
  0
LINE
  5
1E04
330
1F
100
AcDbEntity
  8
0
  6
Continuous
 62
     7
370
    25
100
AcDbLine
 10
2.8084566929
 20
-1.4110433073
 30
0.0
 11
2.8084566929
 21
-1.3960433074
 31
0.0
  0
LINE
  5
1E05
330
1F
100
AcDbEntity
  8
0
  6
Continuous
 62
     7
370
    25
100
AcDbLine
 10
2.7334566929
 20
-1.3960433068
 30
0.0
 11
2.8084566929
 21
-1.3960433074
 31
0.0
  0
LINE
  5
1E06
330
1F
100
AcDbEntity
  8
0
  6
Continuous
 62
     7
370
    25
100
AcDbLine
 10
2.7414566929
 20
-1.3610433075
 30
0.0
 11
2.7414566929
 21
-1.3960433074
 31
0.0
  0
LINE
  5
1E07
330
1F
100
AcDbEntity
  8
0
  6
Continuous
 62
     7
370
    25
100
AcDbLine
 10
2.8084566929
 20
-1.3610433075
 30
0.0
 11
2.7334566929
 21
-1.3610433073
 31
0.0
  0
LINE
  5
1E08
330
1F
100
AcDbEntity
  8
0
  6
Continuous
 62
     7
370
    25
100
AcDbLine
 10
2.8084566929
 20
-1.3610433075
 30
0.0
 11
2.8084566929
 21
-1.3460433076
 31
0.0
  0
LINE
  5
1E09
330
1F
100
AcDbEntity
  8
0
  6
Continuous
 62
     7
370
    25
100
AcDbLine
 10
2.7334566929
 20
-1.3460433072
 30
0.0
 11
2.8084566929
 21
-1.3460433076
 31
0.0
  0
LINE
  5
1E0A
330
1F
100
AcDbEntity
  8
0
  6
Continuous
 62
     7
370
    25
100
AcDbLine
 10
2.7414566929
 20
-1.3110433078
 30
0.0
 11
2.7414566929
 21
-1.3460433076
 31
0.0
  0
LINE
  5
1E0B
330
1F
100
AcDbEntity
  8
0
  6
Continuous
 62
     7
370
    25
100
AcDbLine
 10
2.8084566929
 20
-1.3110433078
 30
0.0
 11
2.7334566929
 21
-1.3110433067
 31
0.0
  0
LINE
  5
1E0C
330
1F
100
AcDbEntity
  8
0
  6
Continuous
 62
     7
370
    25
100
AcDbLine
 10
2.8084566929
 20
-1.3110433078
 30
0.0
 11
2.8084566929
 21
-1.2960433079
 31
0.0
  0
LINE
  5
1E0D
330
1F
100
AcDbEntity
  8
0
  6
Continuous
 62
     7
370
    25
100
AcDbLine
 10
2.7334566929
 20
-1.2960433066
 30
0.0
 11
2.8084566929
 21
-1.2960433079
 31
0.0
  0
LINE
  5
1E0E
330
1F
100
AcDbEntity
  8
0
  6
Continuous
 62
     7
370
    25
100
AcDbLine
 10
2.7414566929
 20
-1.2610433081
 30
0.0
 11
2.7414566929
 21
-1.2960433079
 31
0.0
  0
LINE
  5
1E0F
330
1F
100
AcDbEntity
  8
0
  6
Continuous
 62
     7
370
    25
100
AcDbLine
 10
2.8084566929
 20
-1.2610433081
 30
0.0
 11
2.7334566929
 21
-1.2610433071
 31
0.0
  0
LINE
  5
1E10
330
1F
100
AcDbEntity
  8
0
  6
Continuous
 62
     7
370
    25
100
AcDbLine
 10
2.8084566929
 20
-1.2610433081
 30
0.0
 11
2.8084566929
 21
-1.246043306
 31
0.0
  0
LINE
  5
1E11
330
1F
100
AcDbEntity
  8
0
  6
Continuous
 62
     7
370
    25
100
AcDbLine
 10
2.7334566929
 20
-1.246043307
 30
0.0
 11
2.8084566929
 21
-1.246043306
 31
0.0
  0
LINE
  5
1E12
330
1F
100
AcDbEntity
  8
0
  6
Continuous
 62
     7
370
    25
100
AcDbLine
 10
2.7414566929
 20
-1.2110433062
 30
0.0
 11
2.7414566929
 21
-1.246043306
 31
0.0
  0
LINE
  5
1E13
330
1F
100
AcDbEntity
  8
0
  6
Continuous
 62
     7
370
    25
100
AcDbLine
 10
2.8084566929
 20
-1.2110433062
 30
0.0
 11
2.7334566929
 21
-1.2110433076
 31
0.0
  0
LINE
  5
1E14
330
1F
100
AcDbEntity
  8
0
  6
Continuous
 62
     7
370
    25
100
AcDbLine
 10
2.8084566929
 20
-1.2110433062
 30
0.0
 11
2.8084566929
 21
-1.1960433063
 31
0.0
  0
LINE
  5
1E15
330
1F
100
AcDbEntity
  8
0
  6
Continuous
 62
     7
370
    25
100
AcDbLine
 10
2.7334566929
 20
-1.1960433075
 30
0.0
 11
2.8084566929
 21
-1.1960433063
 31
0.0
  0
LINE
  5
1E16
330
1F
100
AcDbEntity
  8
0
  6
Continuous
 62
     7
370
    25
100
AcDbLine
 10
2.7414566929
 20
-1.1610433065
 30
0.0
 11
2.7414566929
 21
-1.1960433063
 31
0.0
  0
LINE
  5
1E17
330
1F
100
AcDbEntity
  8
0
  6
Continuous
 62
     7
370
    25
100
AcDbLine
 10
2.8084566929
 20
-1.1610433065
 30
0.0
 11
2.7334566929
 21
-1.1610433069
 31
0.0
  0
LINE
  5
1E18
330
1F
100
AcDbEntity
  8
0
  6
Continuous
 62
     7
370
    25
100
AcDbLine
 10
2.8084566929
 20
-1.1610433065
 30
0.0
 11
2.8084566929
 21
-1.1460433066
 31
0.0
  0
LINE
  5
1E19
330
1F
100
AcDbEntity
  8
0
  6
Continuous
 62
     7
370
    25
100
AcDbLine
 10
2.7334566929
 20
-1.1460433068
 30
0.0
 11
2.8084566929
 21
-1.1460433066
 31
0.0
  0
LINE
  5
1E1A
330
1F
100
AcDbEntity
  8
0
  6
Continuous
 62
     7
370
    25
100
AcDbLine
 10
2.7414566929
 20
-1.1110433067
 30
0.0
 11
2.7414566929
 21
-1.1460433066
 31
0.0
  0
LINE
  5
1E1B
330
1F
100
AcDbEntity
  8
0
  6
Continuous
 62
     7
370
    25
100
AcDbLine
 10
2.8084566929
 20
-1.1110433067
 30
0.0
 11
2.7334566929
 21
-1.1110433074
 31
0.0
  0
LINE
  5
1E1C
330
1F
100
AcDbEntity
  8
0
  6
Continuous
 62
     7
370
    25
100
AcDbLine
 10
2.8084566929
 20
-1.1110433067
 30
0.0
 11
2.8084566929
 21
-1.0960433068
 31
0.0
  0
LINE
  5
1E1D
330
1F
100
AcDbEntity
  8
0
  6
Continuous
 62
     7
370
    25
100
AcDbLine
 10
2.7334566929
 20
-1.0960433073
 30
0.0
 11
2.8084566929
 21
-1.0960433068
 31
0.0
  0
LINE
  5
1E1E
330
1F
100
AcDbEntity
  8
0
  6
Continuous
 62
     7
370
    25
100
AcDbLine
 10
2.7414566929
 20
-1.061043307
 30
0.0
 11
2.7414566929
 21
-1.0960433068
 31
0.0
  0
LINE
  5
1E1F
330
1F
100
AcDbEntity
  8
0
  6
Continuous
 62
     7
370
    25
100
AcDbLine
 10
2.8084566929
 20
-1.061043307
 30
0.0
 11
2.7334566929
 21
-1.0610433068
 31
0.0
  0
LINE
  5
1E20
330
1F
100
AcDbEntity
  8
0
  6
Continuous
 62
     7
370
    25
100
AcDbLine
 10
2.8084566929
 20
-1.061043307
 30
0.0
 11
2.8084566929
 21
-1.0460433071
 31
0.0
  0
LINE
  5
1E21
330
1F
100
AcDbEntity
  8
0
  6
Continuous
 62
     7
370
    25
100
AcDbLine
 10
2.7334566929
 20
-1.0460433067
 30
0.0
 11
2.8084566929
 21
-1.0460433071
 31
0.0
  0
LINE
  5
1E22
330
1F
100
AcDbEntity
  8
0
  6
Continuous
 62
     7
370
    25
100
AcDbLine
 10
2.7414566929
 20
-1.0110433073
 30
0.0
 11
2.7414566929
 21
-1.0460433071
 31
0.0
  0
LINE
  5
1E23
330
1F
100
AcDbEntity
  8
0
  6
Continuous
 62
     7
370
    25
100
AcDbLine
 10
2.8084566929
 20
-1.0110433073
 30
0.0
 11
2.7334566929
 21
-1.0110433072
 31
0.0
  0
LINE
  5
1E24
330
1F
100
AcDbEntity
  8
0
  6
Continuous
 62
     7
370
    25
100
AcDbLine
 10
2.8084566929
 20
-1.0110433073
 30
0.0
 11
2.8084566929
 21
-0.9960433073
 31
0.0
  0
LINE
  5
1E25
330
1F
100
AcDbEntity
  8
0
  6
Continuous
 62
     7
370
    25
100
AcDbLine
 10
2.7334566929
 20
-0.9960433071
 30
0.0
 11
2.8084566929
 21
-0.9960433073
 31
0.0
  0
LINE
  5
1E26
330
1F
100
AcDbEntity
  8
0
  6
Continuous
 62
     7
370
    25
100
AcDbLine
 10
2.7414566929
 20
-0.9610433075
 30
0.0
 11
2.7414566929
 21
-0.9960433073
 31
0.0
  0
LINE
  5
1E27
330
1F
100
AcDbEntity
  8
0
  6
Continuous
 62
     7
370
    25
100
AcDbLine
 10
2.8084566929
 20
-0.9610433075
 30
0.0
 11
2.7334566929
 21
-0.9610433066
 31
0.0
  0
LINE
  5
1E28
330
1F
100
AcDbEntity
  8
0
  6
Continuous
 62
     7
370
    25
100
AcDbLine
 10
2.8084566929
 20
-0.9610433075
 30
0.0
 11
2.8084566929
 21
-0.9460433076
 31
0.0
  0
LINE
  5
1E29
330
1F
100
AcDbEntity
  8
0
  6
Continuous
 62
     7
370
    25
100
AcDbLine
 10
2.7334566929
 20
-0.9460433076
 30
0.0
 11
2.8084566929
 21
-0.9460433076
 31
0.0
  0
LINE
  5
1E2A
330
1F
100
AcDbEntity
  8
0
  6
Continuous
 62
     7
370
    25
100
AcDbLine
 10
2.7414566929
 20
-0.9110433078
 30
0.0
 11
2.7414566929
 21
-0.9460433076
 31
0.0
  0
LINE
  5
1E2B
330
1F
100
AcDbEntity
  8
0
  6
Continuous
 62
     7
370
    25
100
AcDbLine
 10
2.8084566929
 20
-0.9110433078
 30
0.0
 11
2.7334566929
 21
-0.911043307
 31
0.0
  0
LINE
  5
1E2C
330
1F
100
AcDbEntity
  8
0
  6
Continuous
 62
     7
370
    25
100
AcDbLine
 10
2.8084566929
 20
-0.9110433078
 30
0.0
 11
2.8084566929
 21
-0.8960433079
 31
0.0
  0
LINE
  5
1E2D
330
1F
100
AcDbEntity
  8
0
  6
Continuous
 62
     7
370
    25
100
AcDbLine
 10
2.7334566929
 20
-0.8960433069
 30
0.0
 11
2.8084566929
 21
-0.8960433079
 31
0.0
  0
LINE
  5
1E2E
330
1F
100
AcDbEntity
  8
0
  6
Continuous
 62
     7
370
    25
100
AcDbLine
 10
2.7414566929
 20
-0.8610433081
 30
0.0
 11
2.7414566929
 21
-0.8960433079
 31
0.0
  0
LINE
  5
1E2F
330
1F
100
AcDbEntity
  8
0
  6
Continuous
 62
     7
370
    25
100
AcDbLine
 10
2.8084566929
 20
-0.8610433081
 30
0.0
 11
2.7334566929
 21
-0.8610433075
 31
0.0
  0
LINE
  5
1E30
330
1F
100
AcDbEntity
  8
0
  6
Continuous
 62
     7
370
    25
100
AcDbLine
 10
2.8084566929
 20
-0.8610433081
 30
0.0
 11
2.8084566929
 21
-0.846043306
 31
0.0
  0
LINE
  5
1E31
330
1F
100
AcDbEntity
  8
0
  6
Continuous
 62
     7
370
    25
100
AcDbLine
 10
2.7334566929
 20
-0.8460433074
 30
0.0
 11
2.8084566929
 21
-0.846043306
 31
0.0
  0
LINE
  5
1E32
330
1F
100
AcDbEntity
  8
0
  6
Continuous
 62
     7
370
    25
100
AcDbLine
 10
2.7414566929
 20
-0.8110433062
 30
0.0
 11
2.7414566929
 21
-0.846043306
 31
0.0
  0
LINE
  5
1E33
330
1F
100
AcDbEntity
  8
0
  6
Continuous
 62
     7
370
    25
100
AcDbLine
 10
2.8084566929
 20
-0.8110433062
 30
0.0
 11
2.7334566929
 21
-0.8110433068
 31
0.0
  0
LINE
  5
1E34
330
1F
100
AcDbEntity
  8
0
  6
Continuous
 62
     7
370
    25
100
AcDbLine
 10
2.8084566929
 20
-0.8110433062
 30
0.0
 11
2.8084566929
 21
-0.7960433063
 31
0.0
  0
LINE
  5
1E35
330
1F
100
AcDbEntity
  8
0
  6
Continuous
 62
     7
370
    25
100
AcDbLine
 10
2.7334566929
 20
-0.7960433068
 30
0.0
 11
2.8084566929
 21
-0.7960433063
 31
0.0
  0
LINE
  5
1E36
330
1F
100
AcDbEntity
  8
0
  6
Continuous
 62
     7
370
    25
100
AcDbLine
 10
2.7414566929
 20
-0.7610433065
 30
0.0
 11
2.7414566929
 21
-0.7960433063
 31
0.0
  0
LINE
  5
1E37
330
1F
100
AcDbEntity
  8
0
  6
Continuous
 62
     7
370
    25
100
AcDbLine
 10
2.8084566929
 20
-0.7610433065
 30
0.0
 11
2.7334566929
 21
-0.7610433073
 31
0.0
  0
LINE
  5
1E38
330
1F
100
AcDbEntity
  8
0
  6
Continuous
 62
     7
370
    25
100
AcDbLine
 10
2.8084566929
 20
-0.7610433065
 30
0.0
 11
2.8084566929
 21
-0.7460433065
 31
0.0
  0
LINE
  5
1E39
330
1F
100
AcDbEntity
  8
0
  6
Continuous
 62
     7
370
    25
100
AcDbLine
 10
2.7334566929
 20
-0.7460433072
 30
0.0
 11
2.8084566929
 21
-0.7460433065
 31
0.0
  0
LINE
  5
1E3A
330
1F
100
AcDbEntity
  8
0
  6
Continuous
 62
     7
370
    25
100
AcDbLine
 10
2.7414566929
 20
-0.7110433067
 30
0.0
 11
2.7414566929
 21
-0.7460433065
 31
0.0
  0
LINE
  5
1E3B
330
1F
100
AcDbEntity
  8
0
  6
Continuous
 62
     7
370
    25
100
AcDbLine
 10
2.8084566929
 20
-0.7110433067
 30
0.0
 11
2.7334566929
 21
-0.7110433067
 31
0.0
  0
LINE
  5
1E3C
330
1F
100
AcDbEntity
  8
0
  6
Continuous
 62
     7
370
    25
100
AcDbLine
 10
2.8084566929
 20
-0.7110433067
 30
0.0
 11
2.8084566929
 21
-0.6960433068
 31
0.0
  0
LINE
  5
1E3D
330
1F
100
AcDbEntity
  8
0
  6
Continuous
 62
     7
370
    25
100
AcDbLine
 10
2.7334566929
 20
-0.6960433066
 30
0.0
 11
2.8084566929
 21
-0.6960433068
 31
0.0
  0
LINE
  5
1E3E
330
1F
100
AcDbEntity
  8
0
  6
Continuous
 62
     7
370
    25
100
AcDbLine
 10
2.7414566929
 20
-0.661043307
 30
0.0
 11
2.7414566929
 21
-0.6960433068
 31
0.0
  0
LINE
  5
1E3F
330
1F
100
AcDbEntity
  8
0
  6
Continuous
 62
     7
370
    25
100
AcDbLine
 10
2.8084566929
 20
-0.661043307
 30
0.0
 11
2.7334566929
 21
-0.6610433071
 31
0.0
  0
LINE
  5
1E40
330
1F
100
AcDbEntity
  8
0
  6
Continuous
 62
     7
370
    25
100
AcDbLine
 10
2.8084566929
 20
-0.661043307
 30
0.0
 11
2.8084566929
 21
-0.6460433071
 31
0.0
  0
LINE
  5
1E41
330
1F
100
AcDbEntity
  8
0
  6
Continuous
 62
     7
370
    25
100
AcDbLine
 10
2.7334566929
 20
-0.646043307
 30
0.0
 11
2.8084566929
 21
-0.6460433071
 31
0.0
  0
LINE
  5
1E42
330
1F
100
AcDbEntity
  8
0
  6
Continuous
 62
     7
370
    25
100
AcDbLine
 10
2.7414566929
 20
-0.6110433073
 30
0.0
 11
2.7414566929
 21
-0.6460433071
 31
0.0
  0
LINE
  5
1E43
330
1F
100
AcDbEntity
  8
0
  6
Continuous
 62
     7
370
    25
100
AcDbLine
 10
2.8084566929
 20
-0.6110433073
 30
0.0
 11
2.7334566929
 21
-0.6110433076
 31
0.0
  0
LINE
  5
1E44
330
1F
100
AcDbEntity
  8
0
  6
Continuous
 62
     7
370
    25
100
AcDbLine
 10
2.8084566929
 20
-0.6110433073
 30
0.0
 11
2.8084566929
 21
-0.5960433073
 31
0.0
  0
LINE
  5
1E45
330
1F
100
AcDbEntity
  8
0
  6
Continuous
 62
     7
370
    25
100
AcDbLine
 10
2.7334566929
 20
-0.5960433075
 30
0.0
 11
2.8084566929
 21
-0.5960433073
 31
0.0
  0
LINE
  5
1E46
330
1F
100
AcDbEntity
  8
0
  6
Continuous
 62
     7
370
    25
100
AcDbLine
 10
2.7414566929
 20
-0.5610433075
 30
0.0
 11
2.7414566929
 21
-0.5960433073
 31
0.0
  0
LINE
  5
1E47
330
1F
100
AcDbEntity
  8
0
  6
Continuous
 62
     7
370
    25
100
AcDbLine
 10
2.8084566929
 20
-0.5610433075
 30
0.0
 11
2.7334566929
 21
-0.5610433069
 31
0.0
  0
LINE
  5
1E48
330
1F
100
AcDbEntity
  8
0
  6
Continuous
 62
     7
370
    25
100
AcDbLine
 10
2.8084566929
 20
-0.5610433075
 30
0.0
 11
2.8084566929
 21
-0.5460433076
 31
0.0
  0
LINE
  5
1E49
330
1F
100
AcDbEntity
  8
0
  6
Continuous
 62
     7
370
    25
100
AcDbLine
 10
2.7334566929
 20
-0.5460433069
 30
0.0
 11
2.8084566929
 21
-0.5460433076
 31
0.0
  0
LINE
  5
1E4A
330
1F
100
AcDbEntity
  8
0
  6
Continuous
 62
     7
370
    25
100
AcDbLine
 10
2.7414566929
 20
-0.5110433078
 30
0.0
 11
2.7414566929
 21
-0.5460433076
 31
0.0
  0
LINE
  5
1E4B
330
1F
100
AcDbEntity
  8
0
  6
Continuous
 62
     7
370
    25
100
AcDbLine
 10
2.8084566929
 20
-0.5110433078
 30
0.0
 11
2.7334566929
 21
-0.5110433074
 31
0.0
  0
LINE
  5
1E4C
330
1F
100
AcDbEntity
  8
0
  6
Continuous
 62
     7
370
    25
100
AcDbLine
 10
2.8084566929
 20
-0.5110433078
 30
0.0
 11
2.8084566929
 21
-0.4960433079
 31
0.0
  0
LINE
  5
1E4D
330
1F
100
AcDbEntity
  8
0
  6
Continuous
 62
     7
370
    25
100
AcDbLine
 10
2.7334566929
 20
-0.4960433073
 30
0.0
 11
2.8084566929
 21
-0.4960433079
 31
0.0
  0
LINE
  5
1E4E
330
1F
100
AcDbEntity
  8
0
  6
Continuous
 62
     7
370
    25
100
AcDbLine
 10
2.7414566929
 20
-0.4610433081
 30
0.0
 11
2.7414566929
 21
-0.4960433079
 31
0.0
  0
LINE
  5
1E4F
330
1F
100
AcDbEntity
  8
0
  6
Continuous
 62
     7
370
    25
100
AcDbLine
 10
2.8084566929
 20
-0.4610433081
 30
0.0
 11
2.7334566929
 21
-0.4610433068
 31
0.0
  0
LINE
  5
1E50
330
1F
100
AcDbEntity
  8
0
  6
Continuous
 62
     7
370
    25
100
AcDbLine
 10
2.8084566929
 20
-0.4610433081
 30
0.0
 11
2.8084566929
 21
-0.446043306
 31
0.0
  0
LINE
  5
1E51
330
1F
100
AcDbEntity
  8
0
  6
Continuous
 62
     7
370
    25
100
AcDbLine
 10
2.7334566929
 20
-0.4460433067
 30
0.0
 11
2.8084566929
 21
-0.446043306
 31
0.0
  0
LINE
  5
1E52
330
1F
100
AcDbEntity
  8
0
  6
Continuous
 62
     7
370
    25
100
AcDbLine
 10
2.7414566929
 20
-0.4110433062
 30
0.0
 11
2.7414566929
 21
-0.446043306
 31
0.0
  0
LINE
  5
1E53
330
1F
100
AcDbEntity
  8
0
  6
Continuous
 62
     7
370
    25
100
AcDbLine
 10
2.8084566929
 20
-0.4110433062
 30
0.0
 11
2.7334566929
 21
-0.4110433072
 31
0.0
  0
LINE
  5
1E54
330
1F
100
AcDbEntity
  8
0
  6
Continuous
 62
     7
370
    25
100
AcDbLine
 10
2.8084566929
 20
-0.4110433062
 30
0.0
 11
2.8084566929
 21
-0.3960433063
 31
0.0
  0
LINE
  5
1E55
330
1F
100
AcDbEntity
  8
0
  6
Continuous
 62
     7
370
    25
100
AcDbLine
 10
2.7334566929
 20
-0.3960433071
 30
0.0
 11
2.8084566929
 21
-0.3960433063
 31
0.0
  0
LINE
  5
1E56
330
1F
100
AcDbEntity
  8
0
  6
Continuous
 62
     7
370
    25
100
AcDbLine
 10
2.7414566929
 20
-0.3610433064
 30
0.0
 11
2.7414566929
 21
-0.3960433063
 31
0.0
  0
LINE
  5
1E57
330
1F
100
AcDbEntity
  8
0
  6
Continuous
 62
     7
370
    25
100
AcDbLine
 10
2.8084566929
 20
-0.3610433064
 30
0.0
 11
2.7334566929
 21
-0.3610433066
 31
0.0
  0
LINE
  5
1E58
330
1F
100
AcDbEntity
  8
0
  6
Continuous
 62
     7
370
    25
100
AcDbLine
 10
2.8084566929
 20
-0.3610433064
 30
0.0
 11
2.8084566929
 21
-0.3460433065
 31
0.0
  0
LINE
  5
1E59
330
1F
100
AcDbEntity
  8
0
  6
Continuous
 62
     7
370
    25
100
AcDbLine
 10
2.7334566929
 20
-0.3460433076
 30
0.0
 11
2.8084566929
 21
-0.3460433065
 31
0.0
  0
LINE
  5
1E5A
330
1F
100
AcDbEntity
  8
0
  6
Continuous
 62
     7
370
    25
100
AcDbLine
 10
2.7414566929
 20
-0.3110433067
 30
0.0
 11
2.7414566929
 21
-0.3460433065
 31
0.0
  0
LINE
  5
1E5B
330
1F
100
AcDbEntity
  8
0
  6
Continuous
 62
     7
370
    25
100
AcDbLine
 10
2.8084566929
 20
-0.3110433067
 30
0.0
 11
2.7334566929
 21
-0.311043307
 31
0.0
  0
LINE
  5
1E5C
330
1F
100
AcDbEntity
  8
0
  6
Continuous
 62
     7
370
    25
100
AcDbLine
 10
2.8084566929
 20
-0.3110433067
 30
0.0
 11
2.8084566929
 21
-0.2960433068
 31
0.0
  0
LINE
  5
1E5D
330
1F
100
AcDbEntity
  8
0
  6
Continuous
 62
     7
370
    25
100
AcDbLine
 10
2.7334566929
 20
-0.296043307
 30
0.0
 11
2.8084566929
 21
-0.2960433068
 31
0.0
  0
LINE
  5
1E5E
330
1F
100
AcDbEntity
  8
0
  6
Continuous
 62
     7
370
    25
100
AcDbLine
 10
2.7414566929
 20
-0.261043307
 30
0.0
 11
2.7414566929
 21
-0.2960433068
 31
0.0
  0
LINE
  5
1E5F
330
1F
100
AcDbEntity
  8
0
  6
Continuous
 62
     7
370
    25
100
AcDbLine
 10
2.8084566929
 20
-0.261043307
 30
0.0
 11
2.7334566929
 21
-0.2610433075
 31
0.0
  0
LINE
  5
1E60
330
1F
100
AcDbEntity
  8
0
  6
Continuous
 62
     7
370
    25
100
AcDbLine
 10
2.8084566929
 20
-0.261043307
 30
0.0
 11
2.8084566929
 21
-0.2460433071
 31
0.0
  0
LINE
  5
1E61
330
1F
100
AcDbEntity
  8
0
  6
Continuous
 62
     7
370
    25
100
AcDbLine
 10
2.7334566929
 20
-0.2460433074
 30
0.0
 11
2.8084566929
 21
-0.2460433071
 31
0.0
  0
LINE
  5
1E62
330
1F
100
AcDbEntity
  8
0
  6
Continuous
 62
     7
370
    25
100
AcDbLine
 10
2.7414566929
 20
-0.2110433072
 30
0.0
 11
2.7414566929
 21
-0.2460433071
 31
0.0
  0
LINE
  5
1E63
330
1F
100
AcDbEntity
  8
0
  6
Continuous
 62
     7
370
    25
100
AcDbLine
 10
2.8084566929
 20
-0.2110433072
 30
0.0
 11
2.7334566929
 21
-0.2110433069
 31
0.0
  0
LINE
  5
1E64
330
1F
100
AcDbEntity
  8
0
  6
Continuous
 62
     7
370
    25
100
AcDbLine
 10
2.8084566929
 20
-0.2110433072
 30
0.0
 11
2.8084566929
 21
-0.1960433073
 31
0.0
  0
LINE
  5
1E65
330
1F
100
AcDbEntity
  8
0
  6
Continuous
 62
     7
370
    25
100
AcDbLine
 10
2.7334566929
 20
-0.1960433068
 30
0.0
 11
2.8084566929
 21
-0.1960433073
 31
0.0
  0
LINE
  5
1E66
330
1F
100
AcDbEntity
  8
0
  6
Continuous
 62
     7
370
    25
100
AcDbLine
 10
2.7414566929
 20
-0.1610433075
 30
0.0
 11
2.7414566929
 21
-0.1960433073
 31
0.0
  0
LINE
  5
1E67
330
1F
100
AcDbEntity
  8
0
  6
Continuous
 62
     7
370
    25
100
AcDbLine
 10
2.8084566929
 20
-0.1610433075
 30
0.0
 11
2.7334566929
 21
-0.1610433073
 31
0.0
  0
LINE
  5
1E68
330
1F
100
AcDbEntity
  8
0
  6
Continuous
 62
     7
370
    25
100
AcDbLine
 10
2.8084566929
 20
-0.1610433075
 30
0.0
 11
2.8084566929
 21
-0.1460433076
 31
0.0
  0
LINE
  5
1E69
330
1F
100
AcDbEntity
  8
0
  6
Continuous
 62
     7
370
    25
100
AcDbLine
 10
2.7334566929
 20
-0.1460433072
 30
0.0
 11
2.8084566929
 21
-0.1460433076
 31
0.0
  0
LINE
  5
1E6A
330
1F
100
AcDbEntity
  8
0
  6
Continuous
 62
     7
370
    25
100
AcDbLine
 10
2.7414566929
 20
-0.1110433078
 30
0.0
 11
2.7414566929
 21
-0.1460433076
 31
0.0
  0
LINE
  5
1E6B
330
1F
100
AcDbEntity
  8
0
  6
Continuous
 62
     7
370
    25
100
AcDbLine
 10
2.8084566929
 20
-0.1110433078
 30
0.0
 11
2.7334566929
 21
-0.1110433067
 31
0.0
  0
LINE
  5
1E6C
330
1F
100
AcDbEntity
  8
0
  6
Continuous
 62
     7
370
    25
100
AcDbLine
 10
2.8084566929
 20
-0.1110433078
 30
0.0
 11
2.8084566929
 21
-0.0960433079
 31
0.0
  0
LINE
  5
1E6D
330
1F
100
AcDbEntity
  8
0
  6
Continuous
 62
     7
370
    25
100
AcDbLine
 10
2.7334566929
 20
-0.0960433066
 30
0.0
 11
2.8084566929
 21
-0.0960433079
 31
0.0
  0
LINE
  5
1E6E
330
1F
100
AcDbEntity
  8
0
  6
Continuous
 62
     7
370
    25
100
AcDbLine
 10
2.7414566929
 20
-0.061043308
 30
0.0
 11
2.7414566929
 21
-0.0960433079
 31
0.0
  0
LINE
  5
1E6F
330
1F
100
AcDbEntity
  8
0
  6
Continuous
 62
     7
370
    25
100
AcDbLine
 10
2.8084566929
 20
-0.061043308
 30
0.0
 11
2.7334566929
 21
-0.0610433071
 31
0.0
  0
LINE
  5
1E70
330
1F
100
AcDbEntity
  8
0
  6
Continuous
 62
     7
370
    25
100
AcDbLine
 10
2.8084566929
 20
-0.061043308
 30
0.0
 11
2.8084566929
 21
-0.0460433081
 31
0.0
  0
LINE
  5
1E71
330
1F
100
AcDbEntity
  8
0
  6
Continuous
 62
     7
370
    25
100
AcDbLine
 10
2.7334566929
 20
-0.0460433071
 30
0.0
 11
2.8084566929
 21
-0.0460433081
 31
0.0
  0
LINE
  5
1E72
330
1F
100
AcDbEntity
  8
0
  6
Continuous
 62
     7
370
    25
100
AcDbLine
 10
2.7414566929
 20
-0.0110433062
 30
0.0
 11
2.7414566929
 21
-0.0460433081
 31
0.0
  0
LINE
  5
1E73
330
1F
100
AcDbEntity
  8
0
  6
Continuous
 62
     7
370
    25
100
AcDbLine
 10
2.8084566929
 20
-0.0110433062
 30
0.0
 11
2.7334566929
 21
-0.0110433076
 31
0.0
  0
LINE
  5
1E74
330
1F
100
AcDbEntity
  8
0
  6
Continuous
 62
     7
370
    25
100
AcDbLine
 10
2.8084566929
 20
-0.0110433062
 30
0.0
 11
2.8084566929
 21
0.0039566938
 31
0.0
  0
LINE
  5
1E75
330
1F
100
AcDbEntity
  8
0
  6
Continuous
 62
     7
370
    25
100
AcDbLine
 10
2.7334566929
 20
0.0039566925
 30
0.0
 11
2.8084566929
 21
0.0039566938
 31
0.0
  0
LINE
  5
1E76
330
1F
100
AcDbEntity
  8
0
  6
Continuous
 62
     7
370
    25
100
AcDbLine
 10
2.7414566929
 20
0.0389566936
 30
0.0
 11
2.7414566929
 21
0.0039566938
 31
0.0
  0
LINE
  5
1E77
330
1F
100
AcDbEntity
  8
0
  6
Continuous
 62
     7
370
    25
100
AcDbLine
 10
2.8084566929
 20
0.0389566936
 30
0.0
 11
2.7334566929
 21
0.038956693
 31
0.0
  0
LINE
  5
1E78
330
1F
100
AcDbEntity
  8
0
  6
Continuous
 62
     7
370
    25
100
AcDbLine
 10
2.8084566929
 20
0.0389566936
 30
0.0
 11
2.8084566929
 21
0.0539566935
 31
0.0
  0
LINE
  5
1E79
330
1F
100
AcDbEntity
  8
0
  6
Continuous
 62
     7
370
    25
100
AcDbLine
 10
2.7334566929
 20
0.0539566931
 30
0.0
 11
2.8084566929
 21
0.0539566935
 31
0.0
  0
LINE
  5
1E7A
330
1F
100
AcDbEntity
  8
0
  6
Continuous
 62
     7
370
    25
100
AcDbLine
 10
2.7414566929
 20
0.0889566933
 30
0.0
 11
2.7414566929
 21
0.0539566935
 31
0.0
  0
LINE
  5
1E7B
330
1F
100
AcDbEntity
  8
0
  6
Continuous
 62
     7
370
    25
100
AcDbLine
 10
2.8084566929
 20
0.0889566933
 30
0.0
 11
2.7334566929
 21
0.0889566926
 31
0.0
  0
LINE
  5
1E7C
330
1F
100
AcDbEntity
  8
0
  6
Continuous
 62
     7
370
    25
100
AcDbLine
 10
2.8084566929
 20
0.0889566933
 30
0.0
 11
2.8084566929
 21
0.1039566932
 31
0.0
  0
LINE
  5
1E7D
330
1F
100
AcDbEntity
  8
0
  6
Continuous
 62
     7
370
    25
100
AcDbLine
 10
2.7334566929
 20
0.1039566927
 30
0.0
 11
2.8084566929
 21
0.1039566932
 31
0.0
  0
LINE
  5
1E7E
330
1F
100
AcDbEntity
  8
0
  6
Continuous
 62
     7
370
    25
100
AcDbLine
 10
2.7414566929
 20
0.138956693
 30
0.0
 11
2.7414566929
 21
0.1039566932
 31
0.0
  0
LINE
  5
1E7F
330
1F
100
AcDbEntity
  8
0
  6
Continuous
 62
     7
370
    25
100
AcDbLine
 10
2.8084566929
 20
0.138956693
 30
0.0
 11
2.7334566929
 21
0.1389566932
 31
0.0
  0
LINE
  5
1E80
330
1F
100
AcDbEntity
  8
0
  6
Continuous
 62
     7
370
    25
100
AcDbLine
 10
2.8084566929
 20
0.138956693
 30
0.0
 11
2.8084566929
 21
0.153956693
 31
0.0
  0
LINE
  5
1E81
330
1F
100
AcDbEntity
  8
0
  6
Continuous
 62
     7
370
    25
100
AcDbLine
 10
2.7334566929
 20
0.1539566933
 30
0.0
 11
2.8084566929
 21
0.153956693
 31
0.0
  0
LINE
  5
1E82
330
1F
100
AcDbEntity
  8
0
  6
Continuous
 62
     7
370
    25
100
AcDbLine
 10
2.7414566929
 20
0.1889566928
 30
0.0
 11
2.7414566929
 21
0.153956693
 31
0.0
  0
LINE
  5
1E83
330
1F
100
AcDbEntity
  8
0
  6
Continuous
 62
     7
370
    25
100
AcDbLine
 10
2.8084566929
 20
0.1889566928
 30
0.0
 11
2.7334566929
 21
0.1889566928
 31
0.0
  0
LINE
  5
1E84
330
1F
100
AcDbEntity
  8
0
  6
Continuous
 62
     7
370
    25
100
AcDbLine
 10
2.8084566929
 20
0.1889566928
 30
0.0
 11
2.8084566929
 21
0.2039566927
 31
0.0
  0
LINE
  5
1E85
330
1F
100
AcDbEntity
  8
0
  6
Continuous
 62
     7
370
    25
100
AcDbLine
 10
2.7334566929
 20
0.2039566928
 30
0.0
 11
2.8084566929
 21
0.2039566927
 31
0.0
  0
LINE
  5
1E86
330
1F
100
AcDbEntity
  8
0
  6
Continuous
 62
     7
370
    25
100
AcDbLine
 10
2.7414566929
 20
0.2389566925
 30
0.0
 11
2.7414566929
 21
0.2039566927
 31
0.0
  0
LINE
  5
1E87
330
1F
100
AcDbEntity
  8
0
  6
Continuous
 62
     7
370
    25
100
AcDbLine
 10
2.8084566929
 20
0.2389566925
 30
0.0
 11
2.7334566929
 21
0.2389566934
 31
0.0
  0
LINE
  5
1E88
330
1F
100
AcDbEntity
  8
0
  6
Continuous
 62
     7
370
    25
100
AcDbLine
 10
2.8084566929
 20
0.2389566925
 30
0.0
 11
2.8084566929
 21
0.2539566924
 31
0.0
  0
LINE
  5
1E89
330
1F
100
AcDbEntity
  8
0
  6
Continuous
 62
     7
370
    25
100
AcDbLine
 10
2.7334566929
 20
0.2539566924
 30
0.0
 11
2.8084566929
 21
0.2539566924
 31
0.0
  0
LINE
  5
1E8A
330
1F
100
AcDbEntity
  8
0
  6
Continuous
 62
     7
370
    25
100
AcDbLine
 10
2.7414566929
 20
0.2889566922
 30
0.0
 11
2.7414566929
 21
0.2539566924
 31
0.0
  0
LINE
  5
1E8B
330
1F
100
AcDbEntity
  8
0
  6
Continuous
 62
     7
370
    25
100
AcDbLine
 10
2.8084566929
 20
0.2889566922
 30
0.0
 11
2.7334566929
 21
0.2889566929
 31
0.0
  0
LINE
  5
1E8C
330
1F
100
AcDbEntity
  8
0
  6
Continuous
 62
     7
370
    25
100
AcDbLine
 10
2.8084566929
 20
0.2889566922
 30
0.0
 11
2.8084566929
 21
0.3039566922
 31
0.0
  0
LINE
  5
1E8D
330
1F
100
AcDbEntity
  8
0
  6
Continuous
 62
     7
370
    25
100
AcDbLine
 10
2.7334566929
 20
0.303956693
 30
0.0
 11
2.8084566929
 21
0.3039566922
 31
0.0
  0
LINE
  5
1E8E
330
1F
100
AcDbEntity
  8
0
  6
Continuous
 62
     7
370
    25
100
AcDbLine
 10
2.7414566929
 20
0.338956692
 30
0.0
 11
2.7414566929
 21
0.3039566922
 31
0.0
  0
LINE
  5
1E8F
330
1F
100
AcDbEntity
  8
0
  6
Continuous
 62
     7
370
    25
100
AcDbLine
 10
2.8084566929
 20
0.338956692
 30
0.0
 11
2.7334566929
 21
0.3389566925
 31
0.0
  0
LINE
  5
1E90
330
1F
100
AcDbEntity
  8
0
  6
Continuous
 62
     7
370
    25
100
AcDbLine
 10
2.8084566929
 20
0.338956692
 30
0.0
 11
2.8084566929
 21
0.3539566919
 31
0.0
  0
LINE
  5
1E91
330
1F
100
AcDbEntity
  8
0
  6
Continuous
 62
     7
370
    25
100
AcDbLine
 10
2.7334566929
 20
0.3539566926
 30
0.0
 11
2.8084566929
 21
0.3539566919
 31
0.0
  0
LINE
  5
1E92
330
1F
100
AcDbEntity
  8
0
  6
Continuous
 62
     7
370
    25
100
AcDbLine
 10
2.7414566929
 20
0.3889566938
 30
0.0
 11
2.7414566929
 21
0.3539566919
 31
0.0
  0
LINE
  5
1E93
330
1F
100
AcDbEntity
  8
0
  6
Continuous
 62
     7
370
    25
100
AcDbLine
 10
2.8084566929
 20
0.3889566938
 30
0.0
 11
2.7334566929
 21
0.3889566931
 31
0.0
  0
LINE
  5
1E94
330
1F
100
AcDbEntity
  8
0
  6
Continuous
 62
     7
370
    25
100
AcDbLine
 10
2.8084566929
 20
0.3889566938
 30
0.0
 11
2.8084566929
 21
0.4039566938
 31
0.0
  0
LINE
  5
1E95
330
1F
100
AcDbEntity
  8
0
  6
Continuous
 62
     7
370
    25
100
AcDbLine
 10
2.7334566929
 20
0.4039566932
 30
0.0
 11
2.8084566929
 21
0.4039566938
 31
0.0
  0
LINE
  5
1E96
330
1F
100
AcDbEntity
  8
0
  6
Continuous
 62
     7
370
    25
100
AcDbLine
 10
2.7414566929
 20
0.4389566936
 30
0.0
 11
2.7414566929
 21
0.4039566938
 31
0.0
  0
LINE
  5
1E97
330
1F
100
AcDbEntity
  8
0
  6
Continuous
 62
     7
370
    25
100
AcDbLine
 10
2.8084566929
 20
0.4389566936
 30
0.0
 11
2.7334566929
 21
0.4389566927
 31
0.0
  0
LINE
  5
1E98
330
1F
100
AcDbEntity
  8
0
  6
Continuous
 62
     7
370
    25
100
AcDbLine
 10
2.8084566929
 20
0.4389566936
 30
0.0
 11
2.8084566929
 21
0.4539566935
 31
0.0
  0
LINE
  5
1E99
330
1F
100
AcDbEntity
  8
0
  6
Continuous
 62
     7
370
    25
100
AcDbLine
 10
2.7334566929
 20
0.4539566928
 30
0.0
 11
2.8084566929
 21
0.4539566935
 31
0.0
  0
LINE
  5
1E9A
330
1F
100
AcDbEntity
  8
0
  6
Continuous
 62
     7
370
    25
100
AcDbLine
 10
2.7414566929
 20
0.4889566933
 30
0.0
 11
2.7414566929
 21
0.4539566935
 31
0.0
  0
LINE
  5
1E9B
330
1F
100
AcDbEntity
  8
0
  6
Continuous
 62
     7
370
    25
100
AcDbLine
 10
2.8084566929
 20
0.4889566933
 30
0.0
 11
2.7334566929
 21
0.4889566933
 31
0.0
  0
LINE
  5
1E9C
330
1F
100
AcDbEntity
  8
0
  6
Continuous
 62
     7
370
    25
100
AcDbLine
 10
2.8084566929
 20
0.4889566933
 30
0.0
 11
2.8084566929
 21
0.5039566932
 31
0.0
  0
LINE
  5
1E9D
330
1F
100
AcDbEntity
  8
0
  6
Continuous
 62
     7
370
    25
100
AcDbLine
 10
2.7334566929
 20
0.5039566934
 30
0.0
 11
2.8084566929
 21
0.5039566932
 31
0.0
  0
LINE
  5
1E9E
330
1F
100
AcDbEntity
  8
0
  6
Continuous
 62
     7
370
    25
100
AcDbLine
 10
2.7414566929
 20
0.5389566931
 30
0.0
 11
2.7414566929
 21
0.5039566932
 31
0.0
  0
LINE
  5
1E9F
330
1F
100
AcDbEntity
  8
0
  6
Continuous
 62
     7
370
    25
100
AcDbLine
 10
2.7734566929
 20
0.5389566931
 30
0.0
 11
2.7334566929
 21
0.5389566928
 31
0.0
  0
LINE
  5
1EA0
330
1F
100
AcDbEntity
  8
0
  6
Continuous
 62
     7
370
    25
100
AcDbLine
 10
2.7734566929
 20
0.5389566931
 30
0.0
 11
2.7734566929
 21
0.553956693
 31
0.0
  0
LINE
  5
1EA1
330
1F
100
AcDbEntity
  8
0
  6
Continuous
 62
     7
370
    25
100
AcDbLine
 10
2.7334566929
 20
0.5539566929
 30
0.0
 11
2.7734566929
 21
0.553956693
 31
0.0
  0
LINE
  5
1EA2
330
1F
100
AcDbEntity
  8
0
  6
Continuous
 62
     7
370
    25
100
AcDbLine
 10
2.7414566929
 20
0.5889566928
 30
0.0
 11
2.7414566929
 21
0.553956693
 31
0.0
  0
LINE
  5
1EA3
330
1F
100
AcDbEntity
  8
0
  6
Continuous
 62
     7
370
    25
100
AcDbLine
 10
2.7734566929
 20
0.5889566929
 30
0.0
 11
2.7334566929
 21
0.5889566929
 31
0.0
  0
LINE
  5
1EA4
330
1F
100
AcDbEntity
  8
0
  6
Continuous
 62
     7
370
    25
100
AcDbLine
 10
2.7734566929
 20
0.5889566929
 30
0.0
 11
2.7734566929
 21
0.6039566929
 31
0.0
  0
LINE
  5
1EA5
330
1F
100
AcDbEntity
  8
0
  6
Continuous
 62
     7
370
    25
100
AcDbLine
 10
2.7334566929
 20
0.6039566929
 30
0.0
 11
2.7734566929
 21
0.6039566929
 31
0.0
  0
LINE
  5
1EA6
330
1F
100
AcDbEntity
  8
0
  6
Continuous
 62
     7
370
    25
100
AcDbLine
 10
2.7414566929
 20
0.8389566929
 30
0.0
 11
2.7414566929
 21
0.6039566929
 31
0.0
  0
LINE
  5
1EA7
330
1F
100
AcDbEntity
  8
0
  6
Continuous
 62
     7
370
    25
100
AcDbLine
 10
2.7734566929
 20
0.8389566929
 30
0.0
 11
2.7334566929
 21
0.8389566929
 31
0.0
  0
LINE
  5
1EA8
330
1F
100
AcDbEntity
  8
0
  6
Continuous
 62
     7
370
    25
100
AcDbLine
 10
2.7734566929
 20
0.8389566929
 30
0.0
 11
2.7734566929
 21
0.8539566929
 31
0.0
  0
LINE
  5
1EA9
330
1F
100
AcDbEntity
  8
0
  6
Continuous
 62
     7
370
    25
100
AcDbLine
 10
2.7334566929
 20
0.8539566929
 30
0.0
 11
2.7734566929
 21
0.8539566929
 31
0.0
  0
LINE
  5
1EAA
330
1F
100
AcDbEntity
  8
0
  6
Continuous
 62
     7
370
    25
100
AcDbLine
 10
2.7414566929
 20
0.8889566933
 30
0.0
 11
2.7414566929
 21
0.8539566935
 31
0.0
  0
LINE
  5
1EAB
330
1F
100
AcDbEntity
  8
0
  6
Continuous
 62
     7
370
    25
100
AcDbLine
 10
2.7734566929
 20
0.8889566933
 30
0.0
 11
2.7334566929
 21
0.8889566927
 31
0.0
  0
LINE
  5
1EAC
330
1F
100
AcDbEntity
  8
0
  6
Continuous
 62
     7
370
    25
100
AcDbLine
 10
2.7734566929
 20
0.8889566933
 30
0.0
 11
2.7734566929
 21
0.9039566933
 31
0.0
  0
LINE
  5
1EAD
330
1F
100
AcDbEntity
  8
0
  6
Continuous
 62
     7
370
    25
100
AcDbLine
 10
2.7334566929
 20
0.9039566932
 30
0.0
 11
2.7734566929
 21
0.9039566933
 31
0.0
  0
LINE
  5
1EAE
330
1F
100
AcDbEntity
  8
0
  6
Continuous
 62
     7
370
    25
100
AcDbLine
 10
2.7414566929
 20
0.9389566931
 30
0.0
 11
2.7414566929
 21
0.9039566933
 31
0.0
  0
LINE
  5
1EAF
330
1F
100
AcDbEntity
  8
0
  6
Continuous
 62
     7
370
    25
100
AcDbLine
 10
2.8084566929
 20
0.9389566931
 30
0.0
 11
2.7334566929
 21
0.9389566932
 31
0.0
  0
LINE
  5
1EB0
330
1F
100
AcDbEntity
  8
0
  6
Continuous
 62
     7
370
    25
100
AcDbLine
 10
2.8084566929
 20
0.9389566931
 30
0.0
 11
2.8084566929
 21
0.953956693
 31
0.0
  0
LINE
  5
1EB1
330
1F
100
AcDbEntity
  8
0
  6
Continuous
 62
     7
370
    25
100
AcDbLine
 10
2.7334566929
 20
0.9539566928
 30
0.0
 11
2.8084566929
 21
0.953956693
 31
0.0
  0
LINE
  5
1EB2
330
1F
100
AcDbEntity
  8
0
  6
Continuous
 62
     7
370
    25
100
AcDbLine
 10
2.7414566929
 20
0.9889566928
 30
0.0
 11
2.7414566929
 21
0.953956693
 31
0.0
  0
LINE
  5
1EB3
330
1F
100
AcDbEntity
  8
0
  6
Continuous
 62
     7
370
    25
100
AcDbLine
 10
2.8084566929
 20
0.9889566928
 30
0.0
 11
2.7334566929
 21
0.9889566928
 31
0.0
  0
LINE
  5
1EB4
330
1F
100
AcDbEntity
  8
0
  6
Continuous
 62
     7
370
    25
100
AcDbLine
 10
2.8084566929
 20
0.9889566928
 30
0.0
 11
2.8084566929
 21
1.0039566927
 31
0.0
  0
LINE
  5
1EB5
330
1F
100
AcDbEntity
  8
0
  6
Continuous
 62
     7
370
    25
100
AcDbLine
 10
2.7334566929
 20
1.0039566932
 30
0.0
 11
2.8084566929
 21
1.0039566927
 31
0.0
  0
LINE
  5
1EB6
330
1F
100
AcDbEntity
  8
0
  6
Continuous
 62
     7
370
    25
100
AcDbLine
 10
2.7414566929
 20
1.0389566925
 30
0.0
 11
2.7414566929
 21
1.0039566927
 31
0.0
  0
LINE
  5
1EB7
330
1F
100
AcDbEntity
  8
0
  6
Continuous
 62
     7
370
    25
100
AcDbLine
 10
2.8084566929
 20
1.0389566925
 30
0.0
 11
2.7334566929
 21
1.0389566932
 31
0.0
  0
LINE
  5
1EB8
330
1F
100
AcDbEntity
  8
0
  6
Continuous
 62
     7
370
    25
100
AcDbLine
 10
2.8084566929
 20
1.0389566925
 30
0.0
 11
2.8084566929
 21
1.0539566925
 31
0.0
  0
LINE
  5
1EB9
330
1F
100
AcDbEntity
  8
0
  6
Continuous
 62
     7
370
    25
100
AcDbLine
 10
2.7334566929
 20
1.0539566928
 30
0.0
 11
2.8084566929
 21
1.0539566925
 31
0.0
  0
LINE
  5
1EBA
330
1F
100
AcDbEntity
  8
0
  6
Continuous
 62
     7
370
    25
100
AcDbLine
 10
2.7414566929
 20
1.0889566923
 30
0.0
 11
2.7414566929
 21
1.0539566925
 31
0.0
  0
LINE
  5
1EBB
330
1F
100
AcDbEntity
  8
0
  6
Continuous
 62
     7
370
    25
100
AcDbLine
 10
2.8084566929
 20
1.0889566923
 30
0.0
 11
2.7334566929
 21
1.0889566928
 31
0.0
  0
LINE
  5
1EBC
330
1F
100
AcDbEntity
  8
0
  6
Continuous
 62
     7
370
    25
100
AcDbLine
 10
2.8084566929
 20
1.0889566923
 30
0.0
 11
2.8084566929
 21
1.1039566922
 31
0.0
  0
LINE
  5
1EBD
330
1F
100
AcDbEntity
  8
0
  6
Continuous
 62
     7
370
    25
100
AcDbLine
 10
2.7334566929
 20
1.1039566933
 30
0.0
 11
2.8084566929
 21
1.1039566922
 31
0.0
  0
LINE
  5
1EBE
330
1F
100
AcDbEntity
  8
0
  6
Continuous
 62
     7
370
    25
100
AcDbLine
 10
2.7414566929
 20
1.138956692
 30
0.0
 11
2.7414566929
 21
1.1039566922
 31
0.0
  0
LINE
  5
1EBF
330
1F
100
AcDbEntity
  8
0
  6
Continuous
 62
     7
370
    25
100
AcDbLine
 10
2.8084566929
 20
1.138956692
 30
0.0
 11
2.7334566929
 21
1.1389566932
 31
0.0
  0
LINE
  5
1EC0
330
1F
100
AcDbEntity
  8
0
  6
Continuous
 62
     7
370
    25
100
AcDbLine
 10
2.8084566929
 20
1.138956692
 30
0.0
 11
2.8084566929
 21
1.1539566919
 31
0.0
  0
LINE
  5
1EC1
330
1F
100
AcDbEntity
  8
0
  6
Continuous
 62
     7
370
    25
100
AcDbLine
 10
2.7334566929
 20
1.1539566929
 30
0.0
 11
2.8084566929
 21
1.1539566919
 31
0.0
  0
LINE
  5
1EC2
330
1F
100
AcDbEntity
  8
0
  6
Continuous
 62
     7
370
    25
100
AcDbLine
 10
2.7414566929
 20
1.1889566939
 30
0.0
 11
2.7414566929
 21
1.1539566919
 31
0.0
  0
LINE
  5
1EC3
330
1F
100
AcDbEntity
  8
0
  6
Continuous
 62
     7
370
    25
100
AcDbLine
 10
2.8084566929
 20
1.1889566939
 30
0.0
 11
2.7334566929
 21
1.1889566928
 31
0.0
  0
LINE
  5
1EC4
330
1F
100
AcDbEntity
  8
0
  6
Continuous
 62
     7
370
    25
100
AcDbLine
 10
2.8084566929
 20
1.1889566939
 30
0.0
 11
2.8084566929
 21
1.2039566938
 31
0.0
  0
LINE
  5
1EC5
330
1F
100
AcDbEntity
  8
0
  6
Continuous
 62
     7
370
    25
100
AcDbLine
 10
2.7334566929
 20
1.2039566933
 30
0.0
 11
2.8084566929
 21
1.2039566938
 31
0.0
  0
LINE
  5
1EC6
330
1F
100
AcDbEntity
  8
0
  6
Continuous
 62
     7
370
    25
100
AcDbLine
 10
2.7414566929
 20
1.2389566936
 30
0.0
 11
2.7414566929
 21
1.2039566938
 31
0.0
  0
LINE
  5
1EC7
330
1F
100
AcDbEntity
  8
0
  6
Continuous
 62
     7
370
    25
100
AcDbLine
 10
2.8084566929
 20
1.2389566936
 30
0.0
 11
2.7334566929
 21
1.2389566933
 31
0.0
  0
LINE
  5
1EC8
330
1F
100
AcDbEntity
  8
0
  6
Continuous
 62
     7
370
    25
100
AcDbLine
 10
2.8084566929
 20
1.2389566936
 30
0.0
 11
2.8084566929
 21
1.2539566935
 31
0.0
  0
LINE
  5
1EC9
330
1F
100
AcDbEntity
  8
0
  6
Continuous
 62
     7
370
    25
100
AcDbLine
 10
2.7334566929
 20
1.2539566929
 30
0.0
 11
2.8084566929
 21
1.2539566935
 31
0.0
  0
LINE
  5
1ECA
330
1F
100
AcDbEntity
  8
0
  6
Continuous
 62
     7
370
    25
100
AcDbLine
 10
2.7414566929
 20
1.2889566933
 30
0.0
 11
2.7414566929
 21
1.2539566935
 31
0.0
  0
LINE
  5
1ECB
330
1F
100
AcDbEntity
  8
0
  6
Continuous
 62
     7
370
    25
100
AcDbLine
 10
2.8084566929
 20
1.2889566933
 30
0.0
 11
2.7334566929
 21
1.2889566929
 31
0.0
  0
LINE
  5
1ECC
330
1F
100
AcDbEntity
  8
0
  6
Continuous
 62
     7
370
    25
100
AcDbLine
 10
2.8084566929
 20
1.2889566933
 30
0.0
 11
2.8084566929
 21
1.3039566933
 31
0.0
  0
LINE
  5
1ECD
330
1F
100
AcDbEntity
  8
0
  6
Continuous
 62
     7
370
    25
100
AcDbLine
 10
2.7334566929
 20
1.3039566933
 30
0.0
 11
2.8084566929
 21
1.3039566933
 31
0.0
  0
LINE
  5
1ECE
330
1F
100
AcDbEntity
  8
0
  6
Continuous
 62
     7
370
    25
100
AcDbLine
 10
2.7414566929
 20
1.3389566931
 30
0.0
 11
2.7414566929
 21
1.3039566933
 31
0.0
  0
LINE
  5
1ECF
330
1F
100
AcDbEntity
  8
0
  6
Continuous
 62
     7
370
    25
100
AcDbLine
 10
2.8084566929
 20
1.3389566931
 30
0.0
 11
2.7334566929
 21
1.3389566933
 31
0.0
  0
LINE
  5
1ED0
330
1F
100
AcDbEntity
  8
0
  6
Continuous
 62
     7
370
    25
100
AcDbLine
 10
2.8084566929
 20
1.3389566931
 30
0.0
 11
2.8084566929
 21
1.353956693
 31
0.0
  0
LINE
  5
1ED1
330
1F
100
AcDbEntity
  8
0
  6
Continuous
 62
     7
370
    25
100
AcDbLine
 10
2.7334566929
 20
1.3539566929
 30
0.0
 11
2.8084566929
 21
1.353956693
 31
0.0
  0
LINE
  5
1ED2
330
1F
100
AcDbEntity
  8
0
  6
Continuous
 62
     7
370
    25
100
AcDbLine
 10
2.7414566929
 20
1.3889566928
 30
0.0
 11
2.7414566929
 21
1.353956693
 31
0.0
  0
LINE
  5
1ED3
330
1F
100
AcDbEntity
  8
0
  6
Continuous
 62
     7
370
    25
100
AcDbLine
 10
2.8084566929
 20
1.3889566928
 30
0.0
 11
2.7334566929
 21
1.3889566929
 31
0.0
  0
LINE
  5
1ED4
330
1F
100
AcDbEntity
  8
0
  6
Continuous
 62
     7
370
    25
100
AcDbLine
 10
2.8084566929
 20
1.3889566928
 30
0.0
 11
2.8084566929
 21
1.4039566927
 31
0.0
  0
LINE
  5
1ED5
330
1F
100
AcDbEntity
  8
0
  6
Continuous
 62
     7
370
    25
100
AcDbLine
 10
2.7334566929
 20
1.4039566925
 30
0.0
 11
2.8084566929
 21
1.4039566927
 31
0.0
  0
LINE
  5
1ED6
330
1F
100
AcDbEntity
  8
0
  6
Continuous
 62
     7
370
    25
100
AcDbLine
 10
2.7414566929
 20
1.4389566925
 30
0.0
 11
2.7414566929
 21
1.4039566927
 31
0.0
  0
LINE
  5
1ED7
330
1F
100
AcDbEntity
  8
0
  6
Continuous
 62
     7
370
    25
100
AcDbLine
 10
2.8084566929
 20
1.4389566925
 30
0.0
 11
2.7334566929
 21
1.4389566933
 31
0.0
  0
LINE
  5
1ED8
330
1F
100
AcDbEntity
  8
0
  6
Continuous
 62
     7
370
    25
100
AcDbLine
 10
2.8084566929
 20
1.4389566925
 30
0.0
 11
2.8084566929
 21
1.4539566925
 31
0.0
  0
LINE
  5
1ED9
330
1F
100
AcDbEntity
  8
0
  6
Continuous
 62
     7
370
    25
100
AcDbLine
 10
2.7334566929
 20
1.4539566929
 30
0.0
 11
2.8084566929
 21
1.4539566925
 31
0.0
  0
LINE
  5
1EDA
330
1F
100
AcDbEntity
  8
0
  6
Continuous
 62
     7
370
    25
100
AcDbLine
 10
2.7414566929
 20
1.4889566923
 30
0.0
 11
2.7414566929
 21
1.4539566925
 31
0.0
  0
LINE
  5
1EDB
330
1F
100
AcDbEntity
  8
0
  6
Continuous
 62
     7
370
    25
100
AcDbLine
 10
2.8084566929
 20
1.4889566923
 30
0.0
 11
2.7334566929
 21
1.4889566929
 31
0.0
  0
LINE
  5
1EDC
330
1F
100
AcDbEntity
  8
0
  6
Continuous
 62
     7
370
    25
100
AcDbLine
 10
2.8084566929
 20
1.4889566923
 30
0.0
 11
2.8084566929
 21
1.5039566922
 31
0.0
  0
LINE
  5
1EDD
330
1F
100
AcDbEntity
  8
0
  6
Continuous
 62
     7
370
    25
100
AcDbLine
 10
2.7334566929
 20
1.5039566925
 30
0.0
 11
2.8084566929
 21
1.5039566922
 31
0.0
  0
LINE
  5
1EDE
330
1F
100
AcDbEntity
  8
0
  6
Continuous
 62
     7
370
    25
100
AcDbLine
 10
2.7414566929
 20
1.538956692
 30
0.0
 11
2.7414566929
 21
1.5039566922
 31
0.0
  0
LINE
  5
1EDF
330
1F
100
AcDbEntity
  8
0
  6
Continuous
 62
     7
370
    25
100
AcDbLine
 10
2.8084566929
 20
1.538956692
 30
0.0
 11
2.7334566929
 21
1.5389566925
 31
0.0
  0
LINE
  5
1EE0
330
1F
100
AcDbEntity
  8
0
  6
Continuous
 62
     7
370
    25
100
AcDbLine
 10
2.8084566929
 20
1.538956692
 30
0.0
 11
2.8084566929
 21
1.5539566919
 31
0.0
  0
LINE
  5
1EE1
330
1F
100
AcDbEntity
  8
0
  6
Continuous
 62
     7
370
    25
100
AcDbLine
 10
2.7334566929
 20
1.553956693
 30
0.0
 11
2.8084566929
 21
1.5539566919
 31
0.0
  0
LINE
  5
1EE2
330
1F
100
AcDbEntity
  8
0
  6
Continuous
 62
     7
370
    25
100
AcDbLine
 10
2.7414566929
 20
1.5889566939
 30
0.0
 11
2.7414566929
 21
1.5539566919
 31
0.0
  0
LINE
  5
1EE3
330
1F
100
AcDbEntity
  8
0
  6
Continuous
 62
     7
370
    25
100
AcDbLine
 10
2.8084566929
 20
1.5889566939
 30
0.0
 11
2.7334566929
 21
1.5889566929
 31
0.0
  0
LINE
  5
1EE4
330
1F
100
AcDbEntity
  8
0
  6
Continuous
 62
     7
370
    25
100
AcDbLine
 10
2.8084566929
 20
1.5889566939
 30
0.0
 11
2.8084566929
 21
1.6039566938
 31
0.0
  0
LINE
  5
1EE5
330
1F
100
AcDbEntity
  8
0
  6
Continuous
 62
     7
370
    25
100
AcDbLine
 10
2.7334566929
 20
1.6039566926
 30
0.0
 11
2.8084566929
 21
1.6039566938
 31
0.0
  0
LINE
  5
1EE6
330
1F
100
AcDbEntity
  8
0
  6
Continuous
 62
     7
370
    25
100
AcDbLine
 10
2.7414566929
 20
1.6389566936
 30
0.0
 11
2.7414566929
 21
1.6039566938
 31
0.0
  0
LINE
  5
1EE7
330
1F
100
AcDbEntity
  8
0
  6
Continuous
 62
     7
370
    25
100
AcDbLine
 10
2.8084566929
 20
1.6389566936
 30
0.0
 11
2.7334566929
 21
1.6389566925
 31
0.0
  0
LINE
  5
1EE8
330
1F
100
AcDbEntity
  8
0
  6
Continuous
 62
     7
370
    25
100
AcDbLine
 10
2.8084566929
 20
1.6389566936
 30
0.0
 11
2.8084566929
 21
1.6539566935
 31
0.0
  0
LINE
  5
1EE9
330
1F
100
AcDbEntity
  8
0
  6
Continuous
 62
     7
370
    25
100
AcDbLine
 10
2.7334566929
 20
1.653956693
 30
0.0
 11
2.8084566929
 21
1.6539566935
 31
0.0
  0
LINE
  5
1EEA
330
1F
100
AcDbEntity
  8
0
  6
Continuous
 62
     7
370
    25
100
AcDbLine
 10
2.7414566929
 20
1.6889566934
 30
0.0
 11
2.7414566929
 21
1.6539566935
 31
0.0
  0
LINE
  5
1EEB
330
1F
100
AcDbEntity
  8
0
  6
Continuous
 62
     7
370
    25
100
AcDbLine
 10
2.8084566929
 20
1.6889566934
 30
0.0
 11
2.7334566929
 21
1.688956693
 31
0.0
  0
LINE
  5
1EEC
330
1F
100
AcDbEntity
  8
0
  6
Continuous
 62
     7
370
    25
100
AcDbLine
 10
2.8084566929
 20
1.6889566934
 30
0.0
 11
2.8084566929
 21
1.7039566933
 31
0.0
  0
LINE
  5
1EED
330
1F
100
AcDbEntity
  8
0
  6
Continuous
 62
     7
370
    25
100
AcDbLine
 10
2.7334566929
 20
1.7039566926
 30
0.0
 11
2.8084566929
 21
1.7039566933
 31
0.0
  0
LINE
  5
1EEE
330
1F
100
AcDbEntity
  8
0
  6
Continuous
 62
     7
370
    25
100
AcDbLine
 10
2.7414566929
 20
1.7389566931
 30
0.0
 11
2.7414566929
 21
1.7039566933
 31
0.0
  0
LINE
  5
1EEF
330
1F
100
AcDbEntity
  8
0
  6
Continuous
 62
     7
370
    25
100
AcDbLine
 10
2.8084566929
 20
1.7389566931
 30
0.0
 11
2.7334566929
 21
1.7389566926
 31
0.0
  0
LINE
  5
1EF0
330
1F
100
AcDbEntity
  8
0
  6
Continuous
 62
     7
370
    25
100
AcDbLine
 10
2.8084566929
 20
1.7389566931
 30
0.0
 11
2.8084566929
 21
1.753956693
 31
0.0
  0
LINE
  5
1EF1
330
1F
100
AcDbEntity
  8
0
  6
Continuous
 62
     7
370
    25
100
AcDbLine
 10
2.7334566929
 20
1.753956693
 30
0.0
 11
2.8084566929
 21
1.753956693
 31
0.0
  0
LINE
  5
1EF2
330
1F
100
AcDbEntity
  8
0
  6
Continuous
 62
     7
370
    25
100
AcDbLine
 10
2.7414566929
 20
1.7889566928
 30
0.0
 11
2.7414566929
 21
1.753956693
 31
0.0
  0
LINE
  5
1EF3
330
1F
100
AcDbEntity
  8
0
  6
Continuous
 62
     7
370
    25
100
AcDbLine
 10
2.8084566929
 20
1.7889566928
 30
0.0
 11
2.7334566929
 21
1.788956693
 31
0.0
  0
LINE
  5
1EF4
330
1F
100
AcDbEntity
  8
0
  6
Continuous
 62
     7
370
    25
100
AcDbLine
 10
2.8084566929
 20
1.7889566928
 30
0.0
 11
2.8084566929
 21
1.8039566927
 31
0.0
  0
LINE
  5
1EF5
330
1F
100
AcDbEntity
  8
0
  6
Continuous
 62
     7
370
    25
100
AcDbLine
 10
2.7334566929
 20
1.8039566926
 30
0.0
 11
2.8084566929
 21
1.8039566927
 31
0.0
  0
LINE
  5
1EF6
330
1F
100
AcDbEntity
  8
0
  6
Continuous
 62
     7
370
    25
100
AcDbLine
 10
2.7414566929
 20
1.8389566926
 30
0.0
 11
2.7414566929
 21
1.8039566927
 31
0.0
  0
LINE
  5
1EF7
330
1F
100
AcDbEntity
  8
0
  6
Continuous
 62
     7
370
    25
100
AcDbLine
 10
2.8084566929
 20
1.8389566926
 30
0.0
 11
2.7334566929
 21
1.8389566926
 31
0.0
  0
LINE
  5
1EF8
330
1F
100
AcDbEntity
  8
0
  6
Continuous
 62
     7
370
    25
100
AcDbLine
 10
2.8084566929
 20
1.8389566926
 30
0.0
 11
2.8084566929
 21
1.8539566925
 31
0.0
  0
LINE
  5
1EF9
330
1F
100
AcDbEntity
  8
0
  6
Continuous
 62
     7
370
    25
100
AcDbLine
 10
2.7334566929
 20
1.8539566931
 30
0.0
 11
2.8084566929
 21
1.8539566925
 31
0.0
  0
LINE
  5
1EFA
330
1F
100
AcDbEntity
  8
0
  6
Continuous
 62
     7
370
    25
100
AcDbLine
 10
2.7414566929
 20
1.8889566923
 30
0.0
 11
2.7414566929
 21
1.8539566925
 31
0.0
  0
LINE
  5
1EFB
330
1F
100
AcDbEntity
  8
0
  6
Continuous
 62
     7
370
    25
100
AcDbLine
 10
2.8084566929
 20
1.8889566923
 30
0.0
 11
2.7334566929
 21
1.888956693
 31
0.0
  0
LINE
  5
1EFC
330
1F
100
AcDbEntity
  8
0
  6
Continuous
 62
     7
370
    25
100
AcDbLine
 10
2.8084566929
 20
1.8889566923
 30
0.0
 11
2.8084566929
 21
1.9039566922
 31
0.0
  0
LINE
  5
1EFD
330
1F
100
AcDbEntity
  8
0
  6
Continuous
 62
     7
370
    25
100
AcDbLine
 10
2.7334566929
 20
1.9039566926
 30
0.0
 11
2.8084566929
 21
1.9039566922
 31
0.0
  0
LINE
  5
1EFE
330
1F
100
AcDbEntity
  8
0
  6
Continuous
 62
     7
370
    25
100
AcDbLine
 10
2.7414566929
 20
1.938956692
 30
0.0
 11
2.7414566929
 21
1.9039566922
 31
0.0
  0
LINE
  5
1EFF
330
1F
100
AcDbEntity
  8
0
  6
Continuous
 62
     7
370
    25
100
AcDbLine
 10
2.8084566929
 20
1.938956692
 30
0.0
 11
2.7334566929
 21
1.9389566926
 31
0.0
  0
LINE
  5
1F00
330
1F
100
AcDbEntity
  8
0
  6
Continuous
 62
     7
370
    25
100
AcDbLine
 10
2.8084566929
 20
1.938956692
 30
0.0
 11
2.8084566929
 21
1.953956692
 31
0.0
  0
LINE
  5
1F01
330
1F
100
AcDbEntity
  8
0
  6
Continuous
 62
     7
370
    25
100
AcDbLine
 10
2.7334566929
 20
1.9539566931
 30
0.0
 11
2.8084566929
 21
1.953956692
 31
0.0
  0
LINE
  5
1F02
330
1F
100
AcDbEntity
  8
0
  6
Continuous
 62
     7
370
    25
100
AcDbLine
 10
2.7414566929
 20
1.9889566939
 30
0.0
 11
2.7414566929
 21
1.953956692
 31
0.0
  0
LINE
  5
1F03
330
1F
100
AcDbEntity
  8
0
  6
Continuous
 62
     7
370
    25
100
AcDbLine
 10
2.8084566929
 20
1.9889566939
 30
0.0
 11
2.7334566929
 21
1.9889566931
 31
0.0
  0
LINE
  5
1F04
330
1F
100
AcDbEntity
  8
0
  6
Continuous
 62
     7
370
    25
100
AcDbLine
 10
2.8084566929
 20
1.9889566939
 30
0.0
 11
2.8084566929
 21
2.0039566938
 31
0.0
  0
LINE
  5
1F05
330
1F
100
AcDbEntity
  8
0
  6
Continuous
 62
     7
370
    25
100
AcDbLine
 10
2.7334566929
 20
2.0039566927
 30
0.0
 11
2.8084566929
 21
2.0039566938
 31
0.0
  0
LINE
  5
1F06
330
1F
100
AcDbEntity
  8
0
  6
Continuous
 62
     7
370
    25
100
AcDbLine
 10
2.7414566929
 20
2.0389566936
 30
0.0
 11
2.7414566929
 21
2.0039566938
 31
0.0
  0
LINE
  5
1F07
330
1F
100
AcDbEntity
  8
0
  6
Continuous
 62
     7
370
    25
100
AcDbLine
 10
2.8084566929
 20
2.0389566936
 30
0.0
 11
2.7334566929
 21
2.0389566926
 31
0.0
  0
LINE
  5
1F08
330
1F
100
AcDbEntity
  8
0
  6
Continuous
 62
     7
370
    25
100
AcDbLine
 10
2.8084566929
 20
2.0389566936
 30
0.0
 11
2.8084566929
 21
2.0539566936
 31
0.0
  0
LINE
  5
1F09
330
1F
100
AcDbEntity
  8
0
  6
Continuous
 62
     7
370
    25
100
AcDbLine
 10
2.7334566929
 20
2.0539566931
 30
0.0
 11
2.8084566929
 21
2.0539566936
 31
0.0
  0
LINE
  5
1F0A
330
1F
100
AcDbEntity
  8
0
  6
Continuous
 62
     7
370
    25
100
AcDbLine
 10
2.7414566929
 20
2.0889566934
 30
0.0
 11
2.7414566929
 21
2.0539566936
 31
0.0
  0
LINE
  5
1F0B
330
1F
100
AcDbEntity
  8
0
  6
Continuous
 62
     7
370
    25
100
AcDbLine
 10
2.8084566929
 20
2.0889566934
 30
0.0
 11
2.7334566929
 21
2.0889566931
 31
0.0
  0
LINE
  5
1F0C
330
1F
100
AcDbEntity
  8
0
  6
Continuous
 62
     7
370
    25
100
AcDbLine
 10
2.8084566929
 20
2.0889566934
 30
0.0
 11
2.8084566929
 21
2.1039566933
 31
0.0
  0
LINE
  5
1F0D
330
1F
100
AcDbEntity
  8
0
  6
Continuous
 62
     7
370
    25
100
AcDbLine
 10
2.7334566929
 20
2.1039566927
 30
0.0
 11
2.8084566929
 21
2.1039566933
 31
0.0
  0
LINE
  5
1F0E
330
1F
100
AcDbEntity
  8
0
  6
Continuous
 62
     7
370
    25
100
AcDbLine
 10
2.7414566929
 20
2.1389566931
 30
0.0
 11
2.7414566929
 21
2.1039566933
 31
0.0
  0
LINE
  5
1F0F
330
1F
100
AcDbEntity
  8
0
  6
Continuous
 62
     7
370
    25
100
AcDbLine
 10
2.8084566929
 20
2.1389566931
 30
0.0
 11
2.7334566929
 21
2.1389566927
 31
0.0
  0
LINE
  5
1F10
330
1F
100
AcDbEntity
  8
0
  6
Continuous
 62
     7
370
    25
100
AcDbLine
 10
2.8084566929
 20
2.1389566931
 30
0.0
 11
2.8084566929
 21
2.153956693
 31
0.0
  0
LINE
  5
1F11
330
1F
100
AcDbEntity
  8
0
  6
Continuous
 62
     7
370
    25
100
AcDbLine
 10
2.7334566929
 20
2.1539566932
 30
0.0
 11
2.8084566929
 21
2.153956693
 31
0.0
  0
LINE
  5
1F12
330
1F
100
AcDbEntity
  8
0
  6
Continuous
 62
     7
370
    25
100
AcDbLine
 10
2.7414566929
 20
2.1889566928
 30
0.0
 11
2.7414566929
 21
2.153956693
 31
0.0
  0
LINE
  5
1F13
330
1F
100
AcDbEntity
  8
0
  6
Continuous
 62
     7
370
    25
100
AcDbLine
 10
2.8084566929
 20
2.1889566928
 30
0.0
 11
2.7334566929
 21
2.1889566931
 31
0.0
  0
LINE
  5
1F14
330
1F
100
AcDbEntity
  8
0
  6
Continuous
 62
     7
370
    25
100
AcDbLine
 10
2.8084566929
 20
2.1889566928
 30
0.0
 11
2.8084566929
 21
2.2039566928
 31
0.0
  0
LINE
  5
1F15
330
1F
100
AcDbEntity
  8
0
  6
Continuous
 62
     7
370
    25
100
AcDbLine
 10
2.7334566929
 20
2.2039566927
 30
0.0
 11
2.8084566929
 21
2.2039566928
 31
0.0
  0
LINE
  5
1F16
330
1F
100
AcDbEntity
  8
0
  6
Continuous
 62
     7
370
    25
100
AcDbLine
 10
2.7414566929
 20
2.2389566926
 30
0.0
 11
2.7414566929
 21
2.2039566928
 31
0.0
  0
LINE
  5
1F17
330
1F
100
AcDbEntity
  8
0
  6
Continuous
 62
     7
370
    25
100
AcDbLine
 10
2.8084566929
 20
2.2389566926
 30
0.0
 11
2.7334566929
 21
2.2389566927
 31
0.0
  0
LINE
  5
1F18
330
1F
100
AcDbEntity
  8
0
  6
Continuous
 62
     7
370
    25
100
AcDbLine
 10
2.8084566929
 20
2.2389566926
 30
0.0
 11
2.8084566929
 21
2.2539566925
 31
0.0
  0
LINE
  5
1F19
330
1F
100
AcDbEntity
  8
0
  6
Continuous
 62
     7
370
    25
100
AcDbLine
 10
2.7334566929
 20
2.2539566932
 30
0.0
 11
2.8084566929
 21
2.2539566925
 31
0.0
  0
LINE
  5
1F1A
330
1F
100
AcDbEntity
  8
0
  6
Continuous
 62
     7
370
    25
100
AcDbLine
 10
2.7414566929
 20
2.2889566923
 30
0.0
 11
2.7414566929
 21
2.2539566925
 31
0.0
  0
LINE
  5
1F1B
330
1F
100
AcDbEntity
  8
0
  6
Continuous
 62
     7
370
    25
100
AcDbLine
 10
2.8084566929
 20
2.2889566923
 30
0.0
 11
2.7334566929
 21
2.2889566932
 31
0.0
  0
LINE
  5
1F1C
330
1F
100
AcDbEntity
  8
0
  6
Continuous
 62
     7
370
    25
100
AcDbLine
 10
2.8084566929
 20
2.2889566923
 30
0.0
 11
2.8084566929
 21
2.3039566922
 31
0.0
  0
LINE
  5
1F1D
330
1F
100
AcDbEntity
  8
0
  6
Continuous
 62
     7
370
    25
100
AcDbLine
 10
2.7334566929
 20
2.3039566928
 30
0.0
 11
2.8084566929
 21
2.3039566922
 31
0.0
  0
LINE
  5
1F1E
330
1F
100
AcDbEntity
  8
0
  6
Continuous
 62
     7
370
    25
100
AcDbLine
 10
2.7414566929
 20
2.338956692
 30
0.0
 11
2.7414566929
 21
2.3039566922
 31
0.0
  0
LINE
  5
1F1F
330
1F
100
AcDbEntity
  8
0
  6
Continuous
 62
     7
370
    25
100
AcDbLine
 10
2.8084566929
 20
2.338956692
 30
0.0
 11
2.7334566929
 21
2.3389566927
 31
0.0
  0
LINE
  5
1F20
330
1F
100
AcDbEntity
  8
0
  6
Continuous
 62
     7
370
    25
100
AcDbLine
 10
2.8084566929
 20
2.338956692
 30
0.0
 11
2.8084566929
 21
2.353956692
 31
0.0
  0
LINE
  5
1F21
330
1F
100
AcDbEntity
  8
0
  6
Continuous
 62
     7
370
    25
100
AcDbLine
 10
2.7334566929
 20
2.3539566932
 30
0.0
 11
2.8084566929
 21
2.353956692
 31
0.0
  0
LINE
  5
1F22
330
1F
100
AcDbEntity
  8
0
  6
Continuous
 62
     7
370
    25
100
AcDbLine
 10
2.7414566929
 20
2.3889566939
 30
0.0
 11
2.7414566929
 21
2.353956692
 31
0.0
  0
LINE
  5
1F23
330
1F
100
AcDbEntity
  8
0
  6
Continuous
 62
     7
370
    25
100
AcDbLine
 10
2.8084566929
 20
2.3889566939
 30
0.0
 11
2.7334566929
 21
2.3889566932
 31
0.0
  0
LINE
  5
1F24
330
1F
100
AcDbEntity
  8
0
  6
Continuous
 62
     7
370
    25
100
AcDbLine
 10
2.8084566929
 20
2.3889566939
 30
0.0
 11
2.8084566929
 21
2.4039566938
 31
0.0
  0
LINE
  5
1F25
330
1F
100
AcDbEntity
  8
0
  6
Continuous
 62
     7
370
    25
100
AcDbLine
 10
2.7334566929
 20
2.4039566928
 30
0.0
 11
2.8084566929
 21
2.4039566938
 31
0.0
  0
LINE
  5
1F26
330
1F
100
AcDbEntity
  8
0
  6
Continuous
 62
     7
370
    25
100
AcDbLine
 10
2.7414566929
 20
2.4389566937
 30
0.0
 11
2.7414566929
 21
2.4039566938
 31
0.0
  0
LINE
  5
1F27
330
1F
100
AcDbEntity
  8
0
  6
Continuous
 62
     7
370
    25
100
AcDbLine
 10
2.8084566929
 20
2.4389566937
 30
0.0
 11
2.7334566929
 21
2.4389566928
 31
0.0
  0
LINE
  5
1F28
330
1F
100
AcDbEntity
  8
0
  6
Continuous
 62
     7
370
    25
100
AcDbLine
 10
2.8084566929
 20
2.4389566937
 30
0.0
 11
2.8084566929
 21
2.4539566936
 31
0.0
  0
LINE
  5
1F29
330
1F
100
AcDbEntity
  8
0
  6
Continuous
 62
     7
370
    25
100
AcDbLine
 10
2.7334566929
 20
2.4539566932
 30
0.0
 11
2.8084566929
 21
2.4539566936
 31
0.0
  0
LINE
  5
1F2A
330
1F
100
AcDbEntity
  8
0
  6
Continuous
 62
     7
370
    25
100
AcDbLine
 10
2.7414566929
 20
2.4889566934
 30
0.0
 11
2.7414566929
 21
2.4539566936
 31
0.0
  0
LINE
  5
1F2B
330
1F
100
AcDbEntity
  8
0
  6
Continuous
 62
     7
370
    25
100
AcDbLine
 10
2.8084566929
 20
2.4889566934
 30
0.0
 11
2.7334566929
 21
2.4889566932
 31
0.0
  0
LINE
  5
1F2C
330
1F
100
AcDbEntity
  8
0
  6
Continuous
 62
     7
370
    25
100
AcDbLine
 10
2.8084566929
 20
2.4889566934
 30
0.0
 11
2.8084566929
 21
2.5039566933
 31
0.0
  0
LINE
  5
1F2D
330
1F
100
AcDbEntity
  8
0
  6
Continuous
 62
     7
370
    25
100
AcDbLine
 10
2.7334566929
 20
2.5039566928
 30
0.0
 11
2.8084566929
 21
2.5039566933
 31
0.0
  0
LINE
  5
1F2E
330
1F
100
AcDbEntity
  8
0
  6
Continuous
 62
     7
370
    25
100
AcDbLine
 10
2.7414566929
 20
2.5389566931
 30
0.0
 11
2.7414566929
 21
2.5039566933
 31
0.0
  0
LINE
  5
1F2F
330
1F
100
AcDbEntity
  8
0
  6
Continuous
 62
     7
370
    25
100
AcDbLine
 10
2.8084566929
 20
2.5389566931
 30
0.0
 11
2.7334566929
 21
2.5389566928
 31
0.0
  0
LINE
  5
1F30
330
1F
100
AcDbEntity
  8
0
  6
Continuous
 62
     7
370
    25
100
AcDbLine
 10
2.8084566929
 20
2.5389566931
 30
0.0
 11
2.8084566929
 21
2.553956693
 31
0.0
  0
LINE
  5
1F31
330
1F
100
AcDbEntity
  8
0
  6
Continuous
 62
     7
370
    25
100
AcDbLine
 10
2.7334566929
 20
2.5539566933
 30
0.0
 11
2.8084566929
 21
2.553956693
 31
0.0
  0
LINE
  5
1F32
330
1F
100
AcDbEntity
  8
0
  6
Continuous
 62
     7
370
    25
100
AcDbLine
 10
2.7414566929
 20
2.5889566929
 30
0.0
 11
2.7414566929
 21
2.553956693
 31
0.0
  0
LINE
  5
1F33
330
1F
100
AcDbEntity
  8
0
  6
Continuous
 62
     7
370
    25
100
AcDbLine
 10
2.8084566929
 20
2.5889566929
 30
0.0
 11
2.7334566929
 21
2.5889566932
 31
0.0
  0
LINE
  5
1F34
330
1F
100
AcDbEntity
  8
0
  6
Continuous
 62
     7
370
    25
100
AcDbLine
 10
2.8084566929
 20
2.5889566929
 30
0.0
 11
2.8084566929
 21
2.6039566928
 31
0.0
  0
LINE
  5
1F35
330
1F
100
AcDbEntity
  8
0
  6
Continuous
 62
     7
370
    25
100
AcDbLine
 10
2.7334566929
 20
2.6039566929
 30
0.0
 11
2.8084566929
 21
2.6039566928
 31
0.0
  0
LINE
  5
1F36
330
1F
100
AcDbEntity
  8
0
  6
Continuous
 62
     7
370
    25
100
AcDbLine
 10
2.7414566929
 20
2.6389566926
 30
0.0
 11
2.7414566929
 21
2.6039566928
 31
0.0
  0
LINE
  5
1F37
330
1F
100
AcDbEntity
  8
0
  6
Continuous
 62
     7
370
    25
100
AcDbLine
 10
2.8084566929
 20
2.6389566926
 30
0.0
 11
2.7334566929
 21
2.6389566928
 31
0.0
  0
LINE
  5
1F38
330
1F
100
AcDbEntity
  8
0
  6
Continuous
 62
     7
370
    25
100
AcDbLine
 10
2.8084566929
 20
2.6389566926
 30
0.0
 11
2.8084566929
 21
2.6539566925
 31
0.0
  0
LINE
  5
1F39
330
1F
100
AcDbEntity
  8
0
  6
Continuous
 62
     7
370
    25
100
AcDbLine
 10
2.7334566929
 20
2.6539566933
 30
0.0
 11
2.8084566929
 21
2.6539566925
 31
0.0
  0
LINE
  5
1F3A
330
1F
100
AcDbEntity
  8
0
  6
Continuous
 62
     7
370
    25
100
AcDbLine
 10
2.7414566929
 20
2.6889566923
 30
0.0
 11
2.7414566929
 21
2.6539566925
 31
0.0
  0
LINE
  5
1F3B
330
1F
100
AcDbEntity
  8
0
  6
Continuous
 62
     7
370
    25
100
AcDbLine
 10
2.8084566929
 20
2.6889566923
 30
0.0
 11
2.7334566929
 21
2.6889566933
 31
0.0
  0
LINE
  5
1F3C
330
1F
100
AcDbEntity
  8
0
  6
Continuous
 62
     7
370
    25
100
AcDbLine
 10
2.8084566929
 20
2.6889566923
 30
0.0
 11
2.8084566929
 21
2.7039566922
 31
0.0
  0
LINE
  5
1F3D
330
1F
100
AcDbEntity
  8
0
  6
Continuous
 62
     7
370
    25
100
AcDbLine
 10
2.7334566929
 20
2.7039566929
 30
0.0
 11
2.8084566929
 21
2.7039566922
 31
0.0
  0
LINE
  5
1F3E
330
1F
100
AcDbEntity
  8
0
  6
Continuous
 62
     7
370
    25
100
AcDbLine
 10
2.7414566929
 20
2.7389566921
 30
0.0
 11
2.7414566929
 21
2.7039566922
 31
0.0
  0
LINE
  5
1F3F
330
1F
100
AcDbEntity
  8
0
  6
Continuous
 62
     7
370
    25
100
AcDbLine
 10
2.8084566929
 20
2.7389566921
 30
0.0
 11
2.7334566929
 21
2.7389566929
 31
0.0
  0
LINE
  5
1F40
330
1F
100
AcDbEntity
  8
0
  6
Continuous
 62
     7
370
    25
100
AcDbLine
 10
2.8084566929
 20
2.7389566921
 30
0.0
 11
2.8084566929
 21
2.753956692
 31
0.0
  0
LINE
  5
1F41
330
1F
100
AcDbEntity
  8
0
  6
Continuous
 62
     7
370
    25
100
AcDbLine
 10
2.7334566929
 20
2.7539566933
 30
0.0
 11
2.8084566929
 21
2.753956692
 31
0.0
  0
LINE
  5
1F42
330
1F
100
AcDbEntity
  8
0
  6
Continuous
 62
     7
370
    25
100
AcDbLine
 10
2.7414566929
 20
2.7889566939
 30
0.0
 11
2.7414566929
 21
2.753956692
 31
0.0
  0
LINE
  5
1F43
330
1F
100
AcDbEntity
  8
0
  6
Continuous
 62
     7
370
    25
100
AcDbLine
 10
2.8084566929
 20
2.7889566939
 30
0.0
 11
2.7334566929
 21
2.7889566933
 31
0.0
  0
LINE
  5
1F44
330
1F
100
AcDbEntity
  8
0
  6
Continuous
 62
     7
370
    25
100
AcDbLine
 10
2.8084566929
 20
2.7889566939
 30
0.0
 11
2.8084566929
 21
2.8039566939
 31
0.0
  0
LINE
  5
1F45
330
1F
100
AcDbEntity
  8
0
  6
Continuous
 62
     7
370
    25
100
AcDbLine
 10
2.7334566929
 20
2.8039566929
 30
0.0
 11
2.8084566929
 21
2.8039566939
 31
0.0
  0
LINE
  5
1F46
330
1F
100
AcDbEntity
  8
0
  6
Continuous
 62
     7
370
    25
100
AcDbLine
 10
2.7414566929
 20
2.8714566935
 30
0.0
 11
2.7414566929
 21
2.8039566939
 31
0.0
  0
LINE
  5
1F47
330
1F
100
AcDbEntity
  8
0
  6
Continuous
 62
     7
370
    25
100
AcDbLine
 10
2.8019566929
 20
2.8714566929
 30
0.0
 11
2.6009566929
 21
2.8714566929
 31
0.0
  0
LINE
  5
1F48
330
1F
100
AcDbEntity
  8
0
  6
Continuous
 62
     7
370
    25
100
AcDbLine
 10
2.5764566929
 20
0.6864566929
 30
0.0
 11
2.5564566929
 21
0.6864566929
 31
0.0
  0
LINE
  5
1F49
330
1F
100
AcDbEntity
  8
0
  6
Continuous
 62
     7
370
    25
100
AcDbLine
 10
2.8464566929
 20
0.7564566929
 30
0.0
 11
2.8264566929
 21
0.7564566929
 31
0.0
  0
LINE
  5
1F4A
330
1F
100
AcDbEntity
  8
0
  6
Continuous
 62
     7
370
    25
100
AcDbLine
 10
2.8464566929
 20
0.6864566929
 30
0.0
 11
2.8264566929
 21
0.6864566929
 31
0.0
  0
LINE
  5
1F4B
330
1F
100
AcDbEntity
  8
0
  6
Continuous
 62
     7
370
    25
100
AcDbLine
 10
2.5764566929
 20
3.1414699339
 30
0.0
 11
2.5564566929
 21
3.1414699339
 31
0.0
  0
LINE
  5
1F4C
330
1F
100
AcDbEntity
  8
0
  6
Continuous
 62
     7
370
    25
100
AcDbLine
 10
2.5564566929
 20
3.1414699341
 30
0.0
 11
2.5564566929
 21
3.1964566929
 31
0.0
  0
LINE
  5
1F4D
330
1F
100
AcDbEntity
  8
0
  6
Continuous
 62
     7
370
    25
100
AcDbLine
 10
2.8464566929
 20
3.1964566929
 30
0.0
 11
2.8464566929
 21
3.1414699339
 31
0.0
  0
LINE
  5
1F4E
330
1F
100
AcDbEntity
  8
0
  6
Continuous
 62
     7
370
    25
100
AcDbLine
 10
2.8264566929
 20
3.1414699339
 30
0.0
 11
2.8464566929
 21
3.1414699339
 31
0.0
  0
LINE
  5
1F4F
330
1F
100
AcDbEntity
  8
0
  6
Continuous
 62
     7
370
    25
100
AcDbLine
 10
2.8464566929
 20
-2.3035433071
 30
0.0
 11
2.8264566929
 21
-2.3035433071
 31
0.0
  0
LINE
  5
1F50
330
1F
100
AcDbEntity
  8
0
  6
Continuous
 62
     7
370
    25
100
AcDbLine
 10
2.8464566929
 20
-2.3035433071
 30
0.0
 11
2.8464566929
 21
-2.3535433071
 31
0.0
  0
LINE
  5
1F51
330
1F
100
AcDbEntity
  8
0
  6
Continuous
 62
     7
370
    25
100
AcDbLine
 10
2.5564566929
 20
-2.3535433071
 30
0.0
 11
2.5564566929
 21
-2.3035433071
 31
0.0
  0
LINE
  5
1F52
330
1F
100
AcDbEntity
  8
0
  6
Continuous
 62
     7
370
    25
100
AcDbLine
 10
2.5764566929
 20
-2.3035433071
 30
0.0
 11
2.5564566929
 21
-2.3035433071
 31
0.0
  0
LINE
  5
1F53
330
1F
100
AcDbEntity
  8
0
  6
Continuous
 62
     7
370
    25
100
AcDbLine
 10
2.7414566929
 20
0.7134566929
 30
0.0
 11
2.6614566929
 21
0.7134566929
 31
0.0
  0
LINE
  5
1F54
330
1F
100
AcDbEntity
  8
0
  6
Continuous
 62
     7
370
    25
100
AcDbLine
 10
2.6614566929
 20
0.6514566929
 30
0.0
 11
2.7414566929
 21
0.6514566929
 31
0.0
  0
LINE
  5
1F55
330
1F
100
AcDbEntity
  8
0
  6
Continuous
 62
     7
370
    25
100
AcDbLine
 10
2.6694566929
 20
0.6039566929
 30
0.0
 11
2.6694566929
 21
0.5889566929
 31
0.0
  0
LINE
  5
1F56
330
1F
100
AcDbEntity
  8
0
  6
Continuous
 62
     7
370
    25
100
AcDbLine
 10
2.7334566929
 20
0.5889566929
 30
0.0
 11
2.7334566929
 21
0.6039566929
 31
0.0
  0
LINE
  5
1F57
330
1F
100
AcDbEntity
  8
0
  6
Continuous
 62
     7
370
    25
100
AcDbLine
 10
2.7334566929
 20
0.5389566928
 30
0.0
 11
2.7334566929
 21
0.5539566929
 31
0.0
  0
LINE
  5
1F58
330
1F
100
AcDbEntity
  8
0
  6
Continuous
 62
     7
370
    25
100
AcDbLine
 10
2.7334566929
 20
0.4889566933
 30
0.0
 11
2.7334566929
 21
0.5039566934
 31
0.0
  0
LINE
  5
1F59
330
1F
100
AcDbEntity
  8
0
  6
Continuous
 62
     7
370
    25
100
AcDbLine
 10
2.7334566929
 20
0.4389566927
 30
0.0
 11
2.7334566929
 21
0.4539566928
 31
0.0
  0
LINE
  5
1F5A
330
1F
100
AcDbEntity
  8
0
  6
Continuous
 62
     7
370
    25
100
AcDbLine
 10
2.7334566929
 20
0.3889566931
 30
0.0
 11
2.7334566929
 21
0.4039566932
 31
0.0
  0
LINE
  5
1F5B
330
1F
100
AcDbEntity
  8
0
  6
Continuous
 62
     7
370
    25
100
AcDbLine
 10
2.7334566929
 20
0.3389566925
 30
0.0
 11
2.7334566929
 21
0.3539566926
 31
0.0
  0
LINE
  5
1F5C
330
1F
100
AcDbEntity
  8
0
  6
Continuous
 62
     7
370
    25
100
AcDbLine
 10
2.7334566929
 20
0.2889566929
 30
0.0
 11
2.7334566929
 21
0.303956693
 31
0.0
  0
LINE
  5
1F5D
330
1F
100
AcDbEntity
  8
0
  6
Continuous
 62
     7
370
    25
100
AcDbLine
 10
2.7334566929
 20
0.2389566934
 30
0.0
 11
2.7334566929
 21
0.2539566924
 31
0.0
  0
LINE
  5
1F5E
330
1F
100
AcDbEntity
  8
0
  6
Continuous
 62
     7
370
    25
100
AcDbLine
 10
2.7334566929
 20
0.1889566928
 30
0.0
 11
2.7334566929
 21
0.2039566928
 31
0.0
  0
LINE
  5
1F5F
330
1F
100
AcDbEntity
  8
0
  6
Continuous
 62
     7
370
    25
100
AcDbLine
 10
2.7334566929
 20
0.1389566932
 30
0.0
 11
2.7334566929
 21
0.1539566933
 31
0.0
  0
LINE
  5
1F60
330
1F
100
AcDbEntity
  8
0
  6
Continuous
 62
     7
370
    25
100
AcDbLine
 10
2.7334566929
 20
0.0889566926
 30
0.0
 11
2.7334566929
 21
0.1039566927
 31
0.0
  0
LINE
  5
1F61
330
1F
100
AcDbEntity
  8
0
  6
Continuous
 62
     7
370
    25
100
AcDbLine
 10
2.7334566929
 20
0.038956693
 30
0.0
 11
2.7334566929
 21
0.0539566931
 31
0.0
  0
LINE
  5
1F62
330
1F
100
AcDbEntity
  8
0
  6
Continuous
 62
     7
370
    25
100
AcDbLine
 10
2.7334566929
 20
-0.0110433076
 30
0.0
 11
2.7334566929
 21
0.0039566925
 31
0.0
  0
LINE
  5
1F63
330
1F
100
AcDbEntity
  8
0
  6
Continuous
 62
     7
370
    25
100
AcDbLine
 10
2.7334566929
 20
-0.0610433071
 30
0.0
 11
2.7334566929
 21
-0.0460433071
 31
0.0
  0
LINE
  5
1F64
330
1F
100
AcDbEntity
  8
0
  6
Continuous
 62
     7
370
    25
100
AcDbLine
 10
2.7334566929
 20
-0.1110433067
 30
0.0
 11
2.7334566929
 21
-0.0960433066
 31
0.0
  0
LINE
  5
1F65
330
1F
100
AcDbEntity
  8
0
  6
Continuous
 62
     7
370
    25
100
AcDbLine
 10
2.7334566929
 20
-0.1610433073
 30
0.0
 11
2.7334566929
 21
-0.1460433072
 31
0.0
  0
LINE
  5
1F66
330
1F
100
AcDbEntity
  8
0
  6
Continuous
 62
     7
370
    25
100
AcDbLine
 10
2.7334566929
 20
-0.2110433069
 30
0.0
 11
2.7334566929
 21
-0.1960433068
 31
0.0
  0
LINE
  5
1F67
330
1F
100
AcDbEntity
  8
0
  6
Continuous
 62
     7
370
    25
100
AcDbLine
 10
2.7334566929
 20
-0.2610433075
 30
0.0
 11
2.7334566929
 21
-0.2460433074
 31
0.0
  0
LINE
  5
1F68
330
1F
100
AcDbEntity
  8
0
  6
Continuous
 62
     7
370
    25
100
AcDbLine
 10
2.7334566929
 20
-0.311043307
 30
0.0
 11
2.7334566929
 21
-0.296043307
 31
0.0
  0
LINE
  5
1F69
330
1F
100
AcDbEntity
  8
0
  6
Continuous
 62
     7
370
    25
100
AcDbLine
 10
2.7334566929
 20
-0.3610433066
 30
0.0
 11
2.7334566929
 21
-0.3460433076
 31
0.0
  0
LINE
  5
1F6A
330
1F
100
AcDbEntity
  8
0
  6
Continuous
 62
     7
370
    25
100
AcDbLine
 10
2.7334566929
 20
-0.4110433072
 30
0.0
 11
2.7334566929
 21
-0.3960433071
 31
0.0
  0
LINE
  5
1F6B
330
1F
100
AcDbEntity
  8
0
  6
Continuous
 62
     7
370
    25
100
AcDbLine
 10
2.7334566929
 20
-0.4610433068
 30
0.0
 11
2.7334566929
 21
-0.4460433067
 31
0.0
  0
LINE
  5
1F6C
330
1F
100
AcDbEntity
  8
0
  6
Continuous
 62
     7
370
    25
100
AcDbLine
 10
2.7334566929
 20
-0.5110433074
 30
0.0
 11
2.7334566929
 21
-0.4960433073
 31
0.0
  0
LINE
  5
1F6D
330
1F
100
AcDbEntity
  8
0
  6
Continuous
 62
     7
370
    25
100
AcDbLine
 10
2.7334566929
 20
-0.5610433069
 30
0.0
 11
2.7334566929
 21
-0.5460433069
 31
0.0
  0
LINE
  5
1F6E
330
1F
100
AcDbEntity
  8
0
  6
Continuous
 62
     7
370
    25
100
AcDbLine
 10
2.7334566929
 20
-0.6110433076
 30
0.0
 11
2.7334566929
 21
-0.5960433075
 31
0.0
  0
LINE
  5
1F6F
330
1F
100
AcDbEntity
  8
0
  6
Continuous
 62
     7
370
    25
100
AcDbLine
 10
2.7334566929
 20
-0.6610433071
 30
0.0
 11
2.7334566929
 21
-0.646043307
 31
0.0
  0
LINE
  5
1F70
330
1F
100
AcDbEntity
  8
0
  6
Continuous
 62
     7
370
    25
100
AcDbLine
 10
2.7334566929
 20
-0.7110433067
 30
0.0
 11
2.7334566929
 21
-0.6960433066
 31
0.0
  0
LINE
  5
1F71
330
1F
100
AcDbEntity
  8
0
  6
Continuous
 62
     7
370
    25
100
AcDbLine
 10
2.7334566929
 20
-0.7610433073
 30
0.0
 11
2.7334566929
 21
-0.7460433072
 31
0.0
  0
LINE
  5
1F72
330
1F
100
AcDbEntity
  8
0
  6
Continuous
 62
     7
370
    25
100
AcDbLine
 10
2.7334566929
 20
-0.8110433068
 30
0.0
 11
2.7334566929
 21
-0.7960433068
 31
0.0
  0
LINE
  5
1F73
330
1F
100
AcDbEntity
  8
0
  6
Continuous
 62
     7
370
    25
100
AcDbLine
 10
2.7334566929
 20
-0.8610433075
 30
0.0
 11
2.7334566929
 21
-0.8460433074
 31
0.0
  0
LINE
  5
1F74
330
1F
100
AcDbEntity
  8
0
  6
Continuous
 62
     7
370
    25
100
AcDbLine
 10
2.7334566929
 20
-0.911043307
 30
0.0
 11
2.7334566929
 21
-0.8960433069
 31
0.0
  0
LINE
  5
1F75
330
1F
100
AcDbEntity
  8
0
  6
Continuous
 62
     7
370
    25
100
AcDbLine
 10
2.7334566929
 20
-0.9610433066
 30
0.0
 11
2.7334566929
 21
-0.9460433076
 31
0.0
  0
LINE
  5
1F76
330
1F
100
AcDbEntity
  8
0
  6
Continuous
 62
     7
370
    25
100
AcDbLine
 10
2.7334566929
 20
-1.0110433072
 30
0.0
 11
2.7334566929
 21
-0.9960433071
 31
0.0
  0
LINE
  5
1F77
330
1F
100
AcDbEntity
  8
0
  6
Continuous
 62
     7
370
    25
100
AcDbLine
 10
2.7334566929
 20
-1.0610433068
 30
0.0
 11
2.7334566929
 21
-1.0460433067
 31
0.0
  0
LINE
  5
1F78
330
1F
100
AcDbEntity
  8
0
  6
Continuous
 62
     7
370
    25
100
AcDbLine
 10
2.7334566929
 20
-1.1110433074
 30
0.0
 11
2.7334566929
 21
-1.0960433073
 31
0.0
  0
LINE
  5
1F79
330
1F
100
AcDbEntity
  8
0
  6
Continuous
 62
     7
370
    25
100
AcDbLine
 10
2.7334566929
 20
-1.1610433069
 30
0.0
 11
2.7334566929
 21
-1.1460433068
 31
0.0
  0
LINE
  5
1F7A
330
1F
100
AcDbEntity
  8
0
  6
Continuous
 62
     7
370
    25
100
AcDbLine
 10
2.7334566929
 20
-1.2110433076
 30
0.0
 11
2.7334566929
 21
-1.1960433075
 31
0.0
  0
LINE
  5
1F7B
330
1F
100
AcDbEntity
  8
0
  6
Continuous
 62
     7
370
    25
100
AcDbLine
 10
2.7334566929
 20
-1.2610433071
 30
0.0
 11
2.7334566929
 21
-1.246043307
 31
0.0
  0
LINE
  5
1F7C
330
1F
100
AcDbEntity
  8
0
  6
Continuous
 62
     7
370
    25
100
AcDbLine
 10
2.7334566929
 20
-1.3110433067
 30
0.0
 11
2.7334566929
 21
-1.2960433066
 31
0.0
  0
LINE
  5
1F7D
330
1F
100
AcDbEntity
  8
0
  6
Continuous
 62
     7
370
    25
100
AcDbLine
 10
2.7334566929
 20
-1.3610433073
 30
0.0
 11
2.7334566929
 21
-1.3460433072
 31
0.0
  0
LINE
  5
1F7E
330
1F
100
AcDbEntity
  8
0
  6
Continuous
 62
     7
370
    25
100
AcDbLine
 10
2.7334566929
 20
-1.4110433068
 30
0.0
 11
2.7334566929
 21
-1.3960433068
 31
0.0
  0
LINE
  5
1F7F
330
1F
100
AcDbEntity
  8
0
  6
Continuous
 62
     7
370
    25
100
AcDbLine
 10
2.7334566929
 20
-1.4610433075
 30
0.0
 11
2.7334566929
 21
-1.4460433074
 31
0.0
  0
LINE
  5
1F80
330
1F
100
AcDbEntity
  8
0
  6
Continuous
 62
     7
370
    25
100
AcDbLine
 10
2.7334566929
 20
-1.511043307
 30
0.0
 11
2.7334566929
 21
-1.4960433069
 31
0.0
  0
LINE
  5
1F81
330
1F
100
AcDbEntity
  8
0
  6
Continuous
 62
     7
370
    25
100
AcDbLine
 10
2.7334566929
 20
-1.5610433066
 30
0.0
 11
2.7334566929
 21
-1.5460433076
 31
0.0
  0
LINE
  5
1F82
330
1F
100
AcDbEntity
  8
0
  6
Continuous
 62
     7
370
    25
100
AcDbLine
 10
2.7334566929
 20
-1.6110433072
 30
0.0
 11
2.7334566929
 21
-1.5960433071
 31
0.0
  0
LINE
  5
1F83
330
1F
100
AcDbEntity
  8
0
  6
Continuous
 62
     7
370
    25
100
AcDbLine
 10
2.7334566929
 20
-1.6610433067
 30
0.0
 11
2.7334566929
 21
-1.6460433067
 31
0.0
  0
LINE
  5
1F84
330
1F
100
AcDbEntity
  8
0
  6
Continuous
 62
     7
370
    25
100
AcDbLine
 10
2.7334566929
 20
-1.7110433074
 30
0.0
 11
2.7334566929
 21
-1.6960433073
 31
0.0
  0
LINE
  5
1F85
330
1F
100
AcDbEntity
  8
0
  6
Continuous
 62
     7
370
    25
100
AcDbLine
 10
2.7334566929
 20
-1.7610433069
 30
0.0
 11
2.7334566929
 21
-1.7460433068
 31
0.0
  0
LINE
  5
1F86
330
1F
100
AcDbEntity
  8
0
  6
Continuous
 62
     7
370
    25
100
AcDbLine
 10
2.7334566929
 20
-1.8110433075
 30
0.0
 11
2.7334566929
 21
-1.7960433075
 31
0.0
  0
LINE
  5
1F87
330
1F
100
AcDbEntity
  8
0
  6
Continuous
 62
     7
370
    25
100
AcDbLine
 10
2.7334566929
 20
-1.8610433071
 30
0.0
 11
2.7334566929
 21
-1.846043307
 31
0.0
  0
LINE
  5
1F88
330
1F
100
AcDbEntity
  8
0
  6
Continuous
 62
     7
370
    25
100
AcDbLine
 10
2.7334566929
 20
-1.9110433066
 30
0.0
 11
2.7334566929
 21
-1.8960433066
 31
0.0
  0
LINE
  5
1F89
330
1F
100
AcDbEntity
  8
0
  6
Continuous
 62
     7
370
    25
100
AcDbLine
 10
2.7334566929
 20
-1.9610433073
 30
0.0
 11
2.7334566929
 21
-1.9460433072
 31
0.0
  0
LINE
  5
1F8A
330
1F
100
AcDbEntity
  8
0
  6
Continuous
 62
     7
370
    25
100
AcDbLine
 10
2.6694566929
 20
-1.9460433072
 30
0.0
 11
2.6694566929
 21
-1.9610433073
 31
0.0
  0
LINE
  5
1F8B
330
1F
100
AcDbEntity
  8
0
  6
Continuous
 62
     7
370
    25
100
AcDbLine
 10
2.6694566929
 20
-1.8960433066
 30
0.0
 11
2.6694566929
 21
-1.9110433066
 31
0.0
  0
LINE
  5
1F8C
330
1F
100
AcDbEntity
  8
0
  6
Continuous
 62
     7
370
    25
100
AcDbLine
 10
2.6694566929
 20
-1.846043307
 30
0.0
 11
2.6694566929
 21
-1.8610433071
 31
0.0
  0
LINE
  5
1F8D
330
1F
100
AcDbEntity
  8
0
  6
Continuous
 62
     7
370
    25
100
AcDbLine
 10
2.6694566929
 20
-1.7960433075
 30
0.0
 11
2.6694566929
 21
-1.8110433075
 31
0.0
  0
LINE
  5
1F8E
330
1F
100
AcDbEntity
  8
0
  6
Continuous
 62
     7
370
    25
100
AcDbLine
 10
2.6694566929
 20
-1.7460433068
 30
0.0
 11
2.6694566929
 21
-1.7610433069
 31
0.0
  0
LINE
  5
1F8F
330
1F
100
AcDbEntity
  8
0
  6
Continuous
 62
     7
370
    25
100
AcDbLine
 10
2.6694566929
 20
-1.6960433073
 30
0.0
 11
2.6694566929
 21
-1.7110433074
 31
0.0
  0
LINE
  5
1F90
330
1F
100
AcDbEntity
  8
0
  6
Continuous
 62
     7
370
    25
100
AcDbLine
 10
2.6694566929
 20
-1.6460433067
 30
0.0
 11
2.6694566929
 21
-1.6610433067
 31
0.0
  0
LINE
  5
1F91
330
1F
100
AcDbEntity
  8
0
  6
Continuous
 62
     7
370
    25
100
AcDbLine
 10
2.6694566929
 20
-1.5960433071
 30
0.0
 11
2.6694566929
 21
-1.6110433072
 31
0.0
  0
LINE
  5
1F92
330
1F
100
AcDbEntity
  8
0
  6
Continuous
 62
     7
370
    25
100
AcDbLine
 10
2.6694566929
 20
-1.5460433076
 30
0.0
 11
2.6694566929
 21
-1.5610433066
 31
0.0
  0
LINE
  5
1F93
330
1F
100
AcDbEntity
  8
0
  6
Continuous
 62
     7
370
    25
100
AcDbLine
 10
2.6694566929
 20
-1.4960433069
 30
0.0
 11
2.6694566929
 21
-1.511043307
 31
0.0
  0
LINE
  5
1F94
330
1F
100
AcDbEntity
  8
0
  6
Continuous
 62
     7
370
    25
100
AcDbLine
 10
2.6694566929
 20
-1.4460433074
 30
0.0
 11
2.6694566929
 21
-1.4610433075
 31
0.0
  0
LINE
  5
1F95
330
1F
100
AcDbEntity
  8
0
  6
Continuous
 62
     7
370
    25
100
AcDbLine
 10
2.6694566929
 20
-1.3960433068
 30
0.0
 11
2.6694566929
 21
-1.4110433068
 31
0.0
  0
LINE
  5
1F96
330
1F
100
AcDbEntity
  8
0
  6
Continuous
 62
     7
370
    25
100
AcDbLine
 10
2.6694566929
 20
-1.3460433072
 30
0.0
 11
2.6694566929
 21
-1.3610433073
 31
0.0
  0
LINE
  5
1F97
330
1F
100
AcDbEntity
  8
0
  6
Continuous
 62
     7
370
    25
100
AcDbLine
 10
2.6694566929
 20
-1.2960433066
 30
0.0
 11
2.6694566929
 21
-1.3110433067
 31
0.0
  0
LINE
  5
1F98
330
1F
100
AcDbEntity
  8
0
  6
Continuous
 62
     7
370
    25
100
AcDbLine
 10
2.6694566929
 20
-1.246043307
 30
0.0
 11
2.6694566929
 21
-1.2610433071
 31
0.0
  0
LINE
  5
1F99
330
1F
100
AcDbEntity
  8
0
  6
Continuous
 62
     7
370
    25
100
AcDbLine
 10
2.6694566929
 20
-1.1960433075
 30
0.0
 11
2.6694566929
 21
-1.2110433076
 31
0.0
  0
LINE
  5
1F9A
330
1F
100
AcDbEntity
  8
0
  6
Continuous
 62
     7
370
    25
100
AcDbLine
 10
2.6694566929
 20
-1.1460433068
 30
0.0
 11
2.6694566929
 21
-1.1610433069
 31
0.0
  0
LINE
  5
1F9B
330
1F
100
AcDbEntity
  8
0
  6
Continuous
 62
     7
370
    25
100
AcDbLine
 10
2.6694566929
 20
-1.0960433073
 30
0.0
 11
2.6694566929
 21
-1.1110433074
 31
0.0
  0
LINE
  5
1F9C
330
1F
100
AcDbEntity
  8
0
  6
Continuous
 62
     7
370
    25
100
AcDbLine
 10
2.6694566929
 20
-1.0460433067
 30
0.0
 11
2.6694566929
 21
-1.0610433068
 31
0.0
  0
LINE
  5
1F9D
330
1F
100
AcDbEntity
  8
0
  6
Continuous
 62
     7
370
    25
100
AcDbLine
 10
2.6694566929
 20
-0.9960433071
 30
0.0
 11
2.6694566929
 21
-1.0110433072
 31
0.0
  0
LINE
  5
1F9E
330
1F
100
AcDbEntity
  8
0
  6
Continuous
 62
     7
370
    25
100
AcDbLine
 10
2.6694566929
 20
-0.9460433076
 30
0.0
 11
2.6694566929
 21
-0.9610433066
 31
0.0
  0
LINE
  5
1F9F
330
1F
100
AcDbEntity
  8
0
  6
Continuous
 62
     7
370
    25
100
AcDbLine
 10
2.6694566929
 20
-0.8960433069
 30
0.0
 11
2.6694566929
 21
-0.911043307
 31
0.0
  0
LINE
  5
1FA0
330
1F
100
AcDbEntity
  8
0
  6
Continuous
 62
     7
370
    25
100
AcDbLine
 10
2.6694566929
 20
-0.8460433074
 30
0.0
 11
2.6694566929
 21
-0.8610433075
 31
0.0
  0
LINE
  5
1FA1
330
1F
100
AcDbEntity
  8
0
  6
Continuous
 62
     7
370
    25
100
AcDbLine
 10
2.6694566929
 20
-0.7960433068
 30
0.0
 11
2.6694566929
 21
-0.8110433068
 31
0.0
  0
LINE
  5
1FA2
330
1F
100
AcDbEntity
  8
0
  6
Continuous
 62
     7
370
    25
100
AcDbLine
 10
2.6694566929
 20
-0.7460433072
 30
0.0
 11
2.6694566929
 21
-0.7610433073
 31
0.0
  0
LINE
  5
1FA3
330
1F
100
AcDbEntity
  8
0
  6
Continuous
 62
     7
370
    25
100
AcDbLine
 10
2.6694566929
 20
-0.6960433066
 30
0.0
 11
2.6694566929
 21
-0.7110433067
 31
0.0
  0
LINE
  5
1FA4
330
1F
100
AcDbEntity
  8
0
  6
Continuous
 62
     7
370
    25
100
AcDbLine
 10
2.6694566929
 20
-0.646043307
 30
0.0
 11
2.6694566929
 21
-0.6610433071
 31
0.0
  0
LINE
  5
1FA5
330
1F
100
AcDbEntity
  8
0
  6
Continuous
 62
     7
370
    25
100
AcDbLine
 10
2.6694566929
 20
-0.5960433075
 30
0.0
 11
2.6694566929
 21
-0.6110433076
 31
0.0
  0
LINE
  5
1FA6
330
1F
100
AcDbEntity
  8
0
  6
Continuous
 62
     7
370
    25
100
AcDbLine
 10
2.6694566929
 20
-0.5460433069
 30
0.0
 11
2.6694566929
 21
-0.5610433069
 31
0.0
  0
LINE
  5
1FA7
330
1F
100
AcDbEntity
  8
0
  6
Continuous
 62
     7
370
    25
100
AcDbLine
 10
2.6694566929
 20
-0.4960433073
 30
0.0
 11
2.6694566929
 21
-0.5110433074
 31
0.0
  0
LINE
  5
1FA8
330
1F
100
AcDbEntity
  8
0
  6
Continuous
 62
     7
370
    25
100
AcDbLine
 10
2.6694566929
 20
-0.4460433067
 30
0.0
 11
2.6694566929
 21
-0.4610433068
 31
0.0
  0
LINE
  5
1FA9
330
1F
100
AcDbEntity
  8
0
  6
Continuous
 62
     7
370
    25
100
AcDbLine
 10
2.6694566929
 20
-0.3960433071
 30
0.0
 11
2.6694566929
 21
-0.4110433072
 31
0.0
  0
LINE
  5
1FAA
330
1F
100
AcDbEntity
  8
0
  6
Continuous
 62
     7
370
    25
100
AcDbLine
 10
2.6694566929
 20
-0.3460433076
 30
0.0
 11
2.6694566929
 21
-0.3610433066
 31
0.0
  0
LINE
  5
1FAB
330
1F
100
AcDbEntity
  8
0
  6
Continuous
 62
     7
370
    25
100
AcDbLine
 10
2.6694566929
 20
-0.296043307
 30
0.0
 11
2.6694566929
 21
-0.311043307
 31
0.0
  0
LINE
  5
1FAC
330
1F
100
AcDbEntity
  8
0
  6
Continuous
 62
     7
370
    25
100
AcDbLine
 10
2.6694566929
 20
-0.2460433074
 30
0.0
 11
2.6694566929
 21
-0.2610433075
 31
0.0
  0
LINE
  5
1FAD
330
1F
100
AcDbEntity
  8
0
  6
Continuous
 62
     7
370
    25
100
AcDbLine
 10
2.6694566929
 20
-0.1960433068
 30
0.0
 11
2.6694566929
 21
-0.2110433069
 31
0.0
  0
LINE
  5
1FAE
330
1F
100
AcDbEntity
  8
0
  6
Continuous
 62
     7
370
    25
100
AcDbLine
 10
2.6694566929
 20
-0.1460433072
 30
0.0
 11
2.6694566929
 21
-0.1610433073
 31
0.0
  0
LINE
  5
1FAF
330
1F
100
AcDbEntity
  8
0
  6
Continuous
 62
     7
370
    25
100
AcDbLine
 10
2.6694566929
 20
-0.0960433066
 30
0.0
 11
2.6694566929
 21
-0.1110433067
 31
0.0
  0
LINE
  5
1FB0
330
1F
100
AcDbEntity
  8
0
  6
Continuous
 62
     7
370
    25
100
AcDbLine
 10
2.6694566929
 20
-0.0460433071
 30
0.0
 11
2.6694566929
 21
-0.0610433071
 31
0.0
  0
LINE
  5
1FB1
330
1F
100
AcDbEntity
  8
0
  6
Continuous
 62
     7
370
    25
100
AcDbLine
 10
2.6694566929
 20
0.0039566925
 30
0.0
 11
2.6694566929
 21
-0.0110433076
 31
0.0
  0
LINE
  5
1FB2
330
1F
100
AcDbEntity
  8
0
  6
Continuous
 62
     7
370
    25
100
AcDbLine
 10
2.6694566929
 20
0.0539566931
 30
0.0
 11
2.6694566929
 21
0.038956693
 31
0.0
  0
LINE
  5
1FB3
330
1F
100
AcDbEntity
  8
0
  6
Continuous
 62
     7
370
    25
100
AcDbLine
 10
2.6694566929
 20
0.1039566927
 30
0.0
 11
2.6694566929
 21
0.0889566926
 31
0.0
  0
LINE
  5
1FB4
330
1F
100
AcDbEntity
  8
0
  6
Continuous
 62
     7
370
    25
100
AcDbLine
 10
2.6694566929
 20
0.1539566933
 30
0.0
 11
2.6694566929
 21
0.1389566932
 31
0.0
  0
LINE
  5
1FB5
330
1F
100
AcDbEntity
  8
0
  6
Continuous
 62
     7
370
    25
100
AcDbLine
 10
2.6694566929
 20
0.2039566928
 30
0.0
 11
2.6694566929
 21
0.1889566928
 31
0.0
  0
LINE
  5
1FB6
330
1F
100
AcDbEntity
  8
0
  6
Continuous
 62
     7
370
    25
100
AcDbLine
 10
2.6694566929
 20
0.2539566924
 30
0.0
 11
2.6694566929
 21
0.2389566934
 31
0.0
  0
LINE
  5
1FB7
330
1F
100
AcDbEntity
  8
0
  6
Continuous
 62
     7
370
    25
100
AcDbLine
 10
2.6694566929
 20
0.303956693
 30
0.0
 11
2.6694566929
 21
0.2889566929
 31
0.0
  0
LINE
  5
1FB8
330
1F
100
AcDbEntity
  8
0
  6
Continuous
 62
     7
370
    25
100
AcDbLine
 10
2.6694566929
 20
0.3539566926
 30
0.0
 11
2.6694566929
 21
0.3389566925
 31
0.0
  0
LINE
  5
1FB9
330
1F
100
AcDbEntity
  8
0
  6
Continuous
 62
     7
370
    25
100
AcDbLine
 10
2.6694566929
 20
0.4039566932
 30
0.0
 11
2.6694566929
 21
0.3889566931
 31
0.0
  0
LINE
  5
1FBA
330
1F
100
AcDbEntity
  8
0
  6
Continuous
 62
     7
370
    25
100
AcDbLine
 10
2.6694566929
 20
0.4539566928
 30
0.0
 11
2.6694566929
 21
0.4389566927
 31
0.0
  0
LINE
  5
1FBB
330
1F
100
AcDbEntity
  8
0
  6
Continuous
 62
     7
370
    25
100
AcDbLine
 10
2.6694566929
 20
0.5039566934
 30
0.0
 11
2.6694566929
 21
0.4889566933
 31
0.0
  0
LINE
  5
1FBC
330
1F
100
AcDbEntity
  8
0
  6
Continuous
 62
     7
370
    25
100
AcDbLine
 10
2.6694566929
 20
0.5539566929
 30
0.0
 11
2.6694566929
 21
0.5389566928
 31
0.0
  0
LINE
  5
1FBD
330
1F
100
AcDbEntity
  8
0
  6
Continuous
 62
     7
370
    25
100
AcDbLine
 10
2.6694566929
 20
1.0539566928
 30
0.0
 11
2.6694566929
 21
1.0389566932
 31
0.0
  0
LINE
  5
1FBE
330
1F
100
AcDbEntity
  8
0
  6
Continuous
 62
     7
370
    25
100
AcDbLine
 10
2.6694566929
 20
1.1039566933
 30
0.0
 11
2.6694566929
 21
1.0889566928
 31
0.0
  0
LINE
  5
1FBF
330
1F
100
AcDbEntity
  8
0
  6
Continuous
 62
     7
370
    25
100
AcDbLine
 10
2.6694566929
 20
1.1539566929
 30
0.0
 11
2.6694566929
 21
1.1389566932
 31
0.0
  0
LINE
  5
1FC0
330
1F
100
AcDbEntity
  8
0
  6
Continuous
 62
     7
370
    25
100
AcDbLine
 10
2.6694566929
 20
1.2039566933
 30
0.0
 11
2.6694566929
 21
1.1889566928
 31
0.0
  0
LINE
  5
1FC1
330
1F
100
AcDbEntity
  8
0
  6
Continuous
 62
     7
370
    25
100
AcDbLine
 10
2.6694566929
 20
1.2539566929
 30
0.0
 11
2.6694566929
 21
1.2389566933
 31
0.0
  0
LINE
  5
1FC2
330
1F
100
AcDbEntity
  8
0
  6
Continuous
 62
     7
370
    25
100
AcDbLine
 10
2.6694566929
 20
1.3039566933
 30
0.0
 11
2.6694566929
 21
1.2889566929
 31
0.0
  0
LINE
  5
1FC3
330
1F
100
AcDbEntity
  8
0
  6
Continuous
 62
     7
370
    25
100
AcDbLine
 10
2.6694566929
 20
1.3539566929
 30
0.0
 11
2.6694566929
 21
1.3389566933
 31
0.0
  0
LINE
  5
1FC4
330
1F
100
AcDbEntity
  8
0
  6
Continuous
 62
     7
370
    25
100
AcDbLine
 10
2.6694566929
 20
1.4039566925
 30
0.0
 11
2.6694566929
 21
1.3889566929
 31
0.0
  0
LINE
  5
1FC5
330
1F
100
AcDbEntity
  8
0
  6
Continuous
 62
     7
370
    25
100
AcDbLine
 10
2.6694566929
 20
1.4539566929
 30
0.0
 11
2.6694566929
 21
1.4389566933
 31
0.0
  0
LINE
  5
1FC6
330
1F
100
AcDbEntity
  8
0
  6
Continuous
 62
     7
370
    25
100
AcDbLine
 10
2.6694566929
 20
1.5039566925
 30
0.0
 11
2.6694566929
 21
1.4889566929
 31
0.0
  0
LINE
  5
1FC7
330
1F
100
AcDbEntity
  8
0
  6
Continuous
 62
     7
370
    25
100
AcDbLine
 10
2.6694566929
 20
1.553956693
 30
0.0
 11
2.6694566929
 21
1.5389566925
 31
0.0
  0
LINE
  5
1FC8
330
1F
100
AcDbEntity
  8
0
  6
Continuous
 62
     7
370
    25
100
AcDbLine
 10
2.6694566929
 20
1.6039566926
 30
0.0
 11
2.6694566929
 21
1.5889566929
 31
0.0
  0
LINE
  5
1FC9
330
1F
100
AcDbEntity
  8
0
  6
Continuous
 62
     7
370
    25
100
AcDbLine
 10
2.6694566929
 20
1.653956693
 30
0.0
 11
2.6694566929
 21
1.6389566925
 31
0.0
  0
LINE
  5
1FCA
330
1F
100
AcDbEntity
  8
0
  6
Continuous
 62
     7
370
    25
100
AcDbLine
 10
2.6694566929
 20
1.7039566926
 30
0.0
 11
2.6694566929
 21
1.688956693
 31
0.0
  0
LINE
  5
1FCB
330
1F
100
AcDbEntity
  8
0
  6
Continuous
 62
     7
370
    25
100
AcDbLine
 10
2.6694566929
 20
1.753956693
 30
0.0
 11
2.6694566929
 21
1.7389566926
 31
0.0
  0
LINE
  5
1FCC
330
1F
100
AcDbEntity
  8
0
  6
Continuous
 62
     7
370
    25
100
AcDbLine
 10
2.6694566929
 20
1.8039566926
 30
0.0
 11
2.6694566929
 21
1.788956693
 31
0.0
  0
LINE
  5
1FCD
330
1F
100
AcDbEntity
  8
0
  6
Continuous
 62
     7
370
    25
100
AcDbLine
 10
2.6694566929
 20
1.8539566931
 30
0.0
 11
2.6694566929
 21
1.8389566926
 31
0.0
  0
LINE
  5
1FCE
330
1F
100
AcDbEntity
  8
0
  6
Continuous
 62
     7
370
    25
100
AcDbLine
 10
2.6694566929
 20
1.9039566926
 30
0.0
 11
2.6694566929
 21
1.888956693
 31
0.0
  0
LINE
  5
1FCF
330
1F
100
AcDbEntity
  8
0
  6
Continuous
 62
     7
370
    25
100
AcDbLine
 10
2.6694566929
 20
1.9539566931
 30
0.0
 11
2.6694566929
 21
1.9389566926
 31
0.0
  0
LINE
  5
1FD0
330
1F
100
AcDbEntity
  8
0
  6
Continuous
 62
     7
370
    25
100
AcDbLine
 10
2.6694566929
 20
2.0039566927
 30
0.0
 11
2.6694566929
 21
1.9889566931
 31
0.0
  0
LINE
  5
1FD1
330
1F
100
AcDbEntity
  8
0
  6
Continuous
 62
     7
370
    25
100
AcDbLine
 10
2.6694566929
 20
2.0539566931
 30
0.0
 11
2.6694566929
 21
2.0389566926
 31
0.0
  0
LINE
  5
1FD2
330
1F
100
AcDbEntity
  8
0
  6
Continuous
 62
     7
370
    25
100
AcDbLine
 10
2.6694566929
 20
2.1039566927
 30
0.0
 11
2.6694566929
 21
2.0889566931
 31
0.0
  0
LINE
  5
1FD3
330
1F
100
AcDbEntity
  8
0
  6
Continuous
 62
     7
370
    25
100
AcDbLine
 10
2.6694566929
 20
2.1539566932
 30
0.0
 11
2.6694566929
 21
2.1389566927
 31
0.0
  0
LINE
  5
1FD4
330
1F
100
AcDbEntity
  8
0
  6
Continuous
 62
     7
370
    25
100
AcDbLine
 10
2.6694566929
 20
2.2039566927
 30
0.0
 11
2.6694566929
 21
2.1889566931
 31
0.0
  0
LINE
  5
1FD5
330
1F
100
AcDbEntity
  8
0
  6
Continuous
 62
     7
370
    25
100
AcDbLine
 10
2.6694566929
 20
2.2539566932
 30
0.0
 11
2.6694566929
 21
2.2389566927
 31
0.0
  0
LINE
  5
1FD6
330
1F
100
AcDbEntity
  8
0
  6
Continuous
 62
     7
370
    25
100
AcDbLine
 10
2.6694566929
 20
2.3039566928
 30
0.0
 11
2.6694566929
 21
2.2889566932
 31
0.0
  0
LINE
  5
1FD7
330
1F
100
AcDbEntity
  8
0
  6
Continuous
 62
     7
370
    25
100
AcDbLine
 10
2.6694566929
 20
2.3539566932
 30
0.0
 11
2.6694566929
 21
2.3389566927
 31
0.0
  0
LINE
  5
1FD8
330
1F
100
AcDbEntity
  8
0
  6
Continuous
 62
     7
370
    25
100
AcDbLine
 10
2.6694566929
 20
2.4039566928
 30
0.0
 11
2.6694566929
 21
2.3889566932
 31
0.0
  0
LINE
  5
1FD9
330
1F
100
AcDbEntity
  8
0
  6
Continuous
 62
     7
370
    25
100
AcDbLine
 10
2.6694566929
 20
2.4539566932
 30
0.0
 11
2.6694566929
 21
2.4389566928
 31
0.0
  0
LINE
  5
1FDA
330
1F
100
AcDbEntity
  8
0
  6
Continuous
 62
     7
370
    25
100
AcDbLine
 10
2.6694566929
 20
2.5039566928
 30
0.0
 11
2.6694566929
 21
2.4889566932
 31
0.0
  0
LINE
  5
1FDB
330
1F
100
AcDbEntity
  8
0
  6
Continuous
 62
     7
370
    25
100
AcDbLine
 10
2.6694566929
 20
2.5539566933
 30
0.0
 11
2.6694566929
 21
2.5389566928
 31
0.0
  0
LINE
  5
1FDC
330
1F
100
AcDbEntity
  8
0
  6
Continuous
 62
     7
370
    25
100
AcDbLine
 10
2.6694566929
 20
2.6039566929
 30
0.0
 11
2.6694566929
 21
2.5889566932
 31
0.0
  0
LINE
  5
1FDD
330
1F
100
AcDbEntity
  8
0
  6
Continuous
 62
     7
370
    25
100
AcDbLine
 10
2.6694566929
 20
2.6539566933
 30
0.0
 11
2.6694566929
 21
2.6389566928
 31
0.0
  0
LINE
  5
1FDE
330
1F
100
AcDbEntity
  8
0
  6
Continuous
 62
     7
370
    25
100
AcDbLine
 10
2.6694566929
 20
2.7039566929
 30
0.0
 11
2.6694566929
 21
2.6889566933
 31
0.0
  0
LINE
  5
1FDF
330
1F
100
AcDbEntity
  8
0
  6
Continuous
 62
     7
370
    25
100
AcDbLine
 10
2.6694566929
 20
2.7539566933
 30
0.0
 11
2.6694566929
 21
2.7389566929
 31
0.0
  0
LINE
  5
1FE0
330
1F
100
AcDbEntity
  8
0
  6
Continuous
 62
     7
370
    25
100
AcDbLine
 10
2.6694566929
 20
2.8039566929
 30
0.0
 11
2.6694566929
 21
2.7889566933
 31
0.0
  0
LINE
  5
1FE1
330
1F
100
AcDbEntity
  8
0
  6
Continuous
 62
     7
370
    25
100
AcDbLine
 10
2.7334566929
 20
2.7889566933
 30
0.0
 11
2.7334566929
 21
2.8039566929
 31
0.0
  0
LINE
  5
1FE2
330
1F
100
AcDbEntity
  8
0
  6
Continuous
 62
     7
370
    25
100
AcDbLine
 10
2.7334566929
 20
2.7389566929
 30
0.0
 11
2.7334566929
 21
2.7539566933
 31
0.0
  0
LINE
  5
1FE3
330
1F
100
AcDbEntity
  8
0
  6
Continuous
 62
     7
370
    25
100
AcDbLine
 10
2.7334566929
 20
2.6889566933
 30
0.0
 11
2.7334566929
 21
2.7039566929
 31
0.0
  0
LINE
  5
1FE4
330
1F
100
AcDbEntity
  8
0
  6
Continuous
 62
     7
370
    25
100
AcDbLine
 10
2.7334566929
 20
2.6389566928
 30
0.0
 11
2.7334566929
 21
2.6539566933
 31
0.0
  0
LINE
  5
1FE5
330
1F
100
AcDbEntity
  8
0
  6
Continuous
 62
     7
370
    25
100
AcDbLine
 10
2.7334566929
 20
2.5889566932
 30
0.0
 11
2.7334566929
 21
2.6039566929
 31
0.0
  0
LINE
  5
1FE6
330
1F
100
AcDbEntity
  8
0
  6
Continuous
 62
     7
370
    25
100
AcDbLine
 10
2.7334566929
 20
2.5389566928
 30
0.0
 11
2.7334566929
 21
2.5539566933
 31
0.0
  0
LINE
  5
1FE7
330
1F
100
AcDbEntity
  8
0
  6
Continuous
 62
     7
370
    25
100
AcDbLine
 10
2.7334566929
 20
2.4889566932
 30
0.0
 11
2.7334566929
 21
2.5039566928
 31
0.0
  0
LINE
  5
1FE8
330
1F
100
AcDbEntity
  8
0
  6
Continuous
 62
     7
370
    25
100
AcDbLine
 10
2.7334566929
 20
2.4389566928
 30
0.0
 11
2.7334566929
 21
2.4539566932
 31
0.0
  0
LINE
  5
1FE9
330
1F
100
AcDbEntity
  8
0
  6
Continuous
 62
     7
370
    25
100
AcDbLine
 10
2.7334566929
 20
2.3889566932
 30
0.0
 11
2.7334566929
 21
2.4039566928
 31
0.0
  0
LINE
  5
1FEA
330
1F
100
AcDbEntity
  8
0
  6
Continuous
 62
     7
370
    25
100
AcDbLine
 10
2.7334566929
 20
2.3389566927
 30
0.0
 11
2.7334566929
 21
2.3539566932
 31
0.0
  0
LINE
  5
1FEB
330
1F
100
AcDbEntity
  8
0
  6
Continuous
 62
     7
370
    25
100
AcDbLine
 10
2.7334566929
 20
2.2889566932
 30
0.0
 11
2.7334566929
 21
2.3039566928
 31
0.0
  0
LINE
  5
1FEC
330
1F
100
AcDbEntity
  8
0
  6
Continuous
 62
     7
370
    25
100
AcDbLine
 10
2.7334566929
 20
2.2389566927
 30
0.0
 11
2.7334566929
 21
2.2539566932
 31
0.0
  0
LINE
  5
1FED
330
1F
100
AcDbEntity
  8
0
  6
Continuous
 62
     7
370
    25
100
AcDbLine
 10
2.7334566929
 20
2.1889566931
 30
0.0
 11
2.7334566929
 21
2.2039566927
 31
0.0
  0
LINE
  5
1FEE
330
1F
100
AcDbEntity
  8
0
  6
Continuous
 62
     7
370
    25
100
AcDbLine
 10
2.7334566929
 20
2.1389566927
 30
0.0
 11
2.7334566929
 21
2.1539566932
 31
0.0
  0
LINE
  5
1FEF
330
1F
100
AcDbEntity
  8
0
  6
Continuous
 62
     7
370
    25
100
AcDbLine
 10
2.7334566929
 20
2.0889566931
 30
0.0
 11
2.7334566929
 21
2.1039566927
 31
0.0
  0
LINE
  5
1FF0
330
1F
100
AcDbEntity
  8
0
  6
Continuous
 62
     7
370
    25
100
AcDbLine
 10
2.7334566929
 20
2.0389566926
 30
0.0
 11
2.7334566929
 21
2.0539566931
 31
0.0
  0
LINE
  5
1FF1
330
1F
100
AcDbEntity
  8
0
  6
Continuous
 62
     7
370
    25
100
AcDbLine
 10
2.7334566929
 20
1.9889566931
 30
0.0
 11
2.7334566929
 21
2.0039566927
 31
0.0
  0
LINE
  5
1FF2
330
1F
100
AcDbEntity
  8
0
  6
Continuous
 62
     7
370
    25
100
AcDbLine
 10
2.7334566929
 20
1.9389566926
 30
0.0
 11
2.7334566929
 21
1.9539566931
 31
0.0
  0
LINE
  5
1FF3
330
1F
100
AcDbEntity
  8
0
  6
Continuous
 62
     7
370
    25
100
AcDbLine
 10
2.7334566929
 20
1.888956693
 30
0.0
 11
2.7334566929
 21
1.9039566926
 31
0.0
  0
LINE
  5
1FF4
330
1F
100
AcDbEntity
  8
0
  6
Continuous
 62
     7
370
    25
100
AcDbLine
 10
2.7334566929
 20
1.8389566926
 30
0.0
 11
2.7334566929
 21
1.8539566931
 31
0.0
  0
LINE
  5
1FF5
330
1F
100
AcDbEntity
  8
0
  6
Continuous
 62
     7
370
    25
100
AcDbLine
 10
2.7334566929
 20
1.788956693
 30
0.0
 11
2.7334566929
 21
1.8039566926
 31
0.0
  0
LINE
  5
1FF6
330
1F
100
AcDbEntity
  8
0
  6
Continuous
 62
     7
370
    25
100
AcDbLine
 10
2.7334566929
 20
1.7389566926
 30
0.0
 11
2.7334566929
 21
1.753956693
 31
0.0
  0
LINE
  5
1FF7
330
1F
100
AcDbEntity
  8
0
  6
Continuous
 62
     7
370
    25
100
AcDbLine
 10
2.7334566929
 20
1.688956693
 30
0.0
 11
2.7334566929
 21
1.7039566926
 31
0.0
  0
LINE
  5
1FF8
330
1F
100
AcDbEntity
  8
0
  6
Continuous
 62
     7
370
    25
100
AcDbLine
 10
2.7334566929
 20
1.6389566925
 30
0.0
 11
2.7334566929
 21
1.653956693
 31
0.0
  0
LINE
  5
1FF9
330
1F
100
AcDbEntity
  8
0
  6
Continuous
 62
     7
370
    25
100
AcDbLine
 10
2.7334566929
 20
1.5889566929
 30
0.0
 11
2.7334566929
 21
1.6039566926
 31
0.0
  0
LINE
  5
1FFA
330
1F
100
AcDbEntity
  8
0
  6
Continuous
 62
     7
370
    25
100
AcDbLine
 10
2.7334566929
 20
1.5389566925
 30
0.0
 11
2.7334566929
 21
1.553956693
 31
0.0
  0
LINE
  5
1FFB
330
1F
100
AcDbEntity
  8
0
  6
Continuous
 62
     7
370
    25
100
AcDbLine
 10
2.7334566929
 20
1.4889566929
 30
0.0
 11
2.7334566929
 21
1.5039566925
 31
0.0
  0
LINE
  5
1FFC
330
1F
100
AcDbEntity
  8
0
  6
Continuous
 62
     7
370
    25
100
AcDbLine
 10
2.7334566929
 20
1.4389566933
 30
0.0
 11
2.7334566929
 21
1.4539566929
 31
0.0
  0
LINE
  5
1FFD
330
1F
100
AcDbEntity
  8
0
  6
Continuous
 62
     7
370
    25
100
AcDbLine
 10
2.7334566929
 20
1.3889566929
 30
0.0
 11
2.7334566929
 21
1.4039566925
 31
0.0
  0
LINE
  5
1FFE
330
1F
100
AcDbEntity
  8
0
  6
Continuous
 62
     7
370
    25
100
AcDbLine
 10
2.7334566929
 20
1.3389566933
 30
0.0
 11
2.7334566929
 21
1.3539566929
 31
0.0
  0
LINE
  5
1FFF
330
1F
100
AcDbEntity
  8
0
  6
Continuous
 62
     7
370
    25
100
AcDbLine
 10
2.7334566929
 20
1.2889566929
 30
0.0
 11
2.7334566929
 21
1.3039566933
 31
0.0
  0
LINE
  5
2000
330
1F
100
AcDbEntity
  8
0
  6
Continuous
 62
     7
370
    25
100
AcDbLine
 10
2.7334566929
 20
1.2389566933
 30
0.0
 11
2.7334566929
 21
1.2539566929
 31
0.0
  0
LINE
  5
2001
330
1F
100
AcDbEntity
  8
0
  6
Continuous
 62
     7
370
    25
100
AcDbLine
 10
2.7334566929
 20
1.1889566928
 30
0.0
 11
2.7334566929
 21
1.2039566933
 31
0.0
  0
LINE
  5
2002
330
1F
100
AcDbEntity
  8
0
  6
Continuous
 62
     7
370
    25
100
AcDbLine
 10
2.7334566929
 20
1.1389566932
 30
0.0
 11
2.7334566929
 21
1.1539566929
 31
0.0
  0
LINE
  5
2003
330
1F
100
AcDbEntity
  8
0
  6
Continuous
 62
     7
370
    25
100
AcDbLine
 10
2.7334566929
 20
1.0889566928
 30
0.0
 11
2.7334566929
 21
1.1039566933
 31
0.0
  0
LINE
  5
2004
330
1F
100
AcDbEntity
  8
0
  6
Continuous
 62
     7
370
    25
100
AcDbLine
 10
2.7334566929
 20
1.0389566932
 30
0.0
 11
2.7334566929
 21
1.0539566928
 31
0.0
  0
LINE
  5
2005
330
1F
100
AcDbEntity
  8
0
  6
Continuous
 62
     7
370
    25
100
AcDbLine
 10
2.7334566929
 20
0.9889566928
 30
0.0
 11
2.7334566929
 21
1.0039566932
 31
0.0
  0
LINE
  5
2006
330
1F
100
AcDbEntity
  8
0
  6
Continuous
 62
     7
370
    25
100
AcDbLine
 10
2.7334566929
 20
0.9389566932
 30
0.0
 11
2.7334566929
 21
0.9539566928
 31
0.0
  0
LINE
  5
2007
330
1F
100
AcDbEntity
  8
0
  6
Continuous
 62
     7
370
    25
100
AcDbLine
 10
2.7334566929
 20
0.8889566927
 30
0.0
 11
2.7334566929
 21
0.9039566932
 31
0.0
  0
LINE
  5
2008
330
1F
100
AcDbEntity
  8
0
  6
Continuous
 62
     7
370
    25
100
AcDbLine
 10
2.7334566929
 20
0.8389566929
 30
0.0
 11
2.7334566929
 21
0.8539566929
 31
0.0
  0
LINE
  5
2009
330
1F
100
AcDbEntity
  8
0
  6
Continuous
 62
     7
370
    25
100
AcDbLine
 10
2.6694566929
 20
0.8539566928
 30
0.0
 11
2.6694566929
 21
0.8389566929
 31
0.0
  0
LINE
  5
200A
330
1F
100
AcDbEntity
  8
0
  6
Continuous
 62
     7
370
    25
100
AcDbLine
 10
2.6694566929
 20
0.9039566932
 30
0.0
 11
2.6694566929
 21
0.8889566927
 31
0.0
  0
LINE
  5
200B
330
1F
100
AcDbEntity
  8
0
  6
Continuous
 62
     7
370
    25
100
AcDbLine
 10
2.6694566929
 20
0.9539566928
 30
0.0
 11
2.6694566929
 21
0.9389566932
 31
0.0
  0
LINE
  5
200C
330
1F
100
AcDbEntity
  8
0
  6
Continuous
 62
     7
370
    25
100
AcDbLine
 10
2.6694566929
 20
1.0039566932
 30
0.0
 11
2.6694566929
 21
0.9889566928
 31
0.0
  0
ENDSEC
  0
SECTION
  2
OBJECTS
  0
DICTIONARY
  5
C
330
0
100
AcDbDictionary
281
     1
  3
ACAD_GROUP
350
D
  3
ACAD_LAYOUT
350
1A
  3
ACAD_MLINESTYLE
350
17
  3
ACAD_PLOTSETTINGS
350
19
  3
ACAD_PLOTSTYLENAME
350
E
  3
ACAD_SCALELIST
350
47
  3
DWGPROPS
350
200D
  0
DICTIONARY
  5
D
102
{ACAD_REACTORS
330
C
102
}
330
C
100
AcDbDictionary
281
     1
  0
DICTIONARY
  5
1A
102
{ACAD_REACTORS
330
C
102
}
330
C
100
AcDbDictionary
281
     1
  3
Layout1
350
1E
  3
Layout2
350
26
  3
Model
350
22
  0
DICTIONARY
  5
17
102
{ACAD_REACTORS
330
C
102
}
330
C
100
AcDbDictionary
281
     1
  3
Standard
350
18
  0
DICTIONARY
  5
19
102
{ACAD_REACTORS
330
C
102
}
330
C
100
AcDbDictionary
281
     1
  0
ACDBDICTIONARYWDFLT
  5
E
102
{ACAD_REACTORS
330
C
102
}
330
C
100
AcDbDictionary
281
     1
  3
Normal
350
F
100
AcDbDictionaryWithDefault
340
F
  0
DICTIONARY
  5
47
102
{ACAD_REACTORS
330
C
102
}
330
C
100
AcDbDictionary
281
     1
  3
A0
350
48
  3
A1
350
49
  3
A2
350
4A
  3
A3
350
4B
  3
A4
350
4C
  3
A5
350
4D
  3
A6
350
4E
  3
A7
350
4F
  3
A8
350
50
  3
A9
350
51
  3
B1
350
52
  3
B2
350
53
  3
B3
350
54
  3
B4
350
55
  3
B5
350
56
  3
B6
350
57
  3
B7
350
58
  0
XRECORD
  5
200D
102
{ACAD_REACTORS
330
C
102
}
330
C
100
AcDbXrecord
280
     1
  1
DWGPROPS COOKIE
  2

  3

  4

  6

  7

  8
GJUKWIDH1
  9

300
=
301
=
302
=
303
=
304
=
305
=
306
=
307
=
308
=
309
=
 40
0.0
 41
2460647.753038357
 42
2460647.75309897
  1

 90
        0
  0
LAYOUT
  5
1E
102
{ACAD_REACTORS
330
1A
102
}
330
1A
100
AcDbPlotSettings
  1

  2
none_device
  4

  6

 40
0.0
 41
0.0
 42
0.0
 43
0.0
 44
0.0
 45
0.0
 46
0.0
 47
0.0
 48
0.0
 49
0.0
140
0.0
141
0.0
142
1.0
143
1.0
 70
   688
 72
     0
 73
     0
 74
     5
  7

 75
    16
147
1.0
148
0.0
149
0.0
100
AcDbLayout
  1
Layout1
 70
     1
 71
     1
 10
0.0
 20
0.0
 11
12.0
 21
9.0
 12
0.0
 22
0.0
 32
0.0
 14
1.0000000000E+20
 24
1.0000000000E+20
 34
1.0000000000E+20
 15
-1.0000000000E+20
 25
-1.0000000000E+20
 35
-1.0000000000E+20
146
0.0
 13
0.0
 23
0.0
 33
0.0
 16
1.0
 26
0.0
 36
0.0
 17
0.0
 27
1.0
 37
0.0
 76
     0
330
1B
  0
LAYOUT
  5
26
102
{ACAD_REACTORS
330
1A
102
}
330
1A
100
AcDbPlotSettings
  1

  2
none_device
  4

  6

 40
0.0
 41
0.0
 42
0.0
 43
0.0
 44
0.0
 45
0.0
 46
0.0
 47
0.0
 48
0.0
 49
0.0
140
0.0
141
0.0
142
1.0
143
1.0
 70
   688
 72
     0
 73
     0
 74
     5
  7

 75
    16
147
1.0
148
0.0
149
0.0
100
AcDbLayout
  1
Layout2
 70
     1
 71
     2
 10
0.0
 20
0.0
 11
0.0
 21
0.0
 12
0.0
 22
0.0
 32
0.0
 14
0.0
 24
0.0
 34
0.0
 15
0.0
 25
0.0
 35
0.0
146
0.0
 13
0.0
 23
0.0
 33
0.0
 16
1.0
 26
0.0
 36
0.0
 17
0.0
 27
1.0
 37
0.0
 76
     0
330
23
  0
LAYOUT
  5
22
102
{ACAD_REACTORS
330
1A
102
}
330
1A
100
AcDbPlotSettings
  1

  2
none_device
  4
ANSI_A_(11.00_x_8.50_Inches)
  6

 40
6.35
 41
19.05
 42
6.35000508
 43
19.05000254
 44
279.4
 45
215.9
 46
132.46988746
 47
88.89999873
 48
0.0
 49
0.0
140
0.0
141
0.0
142
1.2573
143
1.0
 70
  1696
 72
     0
 73
     0
 74
     0
  7

 75
     0
147
0.5913241897
148
-39.4088153714
149
0.0
100
AcDbLayout
  1
Model
 70
     1
 71
     0
 10
0.0
 20
0.0
 11
12.0
 21
9.0
 12
0.0
 22
0.0
 32
0.0
 14
-3.3464566929
 24
-3.3464566929
 34
0.0
 15
3.4015748031
 25
3.3464566929
 35
0.0
146
0.0
 13
0.0
 23
0.0
 33
0.0
 16
1.0
 26
0.0
 36
0.0
 17
0.0
 27
1.0
 37
0.0
 76
     0
330
1F
331
29
  0
MLINESTYLE
  5
18
102
{ACAD_REACTORS
330
17
102
}
330
17
100
AcDbMlineStyle
  2
Standard
 70
     0
  3

 62
   256
 51
90.0
 52
90.0
 71
     2
 49
0.5
 62
   256
  6
BYLAYER
 49
-0.5
 62
   256
  6
BYLAYER
  0
ACDBPLACEHOLDER
  5
F
102
{ACAD_REACTORS
330
E
102
}
330
E
  0
SCALE
  5
48
102
{ACAD_REACTORS
330
47
102
}
330
47
100
AcDbScale
 70
     0
300
1:1
140
1.0
141
1.0
290
     1
  0
SCALE
  5
49
102
{ACAD_REACTORS
330
47
102
}
330
47
100
AcDbScale
 70
     0
300
1/128" = 1'-0"
140
0.0078125
141
12.0
290
     0
  0
SCALE
  5
4A
102
{ACAD_REACTORS
330
47
102
}
330
47
100
AcDbScale
 70
     0
300
1/64" = 1'-0"
140
0.015625
141
12.0
290
     0
  0
SCALE
  5
4B
102
{ACAD_REACTORS
330
47
102
}
330
47
100
AcDbScale
 70
     0
300
1/32" = 1'-0"
140
0.03125
141
12.0
290
     0
  0
SCALE
  5
4C
102
{ACAD_REACTORS
330
47
102
}
330
47
100
AcDbScale
 70
     0
300
1/16" = 1'-0"
140
0.0625
141
12.0
290
     0
  0
SCALE
  5
4D
102
{ACAD_REACTORS
330
47
102
}
330
47
100
AcDbScale
 70
     0
300
3/32" = 1'-0"
140
0.09375
141
12.0
290
     0
  0
SCALE
  5
4E
102
{ACAD_REACTORS
330
47
102
}
330
47
100
AcDbScale
 70
     0
300
1/8" = 1'-0"
140
0.125
141
12.0
290
     0
  0
SCALE
  5
4F
102
{ACAD_REACTORS
330
47
102
}
330
47
100
AcDbScale
 70
     0
300
3/16" = 1'-0"
140
0.1875
141
12.0
290
     0
  0
SCALE
  5
50
102
{ACAD_REACTORS
330
47
102
}
330
47
100
AcDbScale
 70
     0
300
1/4" = 1'-0"
140
0.25
141
12.0
290
     0
  0
SCALE
  5
51
102
{ACAD_REACTORS
330
47
102
}
330
47
100
AcDbScale
 70
     0
300
3/8" = 1'-0"
140
0.375
141
12.0
290
     0
  0
SCALE
  5
52
102
{ACAD_REACTORS
330
47
102
}
330
47
100
AcDbScale
 70
     0
300
1/2" = 1'-0"
140
0.5
141
12.0
290
     0
  0
SCALE
  5
53
102
{ACAD_REACTORS
330
47
102
}
330
47
100
AcDbScale
 70
     0
300
3/4" = 1'-0"
140
0.75
141
12.0
290
     0
  0
SCALE
  5
54
102
{ACAD_REACTORS
330
47
102
}
330
47
100
AcDbScale
 70
     0
300
1" = 1'-0"
140
1.0
141
12.0
290
     0
  0
SCALE
  5
55
102
{ACAD_REACTORS
330
47
102
}
330
47
100
AcDbScale
 70
     0
300
1-1/2" = 1'-0"
140
1.5
141
12.0
290
     0
  0
SCALE
  5
56
102
{ACAD_REACTORS
330
47
102
}
330
47
100
AcDbScale
 70
     0
300
3" = 1'-0"
140
3.0
141
12.0
290
     0
  0
SCALE
  5
57
102
{ACAD_REACTORS
330
47
102
}
330
47
100
AcDbScale
 70
     0
300
6" = 1'-0"
140
6.0
141
12.0
290
     0
  0
SCALE
  5
58
102
{ACAD_REACTORS
330
47
102
}
330
47
100
AcDbScale
 70
     0
300
1'-0" = 1'-0"
140
12.0
141
12.0
290
     0
  0
ENDSEC
  0
EOF
